game_id,game_date,player_id,player_name,team_abbrev,opponent_abbrev,is_home,position_D,starts_at,availability,shot_context_history_games,shot_context_l5_games,shot_context_l5_sog_avg,shot_context_l5_sog_1plus_rate,shot_context_l5_sog_1plus_wilson_lower,shot_context_l5_sog_2plus_rate,shot_context_l5_sog_2plus_wilson_lower,shot_context_l5_sog_3plus_rate,shot_context_l5_sog_3plus_wilson_lower,shot_context_l5_sog_4plus_rate,shot_context_l5_sog_4plus_wilson_lower,shot_context_l5_toi_avg_seconds,shot_context_l5_sog_per60,shot_context_l5_goal_observed_games,shot_context_l5_goal_hit_rate,shot_context_l10_games,shot_context_l10_sog_avg,shot_context_l10_sog_1plus_rate,shot_context_l10_sog_1plus_wilson_lower,shot_context_l10_sog_2plus_rate,shot_context_l10_sog_2plus_wilson_lower,shot_context_l10_sog_3plus_rate,shot_context_l10_sog_3plus_wilson_lower,shot_context_l10_sog_4plus_rate,shot_context_l10_sog_4plus_wilson_lower,shot_context_l10_toi_avg_seconds,shot_context_l10_sog_per60,shot_context_l10_goal_observed_games,shot_context_l10_goal_hit_rate,shot_context_venue_available,shot_context_venue_l10_games,shot_context_venue_l10_sog_avg,shot_context_venue_l10_sog_1plus_rate,shot_context_venue_l10_sog_1plus_wilson_lower,shot_context_venue_l10_sog_2plus_rate,shot_context_venue_l10_sog_2plus_wilson_lower,shot_context_venue_l10_sog_3plus_rate,shot_context_venue_l10_sog_3plus_wilson_lower,shot_context_venue_l10_sog_4plus_rate,shot_context_venue_l10_sog_4plus_wilson_lower,shot_context_venue_l10_toi_avg_seconds,shot_context_venue_l10_sog_per60,shot_context_venue_l10_goal_observed_games,shot_context_venue_l10_goal_hit_rate,shot_context_opponent_available,shot_context_matchup_l10_games,shot_context_matchup_l10_sog_avg,shot_context_matchup_l10_sog_1plus_rate,shot_context_matchup_l10_sog_1plus_wilson_lower,shot_context_matchup_l10_sog_2plus_rate,shot_context_matchup_l10_sog_2plus_wilson_lower,shot_context_matchup_l10_sog_3plus_rate,shot_context_matchup_l10_sog_3plus_wilson_lower,shot_context_matchup_l10_sog_4plus_rate,shot_context_matchup_l10_sog_4plus_wilson_lower,shot_context_matchup_l10_toi_avg_seconds,shot_context_matchup_l10_sog_per60,shot_context_matchup_l10_goal_observed_games,shot_context_matchup_l10_goal_hit_rate,probability_goal,fair_decimal_odds,predicted_at,prediction_kind,status
2026020062,2026-10-08,8484144,Connor Bedard,CHI,NYI,0,0,2026-10-08T23:30:00Z,effectif actuel ; participation non confirmée,34,5,3.2,0.6,0.23071993220883702,0.6,0.23071993220883702,0.6,0.23071993220883702,0.4,0.11761823115925325,1259.6,9.14576055890759,5,0.0,10,3.0,0.7,0.3967732199795652,0.7,0.3967732199795652,0.6,0.3126695474501863,0.3,0.10778928748621182,1224.2,8.822087894134945,10,0.0,True,10,3.9,1.0,0.7224598312333834,1.0,0.7224598312333834,0.7,0.3967732199795652,0.5,0.2365895936154873,1241.7,11.30707900459048,10,0.3,True,1,4.0,1.0,0.20654329147389294,1.0,0.20654329147389294,1.0,0.20654329147389294,1.0,0.20654329147389294,1193.0,12.070410729253982,1,0.0,0.326682939952517,3.061071998878634,2026-10-08T23:21:15.963886+00:00,pregame,experimental
2026020062,2026-10-08,8485391,Anton Frondell,CHI,NYI,0,0,2026-10-08T23:30:00Z,effectif actuel ; participation non confirmée,16,5,1.4,1.0,0.565508505247919,0.2,0.036223160969787456,0.2,0.036223160969787456,0.0,-3.139202815737979e-17,1005.6,5.011933174224343,5,0.2,10,2.8,1.0,0.7224598312333834,0.5,0.2365895936154873,0.5,0.2365895936154873,0.4,0.16817758120350967,1069.0,9.429373246024321,10,0.2,True,10,2.1,1.0,0.7224598312333834,0.5,0.2365895936154873,0.4,0.16817758120350967,0.2,0.05668094798069332,1052.4,7.183580387685291,10,0.0,True,1,2.0,1.0,0.20654329147389294,1.0,0.20654329147389294,0.0,0.0,0.0,0.0,943.0,7.635206786850477,1,0.0,0.2790591509305706,3.583469657473437,2026-10-08T23:21:15.963886+00:00,pregame,experimental
2026020062,2026-10-08,8474141,Patrick Kane,CHI,NYI,0,0,2026-10-08T23:30:00Z,effectif actuel ; participation non confirmée,37,5,1.6,0.6,0.23071993220883702,0.6,0.23071993220883702,0.2,0.036223160969787456,0.2,0.036223160969787456,1188.0,4.848484848484849,5,0.2,10,1.9,0.8,0.49015684672072346,0.5,0.2365895936154873,0.3,0.10778928748621182,0.2,0.05668094798069332,1129.9,6.053633064872997,10,0.3,True,10,1.6,0.8,0.49015684672072346,0.6,0.3126695474501863,0.1,0.01787574951572113,0.1,0.01787574951572113,1153.4,4.993930986648171,10,0.3,True,0,,,,,,,,,,,,0,,0.2512899354604305,3.9794669777272698,2026-10-08T23:21:15.963886+00:00,pregame,experimental
2026020062,2026-10-08,8475170,Brayden Schenn,NYI,CHI,1,0,2026-10-08T23:30:00Z,effectif actuel ; participation non confirmée,35,5,2.2,1.0,0.565508505247919,0.6,0.23071993220883702,0.4,0.11761823115925325,0.2,0.036223160969787456,1022.0,7.749510763209393,5,0.2,10,1.6,0.8,0.49015684672072346,0.4,0.16817758120350967,0.3,0.10778928748621182,0.1,0.01787574951572113,1038.1,5.548598400924766,10,0.3,True,10,2.1,0.9,0.5958436145024278,0.5,0.2365895936154873,0.4,0.16817758120350967,0.2,0.05668094798069332,1057.7,7.1475843812045,10,0.4,True,1,2.0,1.0,0.20654329147389294,1.0,0.20654329147389294,0.0,0.0,0.0,0.0,1109.0,6.4923354373309285,1,0.0,0.2375151665315614,4.210257452620898,2026-10-08T23:21:15.963886+00:00,pregame,experimental
2026020062,2026-10-08,8483493,Frank Nazar,CHI,NYI,0,0,2026-10-08T23:30:00Z,effectif actuel ; participation non confirmée,37,5,1.6,0.6,0.23071993220883702,0.6,0.23071993220883702,0.4,0.11761823115925325,0.0,-3.139202815737979e-17,1113.4,5.173342913597988,5,0.2,10,1.6,0.6,0.3126695474501863,0.4,0.16817758120350967,0.3,0.10778928748621182,0.1,0.01787574951572113,1049.7,5.487282080594456,10,0.2,True,10,2.6,0.9,0.5958436145024278,0.6,0.3126695474501863,0.4,0.16817758120350967,0.2,0.05668094798069332,1103.7,8.480565371024735,10,0.3,True,1,1.0,1.0,0.20654329147389294,0.0,0.0,0.0,0.0,0.0,0.0,1003.0,3.5892323030907276,1,1.0,0.2123881021964603,4.708361672138272,2026-10-08T23:21:15.963886+00:00,pregame,experimental
2026020062,2026-10-08,8483450,Ryan Greene,CHI,NYI,0,0,2026-10-08T23:30:00Z,effectif actuel ; participation non confirmée,37,5,0.8,0.6,0.23071993220883702,0.2,0.036223160969787456,0.0,-3.139202815737979e-17,0.0,-3.139202815737979e-17,954.4,3.0176026823134956,5,0.2,10,1.2,0.7,0.3967732199795652,0.3,0.10778928748621182,0.1,0.01787574951572113,0.1,0.01787574951572113,937.9,4.606034758503038,10,0.3,True,10,0.6,0.4,0.16817758120350967,0.1,0.01787574951572113,0.1,0.01787574951572113,0.0,-2.0052288475052677e-17,997.0,2.1664994984954866,10,0.0,True,1,0.0,0.0,0.0,0.0,0.0,0.0,0.0,0.0,0.0,1109.0,0.0,1,0.0,0.2003218767920007,4.991966009974664,2026-10-08T23:21:15.963886+00:00,pregame,experimental
2026020062,2026-10-08,8476882,Teuvo Teravainen,CHI,NYI,0,0,2026-10-08T23:30:00Z,effectif actuel ; participation non confirmée,33,5,0.8,0.8,0.37552826411853885,0.0,-3.139202815737979e-17,0.0,-3.139202815737979e-17,0.0,-3.139202815737979e-17,836.0,3.444976076555024,5,0.0,10,1.2,0.9,0.5958436145024278,0.1,0.01787574951572113,0.1,0.01787574951572113,0.1,0.01787574951572113,979.7,4.409513116260079,10,0.1,True,10,1.0,0.7,0.3967732199795652,0.1,0.01787574951572113,0.1,0.01787574951572113,0.1,0.01787574951572113,945.1,3.8091207279652948,10,0.1,True,1,0.0,0.0,0.0,0.0,0.0,0.0,0.0,0.0,0.0,732.0,0.0,1,0.0,0.19206638139449347,5.206533245118294,2026-10-08T23:21:15.963886+00:00,pregame,experimental
2026020062,2026-10-08,8482476,Emil Heineman,NYI,CHI,1,0,2026-10-08T23:30:00Z,effectif actuel ; participation non confirmée,37,5,0.8,0.6,0.23071993220883702,0.2,0.036223160969787456,0.0,-3.139202815737979e-17,0.0,-3.139202815737979e-17,905.8,3.1795098255685583,5,0.2,10,0.9,0.6,0.3126695474501863,0.2,0.05668094798069332,0.1,0.01787574951572113,0.0,-2.0052288475052677e-17,892.3,3.6310657850498713,10,0.2,True,10,1.4,0.6,0.3126695474501863,0.4,0.16817758120350967,0.3,0.10778928748621182,0.1,0.01787574951572113,965.2,5.221715706589308,10,0.2,True,1,0.0,0.0,0.0,0.0,0.0,0.0,0.0,0.0,0.0,1047.0,0.0,1,0.0,0.18620939735258457,5.370298246046711,2026-10-08T23:21:15.963886+00:00,pregame,experimental
2026020062,2026-10-08,8477987,Ryan Donato,CHI,NYI,0,0,2026-10-08T23:30:00Z,effectif actuel ; participation non confirmée,38,5,1.8,0.8,0.37552826411853885,0.4,0.11761823115925325,0.2,0.036223160969787456,0.2,0.036223160969787456,715.8,9.052808046940486,5,0.2,10,2.0,0.7,0.3967732199795652,0.5,0.2365895936154873,0.3,0.10778928748621182,0.2,0.05668094798069332,822.6,8.752735229759299,10,0.2,True,10,1.5,0.8,0.49015684672072346,0.3,0.10778928748621182,0.1,0.01787574951572113,0.1,0.01787574951572113,812.1,6.649427410417436,10,0.2,True,1,0.0,0.0,0.0,0.0,0.0,0.0,0.0,0.0,0.0,951.0,0.0,1,0.0,0.18422588990580496,5.428118710737681,2026-10-08T23:21:15.963886+00:00,pregame,experimental
2026020062,2026-10-08,8477500,Bo Horvat,NYI,CHI,1,0,2026-10-08T23:30:00Z,effectif actuel ; participation non confirmée,35,5,3.0,1.0,0.565508505247919,1.0,0.565508505247919,0.6,0.23071993220883702,0.4,0.11761823115925325,1198.4,9.012016021361816,5,0.6,10,2.7,1.0,0.7224598312333834,0.9,0.5958436145024278,0.5,0.2365895936154873,0.3,0.10778928748621182,1241.2,7.831131163390268,10,0.3,True,10,3.6,1.0,0.7224598312333834,1.0,0.7224598312333834,0.7,0.3967732199795652,0.4,0.16817758120350967,1236.2,10.483740495065524,10,0.3,True,1,9.0,1.0,0.20654329147389294,1.0,0.20654329147389294,1.0,0.20654329147389294,1.0,0.20654329147389294,1323.0,24.489795918367346,1,0.0,0.18049165583249424,5.540422328044087,2026-10-08T23:21:15.963886+00:00,pregame,experimental
2026020062,2026-10-08,8484221,Calum Ritchie,NYI,CHI,1,0,2026-10-08T23:30:00Z,effectif actuel ; participation non confirmée,31,5,1.8,1.0,0.565508505247919,0.8,0.37552826411853885,0.0,-3.139202815737979e-17,0.0,-3.139202815737979e-17,951.6,6.809583858764187,5,0.2,10,1.7,0.9,0.5958436145024278,0.6,0.3126695474501863,0.1,0.01787574951572113,0.1,0.01787574951572113,969.1,6.315137756681457,10,0.3,True,10,1.5,0.7,0.3967732199795652,0.6,0.3126695474501863,0.1,0.01787574951572113,0.1,0.01787574951572113,960.2,5.623828369089773,10,0.3,True,1,2.0,1.0,0.20654329147389294,1.0,0.20654329147389294,0.0,0.0,0.0,0.0,1020.0,7.0588235294117645,1,1.0,0.1803272742757163,5.545472829978136,2026-10-08T23:21:15.963886+00:00,pregame,experimental
2026020062,2026-10-08,8476419,Jean-Gabriel Pageau,NYI,CHI,1,0,2026-10-08T23:30:00Z,effectif actuel ; participation non confirmée,37,5,0.8,0.6,0.23071993220883702,0.2,0.036223160969787456,0.0,-3.139202815737979e-17,0.0,-3.139202815737979e-17,899.0,3.203559510567297,5,0.0,10,1.1,0.8,0.49015684672072346,0.3,0.10778928748621182,0.0,-2.0052288475052677e-17,0.0,-2.0052288475052677e-17,957.1,4.137498693971372,10,0.2,True,10,1.2,0.7,0.3967732199795652,0.5,0.2365895936154873,0.0,-2.0052288475052677e-17,0.0,-2.0052288475052677e-17,973.4,4.438052188206287,10,0.2,True,1,2.0,1.0,0.20654329147389294,1.0,0.20654329147389294,0.0,0.0,0.0,0.0,904.0,7.964601769911504,1,0.0,0.17805547026893154,5.616227339096178,2026-10-08T23:21:15.963886+00:00,pregame,experimental
2026020062,2026-10-08,8477479,Tyler Bertuzzi,CHI,NYI,0,0,2026-10-08T23:30:00Z,effectif actuel ; participation non confirmée,38,5,0.8,0.6,0.23071993220883702,0.2,0.036223160969787456,0.0,-3.139202815737979e-17,0.0,-3.139202815737979e-17,1021.0,2.820763956904995,5,0.2,10,1.3,0.8,0.49015684672072346,0.3,0.10778928748621182,0.2,0.05668094798069332,0.0,-2.0052288475052677e-17,1097.4,4.2646254784035,10,0.2,True,10,1.6,0.7,0.3967732199795652,0.6,0.3126695474501863,0.3,0.10778928748621182,0.0,-2.0052288475052677e-17,1088.6,5.291199706044461,10,0.3,True,1,2.0,1.0,0.20654329147389294,1.0,0.20654329147389294,0.0,0.0,0.0,0.0,1155.0,6.233766233766234,1,1.0,0.16377680664129285,6.105870669405708,2026-10-08T23:21:15.963886+00:00,pregame,experimental
2026020062,2026-10-08,8478413,Jordan Greenway,CHI,NYI,0,0,2026-10-08T23:30:00Z,effectif actuel ; participation non confirmée,13,5,1.8,0.8,0.37552826411853885,0.4,0.11761823115925325,0.2,0.036223160969787456,0.2,0.036223160969787456,871.8,7.432897453544391,5,0.2,10,1.2,0.7,0.3967732199795652,0.2,0.05668094798069332,0.1,0.01787574951572113,0.1,0.01787574951572113,804.8,5.36779324055666,10,0.1,True,8,1.625,0.75,0.40926987910258916,0.375,0.13684175946152105,0.25,0.07147768885802765,0.125,0.02241690886329618,780.5,7.495195387572069,8,0.125,True,0,,,,,,,,,,,,0,,0.15661142051873084,6.385230379034837,2026-10-08T23:21:15.963886+00:00,pregame,experimental
2026020062,2026-10-08,8482062,Cole Smith,CHI,NYI,0,0,2026-10-08T23:30:00Z,effectif actuel ; participation non confirmée,38,5,0.6,0.6,0.23071993220883702,0.0,-3.139202815737979e-17,0.0,-3.139202815737979e-17,0.0,-3.139202815737979e-17,845.0,2.5562130177514795,5,0.2,10,0.9,0.7,0.3967732199795652,0.1,0.01787574951572113,0.1,0.01787574951572113,0.0,-2.0052288475052677e-17,758.9,4.2693371985768875,10,0.2,True,10,1.1,0.6,0.3126695474501863,0.2,0.05668094798069332,0.2,0.05668094798069332,0.1,0.01787574951572113,761.3,5.201628792854328,10,0.1,True,1,0.0,0.0,0.0,0.0,0.0,0.0,0.0,0.0,0.0,924.0,0.0,1,0.0,0.15648008108729222,6.390589735457455,2026-10-08T23:21:15.963886+00:00,pregame,experimental
2026020062,2026-10-08,8475231,Casey Cizikas,NYI,CHI,1,0,2026-10-08T23:30:00Z,effectif actuel ; participation non confirmée,36,5,1.2,0.6,0.23071993220883702,0.2,0.036223160969787456,0.2,0.036223160969787456,0.2,0.036223160969787456,729.8,5.919429980816662,5,0.4,10,1.6,0.6,0.3126695474501863,0.3,0.10778928748621182,0.3,0.10778928748621182,0.2,0.05668094798069332,758.6,7.5929343527550754,10,0.2,True,10,2.3,0.9,0.5958436145024278,0.5,0.2365895936154873,0.4,0.16817758120350967,0.3,0.10778928748621182,730.6,11.333150834930194,10,0.3,True,1,1.0,1.0,0.20654329147389294,0.0,0.0,0.0,0.0,0.0,0.0,665.0,5.413533834586466,1,0.0,0.15277828521462297,6.545432805422576,2026-10-08T23:21:15.963886+00:00,pregame,experimental
2026020062,2026-10-08,8481601,Simon Holmstrom,NYI,CHI,1,0,2026-10-08T23:30:00Z,effectif actuel ; participation non confirmée,35,5,0.8,0.8,0.37552826411853885,0.0,-3.139202815737979e-17,0.0,-3.139202815737979e-17,0.0,-3.139202815737979e-17,1019.8,2.8240831535595214,5,0.2,10,1.0,0.6,0.3126695474501863,0.2,0.05668094798069332,0.2,0.05668094798069332,0.0,-2.0052288475052677e-17,1027.4,3.5039906560249174,10,0.1,True,10,1.5,0.8,0.49015684672072346,0.4,0.16817758120350967,0.3,0.10778928748621182,0.0,-2.0052288475052677e-17,1012.8,5.331753554502369,10,0.3,True,1,2.0,1.0,0.20654329147389294,1.0,0.20654329147389294,0.0,0.0,0.0,0.0,896.0,8.035714285714286,1,1.0,0.15245571314717918,6.559281901325733,2026-10-08T23:21:15.963886+00:00,pregame,experimental
2026020062,2026-10-08,8481711,Matias Maccelli,NYI,CHI,1,0,2026-10-08T23:30:00Z,effectif actuel ; participation non confirmée,37,5,1.2,0.8,0.37552826411853885,0.4,0.11761823115925325,0.0,-3.139202815737979e-17,0.0,-3.139202815737979e-17,871.6,4.956402019274897,5,0.0,10,0.9,0.6,0.3126695474501863,0.3,0.10778928748621182,0.0,-2.0052288475052677e-17,0.0,-2.0052288475052677e-17,853.4,3.7965783923131005,10,0.0,True,10,0.9,0.6,0.3126695474501863,0.3,0.10778928748621182,0.0,-2.0052288475052677e-17,0.0,-2.0052288475052677e-17,861.8,3.759572986771873,10,0.2,True,0,,,,,,,,,,,,0,,0.1352405725406351,7.394230749056721,2026-10-08T23:21:15.963886+00:00,pregame,experimental
2026020062,2026-10-08,8476292,Ondrej Palat,NYI,CHI,1,0,2026-10-08T23:30:00Z,effectif actuel ; participation non confirmée,36,5,1.4,0.6,0.23071993220883702,0.4,0.11761823115925325,0.2,0.036223160969787456,0.2,0.036223160969787456,682.8,7.381370826010545,5,0.2,10,1.1,0.6,0.3126695474501863,0.3,0.10778928748621182,0.1,0.01787574951572113,0.1,0.01787574951572113,660.4,5.996365838885524,10,0.1,True,10,0.7,0.4,0.16817758120350967,0.1,0.01787574951572113,0.1,0.01787574951572113,0.1,0.01787574951572113,686.8,3.6691904484566105,10,0.1,True,1,1.0,1.0,0.20654329147389294,0.0,0.0,0.0,0.0,0.0,0.0,846.0,4.25531914893617,1,0.0,0.1245369668101483,8.02974430495373,2026-10-08T23:21:15.963886+00:00,pregame,experimental
2026020062,2026-10-08,8477407,Anthony Duclair,NYI,CHI,1,0,2026-10-08T23:30:00Z,effectif actuel ; participation non confirmée,20,5,1.2,0.4,0.11761823115925325,0.4,0.11761823115925325,0.2,0.036223160969787456,0.2,0.036223160969787456,740.2,5.836260470143205,5,0.0,10,1.0,0.5,0.2365895936154873,0.3,0.10778928748621182,0.1,0.01787574951572113,0.1,0.01787574951572113,717.5,5.017421602787456,10,0.0,True,8,0.875,0.625,0.3057378545838018,0.25,0.07147768885802765,0.0,0.0,0.0,0.0,733.625,4.293746805247912,8,0.0,True,0,,,,,,,,,,,,0,,0.12438682087808187,8.0394369189655,2026-10-08T23:21:15.963886+00:00,pregame,experimental
2026020062,2026-10-08,8485366,Matthew Schaefer,NYI,CHI,1,1,2026-10-08T23:30:00Z,effectif actuel ; participation non confirmée,37,5,3.2,1.0,0.565508505247919,1.0,0.565508505247919,0.6,0.23071993220883702,0.4,0.11761823115925325,1507.2,7.643312101910828,5,0.0,10,3.0,1.0,0.7224598312333834,0.9,0.5958436145024278,0.6,0.3126695474501863,0.4,0.16817758120350967,1565.6,6.8983137455288706,10,0.1,True,10,4.0,1.0,0.7224598312333834,1.0,0.7224598312333834,0.8,0.49015684672072346,0.6,0.3126695474501863,1559.9,9.231360984678505,10,0.1,True,1,8.0,1.0,0.20654329147389294,1.0,0.20654329147389294,1.0,0.20654329147389294,1.0,0.20654329147389294,1919.0,15.007816571130798,1,0.0,0.12159489636277597,8.2240293788032,2026-10-08T23:21:15.963886+00:00,pregame,experimental
2026020062,2026-10-08,8481237,Kyle MacLean,NYI,CHI,1,0,2026-10-08T23:30:00Z,effectif actuel ; participation non confirmée,27,5,0.6,0.6,0.23071993220883702,0.0,-3.139202815737979e-17,0.0,-3.139202815737979e-17,0.0,-3.139202815737979e-17,642.4,3.3623910336239105,5,0.0,10,0.7,0.6,0.3126695474501863,0.1,0.01787574951572113,0.0,-2.0052288475052677e-17,0.0,-2.0052288475052677e-17,618.1,4.077010192525481,10,0.0,True,10,0.6,0.5,0.2365895936154873,0.1,0.01787574951572113,0.0,-2.0052288475052677e-17,0.0,-2.0052288475052677e-17,614.4,3.515625,10,0.0,True,1,1.0,1.0,0.20654329147389294,0.0,0.0,0.0,0.0,0.0,0.0,448.0,8.035714285714286,1,0.0,0.11525004591439837,8.676786131111367,2026-10-08T23:21:15.963886+00:00,pregame,experimental
2026020062,2026-10-08,8484185,Nick Lardis,CHI,NYI,0,0,2026-10-08T23:30:00Z,effectif actuel ; participation non confirmée,28,5,0.8,0.6,0.23071993220883702,0.2,0.036223160969787456,0.0,-3.139202815737979e-17,0.0,-3.139202815737979e-17,640.2,4.498594189315839,5,0.2,10,1.2,0.7,0.3967732199795652,0.3,0.10778928748621182,0.2,0.05668094798069332,0.0,-2.0052288475052677e-17,755.3,5.719581623196081,10,0.1,True,10,1.7,0.8,0.49015684672072346,0.5,0.2365895936154873,0.3,0.10778928748621182,0.1,0.01787574951572113,755.7,8.098451766574037,10,0.3,True,1,1.0,1.0,0.20654329147389294,0.0,0.0,0.0,0.0,0.0,0.0,852.0,4.225352112676056,1,1.0,0.10851927207761666,9.214953075659833,2026-10-08T23:21:15.963886+00:00,pregame,experimental
2026020062,2026-10-08,8477950,Tony DeAngelo,NYI,CHI,1,1,2026-10-08T23:30:00Z,effectif actuel ; participation non confirmée,31,5,1.6,0.8,0.37552826411853885,0.4,0.11761823115925325,0.4,0.11761823115925325,0.0,-3.139202815737979e-17,1146.4,5.024424284717377,5,0.0,10,1.8,0.8,0.49015684672072346,0.5,0.2365895936154873,0.4,0.16817758120350967,0.1,0.01787574951572113,1111.8,5.828386400431732,10,0.0,True,10,1.7,0.9,0.5958436145024278,0.4,0.16817758120350967,0.3,0.10778928748621182,0.1,0.01787574951572113,1152.8,5.3088133240805,10,0.0,True,1,0.0,0.0,0.0,0.0,0.0,0.0,0.0,0.0,0.0,369.0,0.0,1,0.0,0.10461612125799355,9.558756222034868,2026-10-08T23:21:15.963886+00:00,pregame,experimental
2026020062,2026-10-08,8478233,Andrew Mangiapane,CHI,NYI,0,0,2026-10-08T23:30:00Z,effectif actuel ; participation non confirmée,20,5,0.4,0.4,0.11761823115925325,0.0,-3.139202815737979e-17,0.0,-3.139202815737979e-17,0.0,-3.139202815737979e-17,600.6,2.3976023976023977,5,0.0,10,0.8,0.6,0.3126695474501863,0.1,0.01787574951572113,0.1,0.01787574951572113,0.0,-2.0052288475052677e-17,692.6,4.15824429685244,10,0.1,True,10,1.0,0.6,0.3126695474501863,0.2,0.05668094798069332,0.2,0.05668094798069332,0.0,-2.0052288475052677e-17,649.1,5.546140810352796,10,0.1,True,0,,,,,,,,,,,,0,,0.10269592606431868,9.737484614274745,2026-10-08T23:21:15.963886+00:00,pregame,experimental
2026020062,2026-10-08,8484197,Oliver Moore,CHI,NYI,0,0,2026-10-08T23:30:00Z,effectif actuel ; participation non confirmée,19,5,1.0,0.6,0.23071993220883702,0.4,0.11761823115925325,0.0,-3.139202815737979e-17,0.0,-3.139202815737979e-17,587.4,6.128702757916241,5,0.2,10,1.1,0.6,0.3126695474501863,0.5,0.2365895936154873,0.0,-2.0052288475052677e-17,0.0,-2.0052288475052677e-17,655.2,6.043956043956044,10,0.1,True,10,0.9,0.5,0.2365895936154873,0.4,0.16817758120350967,0.0,-2.0052288475052677e-17,0.0,-2.0052288475052677e-17,683.6,4.7396138092451725,10,0.1,True,0,,,,,,,,,,,,0,,0.09991634169000496,10.008372835572242,2026-10-08T23:21:15.963886+00:00,pregame,experimental
2026020062,2026-10-08,8484783,Artyom Levshunov,CHI,NYI,0,1,2026-10-08T23:30:00Z,effectif actuel ; participation non confirmée,26,5,2.0,1.0,0.565508505247919,0.4,0.11761823115925325,0.2,0.036223160969787456,0.2,0.036223160969787456,1251.6,5.752636625119846,5,0.0,10,1.5,0.8,0.49015684672072346,0.4,0.16817758120350967,0.1,0.01787574951572113,0.1,0.01787574951572113,1296.1,4.166345189414397,10,0.0,True,10,1.2,0.6,0.3126695474501863,0.3,0.10778928748621182,0.1,0.01787574951572113,0.1,0.01787574951572113,1273.0,3.393558523173606,10,0.0,True,1,2.0,1.0,0.20654329147389294,1.0,0.20654329147389294,0.0,0.0,0.0,0.0,1392.0,5.172413793103448,1,0.0,0.09850857337611246,10.151400692627348,2026-10-08T23:21:15.963886+00:00,pregame,experimental
2026020062,2026-10-08,8481524,Bowen Byram,CHI,NYI,0,1,2026-10-08T23:30:00Z,effectif actuel ; participation non confirmée,38,5,0.6,0.4,0.11761823115925325,0.2,0.036223160969787456,0.0,-3.139202815737979e-17,0.0,-3.139202815737979e-17,1345.2,1.6057091882247994,5,0.0,10,0.7,0.5,0.2365895936154873,0.2,0.05668094798069332,0.0,-2.0052288475052677e-17,0.0,-2.0052288475052677e-17,1313.8,1.9181001674531892,10,0.0,True,10,1.0,0.7,0.3967732199795652,0.3,0.10778928748621182,0.0,-2.0052288475052677e-17,0.0,-2.0052288475052677e-17,1350.5,2.665679378008145,10,0.0,True,1,2.0,1.0,0.20654329147389294,1.0,0.20654329147389294,0.0,0.0,0.0,0.0,1278.0,5.633802816901408,1,0.0,0.08252271830967425,12.11787518010987,2026-10-08T23:21:15.963886+00:00,pregame,experimental
2026020062,2026-10-08,8482176,Wyatt Kaiser,CHI,NYI,0,1,2026-10-08T23:30:00Z,effectif actuel ; participation non confirmée,33,5,1.0,0.6,0.23071993220883702,0.4,0.11761823115925325,0.0,-3.139202815737979e-17,0.0,-3.139202815737979e-17,1234.0,2.9173419773095626,5,0.0,10,0.8,0.6,0.3126695474501863,0.2,0.05668094798069332,0.0,-2.0052288475052677e-17,0.0,-2.0052288475052677e-17,1241.6,2.3195876288659796,10,0.0,True,10,0.5,0.4,0.16817758120350967,0.1,0.01787574951572113,0.0,-2.0052288475052677e-17,0.0,-2.0052288475052677e-17,1259.1,1.4295925661186561,10,0.0,True,1,2.0,1.0,0.20654329147389294,1.0,0.20654329147389294,0.0,0.0,0.0,0.0,1186.0,6.070826306913997,1,0.0,0.07482939540848897,13.363732187612404,2026-10-08T23:21:15.963886+00:00,pregame,experimental
2026020062,2026-10-08,8483506,Sam Rinzel,CHI,NYI,0,1,2026-10-08T23:30:00Z,effectif actuel ; participation non confirmée,29,5,1.6,1.0,0.565508505247919,0.6,0.23071993220883702,0.0,-3.139202815737979e-17,0.0,-3.139202815737979e-17,1065.4,5.406420123897128,5,0.4,10,1.4,0.9,0.5958436145024278,0.5,0.2365895936154873,0.0,-2.0052288475052677e-17,0.0,-2.0052288475052677e-17,1120.9,4.496386832009992,10,0.2,True,10,1.5,0.9,0.5958436145024278,0.5,0.2365895936154873,0.1,0.01787574951572113,0.0,-2.0052288475052677e-17,1111.1,4.860048600486005,10,0.0,True,1,1.0,1.0,0.20654329147389294,0.0,0.0,0.0,0.0,0.0,0.0,1040.0,3.4615384615384617,1,0.0,0.07197813873016427,13.893107235640764,2026-10-08T23:21:15.963886+00:00,pregame,experimental
2026020062,2026-10-08,8481568,Alex Vlasic,CHI,NYI,0,1,2026-10-08T23:30:00Z,effectif actuel ; participation non confirmée,38,5,0.8,0.6,0.23071993220883702,0.2,0.036223160969787456,0.0,-3.139202815737979e-17,0.0,-3.139202815737979e-17,1248.0,2.3076923076923075,5,0.0,10,1.0,0.6,0.3126695474501863,0.3,0.10778928748621182,0.1,0.01787574951572113,0.0,-2.0052288475052677e-17,1211.0,2.972749793559042,10,0.0,True,10,0.7,0.5,0.2365895936154873,0.1,0.01787574951572113,0.1,0.01787574951572113,0.0,-2.0052288475052677e-17,1245.7,2.0229589788873725,10,0.0,True,1,3.0,1.0,0.20654329147389294,1.0,0.20654329147389294,1.0,0.20654329147389294,0.0,0.0,1511.0,7.1475843812045,1,0.0,0.06812185988480755,14.679575714623414,2026-10-08T23:21:15.963886+00:00,pregame,experimental
2026020062,2026-10-08,8479378,Logan Stanley,NYI,CHI,1,1,2026-10-08T23:30:00Z,effectif actuel ; participation non confirmée,33,5,1.0,0.6,0.23071993220883702,0.2,0.036223160969787456,0.2,0.036223160969787456,0.0,-3.139202815737979e-17,1074.0,3.35195530726257,5,0.0,10,1.3,0.8,0.49015684672072346,0.3,0.10778928748621182,0.2,0.05668094798069332,0.0,-2.0052288475052677e-17,955.1,4.900010470107842,10,0.0,True,10,1.0,0.8,0.49015684672072346,0.1,0.01787574951572113,0.1,0.01787574951572113,0.0,-2.0052288475052677e-17,901.6,3.992901508429459,10,0.0,True,1,3.0,1.0,0.20654329147389294,1.0,0.20654329147389294,1.0,0.20654329147389294,0.0,0.0,1604.0,6.733167082294265,1,0.0,0.05840649745199259,17.12138278488542,2026-10-08T23:21:15.963886+00:00,pregame,experimental
2026020062,2026-10-08,8476917,Adam Pelech,NYI,CHI,1,1,2026-10-08T23:30:00Z,effectif actuel ; participation non confirmée,37,5,0.6,0.2,0.036223160969787456,0.2,0.036223160969787456,0.2,0.036223160969787456,0.0,-3.139202815737979e-17,1172.0,1.8430034129692834,5,0.0,10,1.2,0.6,0.3126695474501863,0.3,0.10778928748621182,0.2,0.05668094798069332,0.1,0.01787574951572113,1181.9,3.6551315678145357,10,0.0,True,10,2.0,0.8,0.49015684672072346,0.4,0.16817758120350967,0.4,0.16817758120350967,0.3,0.10778928748621182,1204.3,5.978576766586399,10,0.0,True,1,5.0,1.0,0.20654329147389294,1.0,0.20654329147389294,1.0,0.20654329147389294,1.0,0.20654329147389294,1318.0,13.657056145675266,1,0.0,0.056847655734313586,17.5908748933053,2026-10-08T23:21:15.963886+00:00,pregame,experimental
2026020062,2026-10-08,8477506,Ryan Pulock,NYI,CHI,1,1,2026-10-08T23:30:00Z,effectif actuel ; participation non confirmée,31,5,0.6,0.4,0.11761823115925325,0.2,0.036223160969787456,0.0,-3.139202815737979e-17,0.0,-3.139202815737979e-17,1029.4,2.0983096949679423,5,0.0,10,0.9,0.5,0.2365895936154873,0.4,0.16817758120350967,0.0,-2.0052288475052677e-17,0.0,-2.0052288475052677e-17,1115.5,2.904527117884357,10,0.0,True,10,1.5,0.7,0.3967732199795652,0.5,0.2365895936154873,0.2,0.05668094798069332,0.1,0.01787574951572113,1198.2,4.506760140210315,10,0.0,True,0,,,,,,,,,,,,0,,0.05521327534356467,18.11158627662458,2026-10-08T23:21:15.963886+00:00,pregame,experimental
2026020062,2026-10-08,8482807,Ethan Del Mastro,CHI,NYI,0,1,2026-10-08T23:30:00Z,effectif actuel ; participation non confirmée,18,5,1.2,0.8,0.37552826411853885,0.2,0.036223160969787456,0.2,0.036223160969787456,0.0,-3.139202815737979e-17,914.6,4.723376339383337,5,0.0,10,0.9,0.6,0.3126695474501863,0.2,0.05668094798069332,0.1,0.01787574951572113,0.0,-2.0052288475052677e-17,928.7,3.4887477118552814,10,0.0,True,10,0.8,0.6,0.3126695474501863,0.2,0.05668094798069332,0.0,-2.0052288475052677e-17,0.0,-2.0052288475052677e-17,844.0,3.4123222748815167,10,0.0,True,1,2.0,1.0,0.20654329147389294,1.0,0.20654329147389294,0.0,0.0,0.0,0.0,686.0,10.495626822157435,1,0.0,0.053114944853855026,18.82709287850124,2026-10-08T23:21:15.963886+00:00,pregame,experimental
2026020062,2026-10-08,8482516,Matthew Kessel,NYI,CHI,1,1,2026-10-08T23:30:00Z,effectif actuel ; participation non confirmée,8,5,1.2,0.6,0.23071993220883702,0.4,0.11761823115925325,0.2,0.036223160969787456,0.0,-3.139202815737979e-17,862.6,5.008115001159286,5,0.0,8,1.125,0.625,0.3057378545838018,0.375,0.13684175946152105,0.125,0.02241690886329618,0.0,0.0,809.0,5.006180469715698,8,0.0,True,3,2.0,1.0,0.4384939195509822,0.6666666666666666,0.20765495512648788,0.3333333333333333,0.061490315276160515,0.0,0.0,793.3333333333334,9.07563025210084,3,0.0,True,0,,,,,,,,,,,,0,,0.051402597258428856,19.454269887812387,2026-10-08T23:21:15.963886+00:00,pregame,experimental
2026020062,2026-10-08,8474013,Ian Cole,CHI,NYI,0,1,2026-10-08T23:30:00Z,effectif actuel ; participation non confirmée,37,5,0.4,0.4,0.11761823115925325,0.0,-3.139202815737979e-17,0.0,-3.139202815737979e-17,0.0,-3.139202815737979e-17,1009.6,1.4263074484944533,5,0.0,10,0.7,0.7,0.3967732199795652,0.0,-2.0052288475052677e-17,0.0,-2.0052288475052677e-17,0.0,-2.0052288475052677e-17,1069.3,2.356681941457028,10,0.0,True,10,0.6,0.5,0.2365895936154873,0.1,0.01787574951572113,0.0,-2.0052288475052677e-17,0.0,-2.0052288475052677e-17,1065.4,2.027407546461423,10,0.0,True,0,,,,,,,,,,,,0,,0.0454224810715289,22.01553011657935,2026-10-08T23:21:15.963886+00:00,pregame,experimental
2026020062,2026-10-08,8483466,Kevin Korchinski,CHI,NYI,0,1,2026-10-08T23:30:00Z,effectif actuel ; participation non confirmée,12,5,0.8,0.6,0.23071993220883702,0.2,0.036223160969787456,0.0,-3.139202815737979e-17,0.0,-3.139202815737979e-17,899.4,3.202134756504336,5,0.0,10,0.6,0.5,0.2365895936154873,0.1,0.01787574951572113,0.0,-2.0052288475052677e-17,0.0,-2.0052288475052677e-17,851.0,2.538190364277321,10,0.0,True,7,0.5714285714285714,0.42857142857142855,0.1582169222626268,0.14285714285714285,0.02567895594897479,0.0,0.0,0.0,0.0,721.0,2.853180106994254,7,0.0,True,0,,,,,,,,,,,,0,,0.04336607717017439,23.05949869700835,2026-10-08T23:21:15.963886+00:00,pregame,experimental
2026020062,2026-10-08,8476429,Scott Mayfield,NYI,CHI,1,1,2026-10-08T23:30:00Z,effectif actuel ; participation non confirmée,34,5,0.8,0.6,0.23071993220883702,0.2,0.036223160969787456,0.0,-3.139202815737979e-17,0.0,-3.139202815737979e-17,889.6,3.237410071942446,5,0.0,10,0.5,0.4,0.16817758120350967,0.1,0.01787574951572113,0.0,-2.0052288475052677e-17,0.0,-2.0052288475052677e-17,843.8,2.133206921071344,10,0.0,True,10,0.8,0.6,0.3126695474501863,0.2,0.05668094798069332,0.0,-2.0052288475052677e-17,0.0,-2.0052288475052677e-17,863.5,3.3352634626519975,10,0.0,True,1,2.0,1.0,0.20654329147389294,1.0,0.20654329147389294,0.0,0.0,0.0,0.0,1085.0,6.635944700460829,1,0.0,0.04153684826937871,24.075009098300026,2026-10-08T23:21:15.963886+00:00,pregame,experimental
2026020062,2026-10-08,8485388,Victor Eklund,NYI,CHI,1,0,2026-10-08T23:30:00Z,effectif actuel ; participation non confirmée,4,4,1.75,1.0,0.5100999795960008,0.75,0.30063605244263664,0.0,0.0,0.0,0.0,825.25,7.634050287791578,4,0.25,4,1.75,1.0,0.5100999795960008,0.75,0.30063605244263664,0.0,0.0,0.0,0.0,825.25,7.634050287791578,4,0.25,True,2,1.5,1.0,0.3423719528896193,0.5,0.09452865480086611,0.0,0.0,0.0,0.0,841.0,6.4209274673008325,2,0.5,True,0,,,,,,,,,,,,0,,,,2026-10-08T23:21:15.963886+00:00,pregame,historique insuffisant
2026020062,2026-10-08,8475151,Kyle Palmieri,NYI,CHI,1,0,2026-10-08T23:30:00Z,effectif actuel ; participation non confirmée,3,3,2.6666666666666665,1.0,0.4384939195509822,1.0,0.4384939195509822,0.3333333333333333,0.061490315276160515,0.3333333333333333,0.061490315276160515,996.3333333333334,9.635329541652727,3,0.0,3,2.6666666666666665,1.0,0.4384939195509822,1.0,0.4384939195509822,0.3333333333333333,0.061490315276160515,0.3333333333333333,0.061490315276160515,996.3333333333334,9.635329541652727,3,0.0,True,1,2.0,1.0,0.20654329147389294,1.0,0.20654329147389294,0.0,0.0,0.0,0.0,877.0,8.209806157354619,1,0.0,True,0,,,,,,,,,,,,0,,,,2026-10-08T23:21:15.963886+00:00,pregame,historique insuffisant
2026020062,2026-10-08,8481014,Alexander Romanov,NYI,CHI,1,1,2026-10-08T23:30:00Z,effectif actuel ; participation non confirmée,3,3,1.0,0.6666666666666666,0.20765495512648788,0.3333333333333333,0.061490315276160515,0.0,0.0,0.0,0.0,994.0,3.6217303822937628,3,0.0,3,1.0,0.6666666666666666,0.20765495512648788,0.3333333333333333,0.061490315276160515,0.0,0.0,0.0,0.0,994.0,3.6217303822937628,3,0.0,True,1,0.0,0.0,0.0,0.0,0.0,0.0,0.0,0.0,0.0,1153.0,0.0,1,0.0,True,0,,,,,,,,,,,,0,,,,2026-10-08T23:21:15.963886+00:00,pregame,historique insuffisant
2026020062,2026-10-08,8484390,Roman Kantserov,CHI,NYI,0,0,2026-10-08T23:30:00Z,effectif actuel ; participation non confirmée,4,4,0.75,0.5,0.15003570882017145,0.25,0.045586062644636216,0.0,0.0,0.0,0.0,1096.75,2.4618190107134716,4,0.0,4,0.75,0.5,0.15003570882017145,0.25,0.045586062644636216,0.0,0.0,0.0,0.0,1096.75,2.4618190107134716,4,0.0,True,3,0.3333333333333333,0.3333333333333333,0.061490315276160515,0.0,0.0,0.0,0.0,0.0,0.0,1050.3333333333333,1.1424944462075532,3,0.0,True,0,,,,,,,,,,,,0,,,,2026-10-08T23:21:15.963886+00:00,pregame,historique insuffisant
2026020063,2026-10-08,8484801,Macklin Celebrini,SJS,STL,0,0,2026-10-09T00:00:00Z,effectif actuel ; participation non confirmée,37,5,3.4,1.0,0.565508505247919,1.0,0.565508505247919,0.6,0.23071993220883702,0.2,0.036223160969787456,1173.6,10.429447852760736,5,0.4,10,3.6,1.0,0.7224598312333834,1.0,0.7224598312333834,0.7,0.3967732199795652,0.4,0.16817758120350967,1258.9,10.294701723727064,10,0.4,True,10,2.9,1.0,0.7224598312333834,1.0,0.7224598312333834,0.6,0.3126695474501863,0.1,0.01787574951572113,1228.8,8.49609375,10,0.4,True,1,3.0,1.0,0.20654329147389294,1.0,0.20654329147389294,1.0,0.20654329147389294,0.0,0.0,1376.0,7.848837209302325,1,0.0,0.35028290659872796,2.8548352807451307,2026-10-08T23:21:15.963886+00:00,pregame,experimental
2026020063,2026-10-08,8483516,Jimmy Snuggerud,STL,SJS,1,0,2026-10-09T00:00:00Z,effectif actuel ; participation non confirmée,37,5,2.6,1.0,0.565508505247919,0.8,0.37552826411853885,0.6,0.23071993220883702,0.2,0.036223160969787456,1032.4,9.066253390158852,5,0.4,10,3.1,1.0,0.7224598312333834,0.9,0.5958436145024278,0.5,0.2365895936154873,0.3,0.10778928748621182,1053.2,10.596278009874668,10,0.4,True,10,3.2,1.0,0.7224598312333834,0.9,0.5958436145024278,0.5,0.2365895936154873,0.3,0.10778928748621182,1090.2,10.566868464501926,10,0.5,True,1,2.0,1.0,0.20654329147389294,1.0,0.20654329147389294,0.0,0.0,0.0,0.0,1203.0,5.985037406483791,1,0.0,0.30431755720080783,3.2860410986413684,2026-10-08T23:21:15.963886+00:00,pregame,experimental
2026020063,2026-10-08,8484227,Will Smith,SJS,STL,0,0,2026-10-09T00:00:00Z,effectif actuel ; participation non confirmée,38,5,2.0,0.6,0.23071993220883702,0.6,0.23071993220883702,0.4,0.11761823115925325,0.2,0.036223160969787456,1055.0,6.8246445497630335,5,0.4,10,1.9,0.7,0.3967732199795652,0.6,0.3126695474501863,0.3,0.10778928748621182,0.2,0.05668094798069332,1081.4,6.325134085444794,10,0.3,True,10,1.8,0.6,0.3126695474501863,0.4,0.16817758120350967,0.3,0.10778928748621182,0.2,0.05668094798069332,1015.2,6.382978723404255,10,0.2,True,1,0.0,0.0,0.0,0.0,0.0,0.0,0.0,0.0,0.0,917.0,0.0,1,0.0,0.2605134321186945,3.8385736653470617,2026-10-08T23:21:15.963886+00:00,pregame,experimental
2026020063,2026-10-08,8480023,Robert Thomas,STL,SJS,1,0,2026-10-09T00:00:00Z,effectif actuel ; participation non confirmée,25,5,1.4,0.6,0.23071993220883702,0.4,0.11761823115925325,0.4,0.11761823115925325,0.0,-3.139202815737979e-17,1149.6,4.384133611691023,5,0.2,10,1.7,0.8,0.49015684672072346,0.4,0.16817758120350967,0.3,0.10778928748621182,0.1,0.01787574951572113,1165.6,5.250514756348662,10,0.3,True,8,1.125,1.0,0.6755843804891231,0.125,0.02241690886329618,0.0,0.0,0.0,0.0,1138.375,3.5577028659273084,8,0.25,True,0,,,,,,,,,,,,0,,0.25669038711265135,3.8957438618889113,2026-10-08T23:21:15.963886+00:00,pregame,experimental
2026020063,2026-10-08,8482077,Dylan Holloway,STL,SJS,1,0,2026-10-09T00:00:00Z,effectif actuel ; participation non confirmée,29,5,2.2,1.0,0.565508505247919,0.6,0.23071993220883702,0.2,0.036223160969787456,0.2,0.036223160969787456,1045.4,7.5760474459537015,5,0.2,10,2.5,1.0,0.7224598312333834,0.8,0.49015684672072346,0.3,0.10778928748621182,0.3,0.10778928748621182,1093.4,8.231205414304005,10,0.2,True,10,3.2,1.0,0.7224598312333834,1.0,0.7224598312333834,0.5,0.2365895936154873,0.4,0.16817758120350967,1173.5,9.816787388155092,10,0.5,True,1,3.0,1.0,0.20654329147389294,1.0,0.20654329147389294,1.0,0.20654329147389294,0.0,0.0,1254.0,8.61244019138756,1,1.0,0.2290216718750197,4.3663990041331715,2026-10-08T23:21:15.963886+00:00,pregame,experimental
2026020063,2026-10-08,8477402,Pavel Buchnevich,STL,SJS,1,0,2026-10-09T00:00:00Z,effectif actuel ; participation non confirmée,36,5,1.6,0.8,0.37552826411853885,0.8,0.37552826411853885,0.0,-3.139202815737979e-17,0.0,-3.139202815737979e-17,974.0,5.9137577002053385,5,0.4,10,1.3,0.8,0.49015684672072346,0.5,0.2365895936154873,0.0,-2.0052288475052677e-17,0.0,-2.0052288475052677e-17,964.8,4.850746268656716,10,0.3,True,10,1.2,0.7,0.3967732199795652,0.5,0.2365895936154873,0.0,-2.0052288475052677e-17,0.0,-2.0052288475052677e-17,1039.5,4.1558441558441555,10,0.3,True,1,0.0,0.0,0.0,0.0,0.0,0.0,0.0,0.0,0.0,1178.0,0.0,1,0.0,0.21783380932530505,4.590655615385381,2026-10-08T23:21:15.963886+00:00,pregame,experimental
2026020063,2026-10-08,8482745,Mason McTavish,STL,SJS,1,0,2026-10-09T00:00:00Z,effectif actuel ; participation non confirmée,30,5,3.2,1.0,0.565508505247919,1.0,0.565508505247919,0.8,0.37552826411853885,0.2,0.036223160969787456,970.4,11.87139323990107,5,0.6,10,2.7,1.0,0.7224598312333834,0.9,0.5958436145024278,0.6,0.3126695474501863,0.1,0.01787574951572113,882.6,11.012916383412644,10,0.4,True,10,1.4,0.7,0.3967732199795652,0.5,0.2365895936154873,0.2,0.05668094798069332,0.0,-2.0052288475052677e-17,777.6,6.481481481481482,10,0.1,True,1,3.0,1.0,0.20654329147389294,1.0,0.20654329147389294,1.0,0.20654329147389294,0.0,0.0,748.0,14.438502673796792,1,0.0,0.21364909270584329,4.680572181866561,2026-10-08T23:21:15.963886+00:00,pregame,experimental
2026020063,2026-10-08,8484994,Igor Chernyshov,SJS,STL,0,0,2026-10-09T00:00:00Z,effectif actuel ; participation non confirmée,17,5,1.0,0.6,0.23071993220883702,0.4,0.11761823115925325,0.0,-3.139202815737979e-17,0.0,-3.139202815737979e-17,895.0,4.022346368715084,5,0.4,10,1.5,0.7,0.3967732199795652,0.5,0.2365895936154873,0.2,0.05668094798069332,0.1,0.01787574951572113,880.3,6.134272407133931,10,0.4,True,9,1.4444444444444444,0.6666666666666666,0.35419734749908977,0.4444444444444444,0.188775429471914,0.3333333333333333,0.12058159868274292,0.0,0.0,809.5555555555555,6.4232775185286854,9,0.3333333333333333,True,1,1.0,1.0,0.20654329147389294,0.0,0.0,0.0,0.0,0.0,0.0,916.0,3.930131004366812,1,0.0,0.21082647902040452,4.743237209322348,2026-10-08T23:21:15.963886+00:00,pregame,experimental
2026020063,2026-10-08,8481580,Connor McMichael,STL,SJS,1,0,2026-10-09T00:00:00Z,effectif actuel ; participation non confirmée,32,5,2.0,0.8,0.37552826411853885,0.6,0.23071993220883702,0.2,0.036223160969787456,0.2,0.036223160969787456,938.4,7.672634271099744,5,0.4,10,1.9,0.8,0.49015684672072346,0.5,0.2365895936154873,0.2,0.05668094798069332,0.2,0.05668094798069332,951.8,7.186383694053372,10,0.4,True,10,2.1,0.9,0.5958436145024278,0.6,0.3126695474501863,0.3,0.10778928748621182,0.2,0.05668094798069332,1000.1,7.55924407559244,10,0.3,True,0,,,,,,,,,,,,0,,0.1970485783448872,5.074890711719498,2026-10-08T23:21:15.963886+00:00,pregame,experimental
2026020063,2026-10-08,8477505,Alexander Wennberg,SJS,STL,0,0,2026-10-09T00:00:00Z,effectif actuel ; participation non confirmée,36,5,1.0,0.6,0.23071993220883702,0.2,0.036223160969787456,0.2,0.036223160969787456,0.0,-3.139202815737979e-17,1186.4,3.034389750505732,5,0.0,10,1.1,0.7,0.3967732199795652,0.3,0.10778928748621182,0.1,0.01787574951572113,0.0,-2.0052288475052677e-17,1180.4,3.354794984750932,10,0.1,True,10,0.8,0.5,0.2365895936154873,0.3,0.10778928748621182,0.0,-2.0052288475052677e-17,0.0,-2.0052288475052677e-17,1121.9,2.5670737142347804,10,0.1,True,1,2.0,1.0,0.20654329147389294,1.0,0.20654329147389294,0.0,0.0,0.0,0.0,1357.0,5.305821665438467,1,1.0,0.19324612238044392,5.174748076089716,2026-10-08T23:21:15.963886+00:00,pregame,experimental
2026020063,2026-10-08,8482089,Jake Neighbours,STL,SJS,1,0,2026-10-09T00:00:00Z,effectif actuel ; participation non confirmée,36,5,1.0,0.8,0.37552826411853885,0.2,0.036223160969787456,0.0,-3.139202815737979e-17,0.0,-3.139202815737979e-17,840.8,4.28163653663178,5,0.0,10,1.3,0.8,0.49015684672072346,0.3,0.10778928748621182,0.1,0.01787574951572113,0.1,0.01787574951572113,866.4,5.401662049861496,10,0.1,True,10,1.3,0.7,0.3967732199795652,0.4,0.16817758120350967,0.1,0.01787574951572113,0.1,0.01787574951572113,881.9,5.306724118380769,10,0.1,True,1,0.0,0.0,0.0,0.0,0.0,0.0,0.0,0.0,0.0,914.0,0.0,1,0.0,0.19324145993757658,5.174872930079463,2026-10-08T23:21:15.963886+00:00,pregame,experimental
2026020063,2026-10-08,8480748,Kiefer Sherwood,SJS,STL,0,0,2026-10-09T00:00:00Z,effectif actuel ; participation non confirmée,31,5,1.6,0.8,0.37552826411853885,0.4,0.11761823115925325,0.2,0.036223160969787456,0.2,0.036223160969787456,878.8,6.554392353208922,5,0.2,10,1.7,0.9,0.5958436145024278,0.5,0.2365895936154873,0.2,0.05668094798069332,0.1,0.01787574951572113,942.8,6.491302503182011,10,0.3,True,10,1.8,0.9,0.5958436145024278,0.6,0.3126695474501863,0.2,0.05668094798069332,0.1,0.01787574951572113,1006.2,6.440071556350627,10,0.1,True,1,2.0,1.0,0.20654329147389294,1.0,0.20654329147389294,0.0,0.0,0.0,0.0,1173.0,6.138107416879795,1,0.0,0.19107597407583293,5.233520356688731,2026-10-08T23:21:15.963886+00:00,pregame,experimental
2026020063,2026-10-08,8480459,Pius Suter,STL,SJS,1,0,2026-10-09T00:00:00Z,effectif actuel ; participation non confirmée,30,5,1.0,0.4,0.11761823115925325,0.2,0.036223160969787456,0.2,0.036223160969787456,0.2,0.036223160969787456,883.0,4.077010192525481,5,0.2,10,1.1,0.6,0.3126695474501863,0.2,0.05668094798069332,0.2,0.05668094798069332,0.1,0.01787574951572113,882.7,4.486235414070466,10,0.2,True,10,1.5,0.8,0.49015684672072346,0.4,0.16817758120350967,0.3,0.10778928748621182,0.0,-2.0052288475052677e-17,913.3,5.912624548341181,10,0.3,True,1,1.0,1.0,0.20654329147389294,0.0,0.0,0.0,0.0,0.0,0.0,969.0,3.7151702786377707,1,0.0,0.18485393120618557,5.409676675388649,2026-10-08T23:21:15.963886+00:00,pregame,experimental
2026020063,2026-10-08,8478975,Mason Marchment,SJS,STL,0,0,2026-10-09T00:00:00Z,effectif actuel ; participation non confirmée,35,5,2.2,1.0,0.565508505247919,0.6,0.23071993220883702,0.4,0.11761823115925325,0.2,0.036223160969787456,1010.0,7.841584158415841,5,0.4,10,1.7,0.8,0.49015684672072346,0.5,0.2365895936154873,0.3,0.10778928748621182,0.1,0.01787574951572113,1027.7,5.955045246667315,10,0.2,True,10,2.0,0.8,0.49015684672072346,0.6,0.3126695474501863,0.4,0.16817758120350967,0.2,0.05668094798069332,1070.3,6.727085863776511,10,0.1,True,1,1.0,1.0,0.20654329147389294,0.0,0.0,0.0,0.0,0.0,0.0,1006.0,3.5785288270377733,1,1.0,0.17745469526569974,5.635241144240889,2026-10-08T23:21:15.963886+00:00,pregame,experimental
2026020063,2026-10-08,8481013,Jonatan Berggren,STL,SJS,1,0,2026-10-09T00:00:00Z,effectif actuel ; participation non confirmée,26,5,0.8,0.4,0.11761823115925325,0.2,0.036223160969787456,0.2,0.036223160969787456,0.0,-3.139202815737979e-17,874.0,3.2951945080091534,5,0.0,10,1.0,0.5,0.2365895936154873,0.3,0.10778928748621182,0.2,0.05668094798069332,0.0,-2.0052288475052677e-17,909.0,3.9603960396039604,10,0.1,True,10,1.0,0.7,0.3967732199795652,0.3,0.10778928748621182,0.0,-2.0052288475052677e-17,0.0,-2.0052288475052677e-17,864.5,4.164256795835743,10,0.2,True,1,2.0,1.0,0.20654329147389294,1.0,0.20654329147389294,0.0,0.0,0.0,0.0,955.0,7.539267015706806,1,0.0,0.17252597608783615,5.796228618297349,2026-10-08T23:21:15.963886+00:00,pregame,experimental
2026020063,2026-10-08,8485402,Michael Misa,SJS,STL,0,0,2026-10-09T00:00:00Z,effectif actuel ; participation non confirmée,38,5,2.2,0.6,0.23071993220883702,0.6,0.23071993220883702,0.4,0.11761823115925325,0.4,0.11761823115925325,832.2,9.516943042537852,5,0.4,10,1.6,0.6,0.3126695474501863,0.4,0.16817758120350967,0.3,0.10778928748621182,0.2,0.05668094798069332,781.5,7.370441458733206,10,0.2,True,10,1.5,0.8,0.49015684672072346,0.4,0.16817758120350967,0.1,0.01787574951572113,0.1,0.01787574951572113,827.6,6.52489125181247,10,0.3,True,1,1.0,1.0,0.20654329147389294,0.0,0.0,0.0,0.0,0.0,0.0,779.0,4.621309370988446,1,0.0,0.16407085636867008,6.09492765584756,2026-10-08T23:21:15.963886+00:00,pregame,experimental
2026020063,2026-10-08,8475726,Tyler Toffoli,SJS,STL,0,0,2026-10-09T00:00:00Z,effectif actuel ; participation non confirmée,35,5,1.6,0.8,0.37552826411853885,0.4,0.11761823115925325,0.4,0.11761823115925325,0.0,-3.139202815737979e-17,768.4,7.496095783446122,5,0.2,10,1.9,0.9,0.5958436145024278,0.6,0.3126695474501863,0.3,0.10778928748621182,0.1,0.01787574951572113,784.9,8.714485921773475,10,0.2,True,10,1.7,0.8,0.49015684672072346,0.7,0.3967732199795652,0.2,0.05668094798069332,0.0,-2.0052288475052677e-17,803.0,7.621419676214197,10,0.2,True,1,2.0,1.0,0.20654329147389294,1.0,0.20654329147389294,0.0,0.0,0.0,0.0,783.0,9.195402298850574,1,0.0,0.16096054037410024,6.212702800797179,2026-10-08T23:21:15.963886+00:00,pregame,experimental
2026020063,2026-10-08,8484911,Collin Graf,SJS,STL,0,0,2026-10-09T00:00:00Z,effectif actuel ; participation non confirmée,38,5,0.8,0.6,0.23071993220883702,0.2,0.036223160969787456,0.0,-3.139202815737979e-17,0.0,-3.139202815737979e-17,950.2,3.030940854556935,5,0.2,10,0.8,0.6,0.3126695474501863,0.2,0.05668094798069332,0.0,-2.0052288475052677e-17,0.0,-2.0052288475052677e-17,992.8,2.9008863819500403,10,0.1,True,10,1.7,0.8,0.49015684672072346,0.5,0.2365895936154873,0.1,0.01787574951572113,0.1,0.01787574951572113,971.2,6.3014827018121915,10,0.2,True,1,2.0,1.0,0.20654329147389294,1.0,0.20654329147389294,0.0,0.0,0.0,0.0,995.0,7.236180904522613,1,0.0,0.155740344286309,6.420943812488471,2026-10-08T23:21:15.963886+00:00,pregame,experimental
2026020063,2026-10-08,8478874,Adam Gaudette,SJS,STL,0,0,2026-10-09T00:00:00Z,effectif actuel ; participation non confirmée,28,5,1.0,0.4,0.11761823115925325,0.4,0.11761823115925325,0.2,0.036223160969787456,0.0,-3.139202815737979e-17,605.4,5.946481665014867,5,0.0,10,1.2,0.5,0.2365895936154873,0.4,0.16817758120350967,0.3,0.10778928748621182,0.0,-2.0052288475052677e-17,600.2,7.197600799733422,10,0.2,True,10,1.5,0.8,0.49015684672072346,0.6,0.3126695474501863,0.1,0.01787574951572113,0.0,-2.0052288475052677e-17,659.7,8.185538881309686,10,0.1,True,1,0.0,0.0,0.0,0.0,0.0,0.0,0.0,0.0,0.0,607.0,0.0,1,0.0,0.14700832599005473,6.8023358082973555,2026-10-08T23:21:15.963886+00:00,pregame,experimental
2026020063,2026-10-08,8480848,Ty Dellandrea,SJS,STL,0,0,2026-10-09T00:00:00Z,effectif actuel ; participation non confirmée,5,5,1.2,0.4,0.11761823115925325,0.4,0.11761823115925325,0.4,0.11761823115925325,0.0,-3.139202815737979e-17,745.2,5.797101449275362,5,0.0,5,1.2,0.4,0.11761823115925325,0.4,0.11761823115925325,0.4,0.11761823115925325,0.0,-3.139202815737979e-17,745.2,5.797101449275362,5,0.0,True,3,1.0,0.3333333333333333,0.061490315276160515,0.3333333333333333,0.061490315276160515,0.3333333333333333,0.061490315276160515,0.0,0.0,863.3333333333334,4.1698841698841695,3,0.0,True,0,,,,,,,,,,,,0,,0.14084172154198277,7.1001688210827165,2026-10-08T23:21:15.963886+00:00,pregame,experimental
2026020063,2026-10-08,8481598,Philip Broberg,STL,SJS,1,1,2026-10-09T00:00:00Z,effectif actuel ; participation non confirmée,37,5,2.0,1.0,0.565508505247919,0.6,0.23071993220883702,0.4,0.11761823115925325,0.0,-3.139202815737979e-17,1315.6,5.472788081483734,5,0.0,10,1.5,0.8,0.49015684672072346,0.4,0.16817758120350967,0.3,0.10778928748621182,0.0,-2.0052288475052677e-17,1334.5,4.046459348070439,10,0.0,True,10,1.6,0.9,0.5958436145024278,0.4,0.16817758120350967,0.3,0.10778928748621182,0.0,-2.0052288475052677e-17,1396.9,4.123416135729115,10,0.2,True,1,0.0,0.0,0.0,0.0,0.0,0.0,0.0,0.0,0.0,1410.0,0.0,1,0.0,0.1288853506260676,7.758833685461115,2026-10-08T23:21:15.963886+00:00,pregame,experimental
2026020063,2026-10-08,8482859,Zack Ostapchuk,SJS,STL,0,0,2026-10-09T00:00:00Z,effectif actuel ; participation non confirmée,37,5,1.4,0.8,0.37552826411853885,0.4,0.11761823115925325,0.2,0.036223160969787456,0.0,-3.139202815737979e-17,706.2,7.13678844519966,5,0.0,10,0.9,0.6,0.3126695474501863,0.2,0.05668094798069332,0.1,0.01787574951572113,0.0,-2.0052288475052677e-17,657.7,4.926258172419036,10,0.0,True,10,1.0,0.8,0.49015684672072346,0.2,0.05668094798069332,0.0,-2.0052288475052677e-17,0.0,-2.0052288475052677e-17,647.2,5.562422744128554,10,0.0,True,1,1.0,1.0,0.20654329147389294,0.0,0.0,0.0,0.0,0.0,0.0,475.0,7.578947368421052,1,0.0,0.12175600700397173,8.213147134230343,2026-10-08T23:21:15.963886+00:00,pregame,experimental
2026020063,2026-10-08,8480281,Alexey Toropchenko,STL,SJS,1,0,2026-10-09T00:00:00Z,effectif actuel ; participation non confirmée,34,5,0.8,0.6,0.23071993220883702,0.2,0.036223160969787456,0.0,-3.139202815737979e-17,0.0,-3.139202815737979e-17,700.8,4.109589041095891,5,0.2,10,1.0,0.6,0.3126695474501863,0.2,0.05668094798069332,0.1,0.01787574951572113,0.1,0.01787574951572113,656.9,5.480286192723398,10,0.1,True,10,1.4,0.8,0.49015684672072346,0.4,0.16817758120350967,0.2,0.05668094798069332,0.0,-2.0052288475052677e-17,678.4,7.429245283018868,10,0.0,True,1,2.0,1.0,0.20654329147389294,1.0,0.20654329147389294,0.0,0.0,0.0,0.0,707.0,10.183875530410184,1,0.0,0.11289527209830408,8.85776686139031,2026-10-08T23:21:15.963886+00:00,pregame,experimental
2026020063,2026-10-08,8476624,Barclay Goodrow,SJS,STL,0,0,2026-10-09T00:00:00Z,effectif actuel ; participation non confirmée,38,5,0.2,0.2,0.036223160969787456,0.0,-3.139202815737979e-17,0.0,-3.139202815737979e-17,0.0,-3.139202815737979e-17,763.2,0.9433962264150944,5,0.0,10,0.4,0.3,0.10778928748621182,0.1,0.01787574951572113,0.0,-2.0052288475052677e-17,0.0,-2.0052288475052677e-17,719.4,2.0016680567139282,10,0.0,True,10,0.5,0.4,0.16817758120350967,0.1,0.01787574951572113,0.0,-2.0052288475052677e-17,0.0,-2.0052288475052677e-17,693.9,2.594033722438392,10,0.0,True,1,1.0,1.0,0.20654329147389294,0.0,0.0,0.0,0.0,0.0,0.0,624.0,5.769230769230769,1,0.0,0.11276315518666119,8.868144903755677,2026-10-08T23:21:15.963886+00:00,pregame,experimental
2026020063,2026-10-08,8484164,Dalibor Dvorsky,STL,SJS,1,0,2026-10-09T00:00:00Z,effectif actuel ; participation non confirmée,36,5,2.0,1.0,0.565508505247919,0.8,0.37552826411853885,0.2,0.036223160969787456,0.0,-3.139202815737979e-17,756.6,9.516256938937351,5,0.4,10,1.4,0.8,0.49015684672072346,0.5,0.2365895936154873,0.1,0.01787574951572113,0.0,-2.0052288475052677e-17,792.3,6.361226808027262,10,0.3,True,10,1.4,0.5,0.2365895936154873,0.4,0.16817758120350967,0.3,0.10778928748621182,0.2,0.05668094798069332,881.1,5.720122574055158,10,0.1,True,1,3.0,1.0,0.20654329147389294,1.0,0.20654329147389294,1.0,0.20654329147389294,0.0,0.0,1088.0,9.926470588235293,1,1.0,0.10387122290862011,9.627305542361258,2026-10-08T23:21:15.963886+00:00,pregame,experimental
2026020063,2026-10-08,8475764,Cam Fowler,STL,SJS,1,1,2026-10-09T00:00:00Z,effectif actuel ; participation non confirmée,37,5,1.4,1.0,0.565508505247919,0.4,0.11761823115925325,0.0,-3.139202815737979e-17,0.0,-3.139202815737979e-17,1335.4,3.774150067395537,5,0.0,10,0.9,0.7,0.3967732199795652,0.2,0.05668094798069332,0.0,-2.0052288475052677e-17,0.0,-2.0052288475052677e-17,1225.7,2.643387452068206,10,0.1,True,10,0.6,0.5,0.2365895936154873,0.1,0.01787574951572113,0.0,-2.0052288475052677e-17,0.0,-2.0052288475052677e-17,1229.8,1.756383151731989,10,0.1,True,1,1.0,1.0,0.20654329147389294,0.0,0.0,0.0,0.0,0.0,0.0,1385.0,2.5992779783393503,1,0.0,0.10046786532275687,9.953431346306221,2026-10-08T23:21:15.963886+00:00,pregame,experimental
2026020063,2026-10-08,8482733,Logan Mailloux,STL,SJS,1,1,2026-10-09T00:00:00Z,effectif actuel ; participation non confirmée,34,5,1.6,0.8,0.37552826411853885,0.4,0.11761823115925325,0.2,0.036223160969787456,0.2,0.036223160969787456,1307.4,4.405690683799908,5,0.4,10,1.5,0.8,0.49015684672072346,0.4,0.16817758120350967,0.2,0.05668094798069332,0.1,0.01787574951572113,1253.0,4.309656823623304,10,0.2,True,10,1.9,0.9,0.5958436145024278,0.5,0.2365895936154873,0.3,0.10778928748621182,0.2,0.05668094798069332,1279.0,5.3479280688037525,10,0.1,True,1,2.0,1.0,0.20654329147389294,1.0,0.20654329147389294,0.0,0.0,0.0,0.0,1249.0,5.764611689351481,1,0.0,0.09371669859430874,10.670456972976728,2026-10-08T23:21:15.963886+00:00,pregame,experimental
2026020063,2026-10-08,8476892,Colton Parayko,STL,SJS,1,1,2026-10-09T00:00:00Z,effectif actuel ; participation non confirmée,32,5,1.8,1.0,0.565508505247919,0.8,0.37552826411853885,0.0,-3.139202815737979e-17,0.0,-3.139202815737979e-17,1235.4,5.245264691597863,5,0.0,10,1.4,0.9,0.5958436145024278,0.5,0.2365895936154873,0.0,-2.0052288475052677e-17,0.0,-2.0052288475052677e-17,1228.3,4.1032321094195225,10,0.2,True,10,1.3,0.7,0.3967732199795652,0.3,0.10778928748621182,0.2,0.05668094798069332,0.1,0.01787574951572113,1285.8,3.639757349510033,10,0.2,True,1,3.0,1.0,0.20654329147389294,1.0,0.20654329147389294,1.0,0.20654329147389294,0.0,0.0,1422.0,7.594936708860759,1,0.0,0.09311016991048227,10.739965365345347,2026-10-08T23:21:15.963886+00:00,pregame,experimental
2026020063,2026-10-08,8484152,Luca Cagnoni,SJS,STL,0,1,2026-10-09T00:00:00Z,effectif actuel ; participation non confirmée,6,5,1.8,0.8,0.37552826411853885,0.6,0.23071993220883702,0.4,0.11761823115925325,0.0,-3.139202815737979e-17,1210.2,5.354486861675756,5,0.2,6,1.6666666666666667,0.8333333333333334,0.4364905634363539,0.5,0.1876128068994087,0.3333333333333333,0.09676933255921684,0.0,0.0,1157.3333333333333,5.184331797235023,6,0.16666666666666666,True,4,1.0,0.75,0.30063605244263664,0.25,0.045586062644636216,0.0,0.0,0.0,0.0,1096.5,3.283173734610123,4,0.0,True,0,,,,,,,,,,,,0,,0.09198658775492488,10.871150070967394,2026-10-08T23:21:15.963886+00:00,pregame,experimental
2026020063,2026-10-08,8477498,Darnell Nurse,SJS,STL,0,1,2026-10-09T00:00:00Z,effectif actuel ; participation non confirmée,36,5,1.4,0.6,0.23071993220883702,0.6,0.23071993220883702,0.2,0.036223160969787456,0.0,-3.139202815737979e-17,1272.0,3.9622641509433962,5,0.0,10,1.8,0.8,0.49015684672072346,0.6,0.3126695474501863,0.2,0.05668094798069332,0.1,0.01787574951572113,1285.9,5.039272105140369,10,0.0,True,10,1.6,1.0,0.7224598312333834,0.4,0.16817758120350967,0.2,0.05668094798069332,0.0,-2.0052288475052677e-17,1307.0,4.4070390206579955,10,0.0,True,1,3.0,1.0,0.20654329147389294,1.0,0.20654329147389294,1.0,0.20654329147389294,0.0,0.0,1274.0,8.47723704866562,1,0.0,0.08918632030102946,11.212481876421323,2026-10-08T23:21:15.963886+00:00,pregame,experimental
2026020063,2026-10-08,8477527,Ross Johnston,STL,SJS,1,0,2026-10-09T00:00:00Z,effectif actuel ; participation non confirmée,18,5,0.4,0.4,0.11761823115925325,0.0,-3.139202815737979e-17,0.0,-3.139202815737979e-17,0.0,-3.139202815737979e-17,549.4,2.621041135784492,5,0.0,10,0.4,0.4,0.16817758120350967,0.0,-2.0052288475052677e-17,0.0,-2.0052288475052677e-17,0.0,-2.0052288475052677e-17,592.6,2.429969625379683,10,0.0,True,10,0.5,0.3,0.10778928748621182,0.1,0.01787574951572113,0.1,0.01787574951572113,0.0,-2.0052288475052677e-17,615.8,2.9230269568041574,10,0.1,True,0,,,,,,,,,,,,0,,0.08514128718007567,11.745183014264024,2026-10-08T23:21:15.963886+00:00,pregame,experimental
2026020063,2026-10-08,8476885,Jacob Trouba,SJS,STL,0,1,2026-10-09T00:00:00Z,effectif actuel ; participation non confirmée,37,5,1.0,0.6,0.23071993220883702,0.4,0.11761823115925325,0.0,-3.139202815737979e-17,0.0,-3.139202815737979e-17,1254.4,2.8698979591836733,5,0.0,10,1.6,0.7,0.3967732199795652,0.6,0.3126695474501863,0.2,0.05668094798069332,0.1,0.01787574951572113,1300.0,4.430769230769231,10,0.0,True,10,1.2,0.6,0.3126695474501863,0.5,0.2365895936154873,0.1,0.01787574951572113,0.0,-2.0052288475052677e-17,1305.1,3.310091180752433,10,0.0,True,0,,,,,,,,,,,,0,,0.08134458099468318,12.293381904141366,2026-10-08T23:21:15.963886+00:00,pregame,experimental
2026020063,2026-10-08,8475200,Dmitry Orlov,SJS,STL,0,1,2026-10-09T00:00:00Z,effectif actuel ; participation non confirmée,38,5,0.6,0.6,0.23071993220883702,0.0,-3.139202815737979e-17,0.0,-3.139202815737979e-17,0.0,-3.139202815737979e-17,1085.0,1.9907834101382489,5,0.0,10,1.2,0.6,0.3126695474501863,0.3,0.10778928748621182,0.2,0.05668094798069332,0.1,0.01787574951572113,1176.2,3.6728447542934877,10,0.0,True,10,1.2,0.6,0.3126695474501863,0.4,0.16817758120350967,0.1,0.01787574951572113,0.1,0.01787574951572113,1223.5,3.5308541070698816,10,0.1,True,1,0.0,0.0,0.0,0.0,0.0,0.0,0.0,0.0,0.0,1372.0,0.0,1,0.0,0.08028259427565342,12.456000071029855,2026-10-08T23:21:15.963886+00:00,pregame,experimental
2026020063,2026-10-08,8484188,Theo Lindstein,STL,SJS,1,1,2026-10-09T00:00:00Z,effectif actuel ; participation non confirmée,20,5,1.2,0.8,0.37552826411853885,0.2,0.036223160969787456,0.2,0.036223160969787456,0.0,-3.139202815737979e-17,938.2,4.604561927094436,5,0.2,10,1.1,0.7,0.3967732199795652,0.3,0.10778928748621182,0.1,0.01787574951572113,0.0,-2.0052288475052677e-17,959.6,4.126719466444352,10,0.1,True,8,1.0,0.375,0.13684175946152105,0.375,0.13684175946152105,0.25,0.07147768885802765,0.0,0.0,941.625,3.823178016726404,8,0.125,True,1,0.0,0.0,0.0,0.0,0.0,0.0,0.0,0.0,0.0,1037.0,0.0,1,0.0,0.0700270259364285,14.280200917111829,2026-10-08T23:21:15.963886+00:00,pregame,experimental
2026020063,2026-10-08,8482111,Justin Barron,STL,SJS,1,1,2026-10-09T00:00:00Z,effectif actuel ; participation non confirmée,28,5,0.6,0.4,0.11761823115925325,0.2,0.036223160969787456,0.0,-3.139202815737979e-17,0.0,-3.139202815737979e-17,1075.6,2.008181480104128,5,0.0,10,0.6,0.5,0.2365895936154873,0.1,0.01787574951572113,0.0,-2.0052288475052677e-17,0.0,-2.0052288475052677e-17,1037.0,2.0829315332690452,10,0.0,True,10,0.5,0.4,0.16817758120350967,0.1,0.01787574951572113,0.0,-2.0052288475052677e-17,0.0,-2.0052288475052677e-17,849.9,2.1178962230850686,10,0.0,True,1,1.0,1.0,0.20654329147389294,0.0,0.0,0.0,0.0,0.0,0.0,1045.0,3.444976076555024,1,0.0,0.06466031239782437,15.465437188850437,2026-10-08T23:21:15.963886+00:00,pregame,experimental
2026020063,2026-10-08,8480891,Michael Kesselring,SJS,STL,0,1,2026-10-09T00:00:00Z,effectif actuel ; participation non confirmée,20,5,1.0,0.6,0.23071993220883702,0.2,0.036223160969787456,0.2,0.036223160969787456,0.0,-3.139202815737979e-17,1050.2,3.4279184917158636,5,0.0,10,1.4,0.8,0.49015684672072346,0.4,0.16817758120350967,0.2,0.05668094798069332,0.0,-2.0052288475052677e-17,860.8,5.855018587360595,10,0.0,True,10,1.4,0.9,0.5958436145024278,0.4,0.16817758120350967,0.1,0.01787574951572113,0.0,-2.0052288475052677e-17,797.2,6.322127446061215,10,0.0,True,0,,,,,,,,,,,,0,,0.059347350336204335,16.849951924306193,2026-10-08T23:21:15.963886+00:00,pregame,experimental
2026020063,2026-10-08,8478443,Brandon Carlo,STL,SJS,1,1,2026-10-09T00:00:00Z,effectif actuel ; participation non confirmée,33,5,1.0,0.8,0.37552826411853885,0.2,0.036223160969787456,0.0,-3.139202815737979e-17,0.0,-3.139202815737979e-17,988.6,3.641513251062108,5,0.0,10,1.1,0.9,0.5958436145024278,0.2,0.05668094798069332,0.0,-2.0052288475052677e-17,0.0,-2.0052288475052677e-17,1093.2,3.622392974753019,10,0.0,True,10,1.5,0.9,0.5958436145024278,0.3,0.10778928748621182,0.2,0.05668094798069332,0.1,0.01787574951572113,1093.8,4.9369171695008225,10,0.0,True,0,,,,,,,,,,,,0,,0.05430499516983648,18.41451227226048,2026-10-08T23:21:15.963886+00:00,pregame,experimental
2026020063,2026-10-08,8484806,Sam Dickinson,SJS,STL,0,1,2026-10-09T00:00:00Z,effectif actuel ; participation non confirmée,35,5,0.4,0.4,0.11761823115925325,0.0,-3.139202815737979e-17,0.0,-3.139202815737979e-17,0.0,-3.139202815737979e-17,1091.4,1.319406267179769,5,0.0,10,0.7,0.5,0.2365895936154873,0.2,0.05668094798069332,0.0,-2.0052288475052677e-17,0.0,-2.0052288475052677e-17,1069.1,2.357122813581517,10,0.0,True,10,1.2,0.7,0.3967732199795652,0.4,0.16817758120350967,0.1,0.01787574951572113,0.0,-2.0052288475052677e-17,1102.3,3.919078290846412,10,0.0,True,1,3.0,1.0,0.20654329147389294,1.0,0.20654329147389294,1.0,0.20654329147389294,0.0,0.0,1293.0,8.352668213457077,1,0.0,0.05192491208331341,19.2585785873937,2026-10-08T23:21:15.963886+00:00,pregame,experimental
2026020063,2026-10-08,8481006,Tyler Tucker,STL,SJS,1,1,2026-10-09T00:00:00Z,effectif actuel ; participation non confirmée,26,5,1.2,0.6,0.23071993220883702,0.2,0.036223160969787456,0.2,0.036223160969787456,0.2,0.036223160969787456,1022.8,4.223699648025029,5,0.0,10,0.6,0.3,0.10778928748621182,0.1,0.01787574951572113,0.1,0.01787574951572113,0.1,0.01787574951572113,904.4,2.3883237505528525,10,0.0,True,10,0.6,0.6,0.3126695474501863,0.0,-2.0052288475052677e-17,0.0,-2.0052288475052677e-17,0.0,-2.0052288475052677e-17,901.1,2.397070247475308,10,0.1,True,0,,,,,,,,,,,,0,,0.049192303157157696,20.32838342220404,2026-10-08T23:21:15.963886+00:00,pregame,experimental
2026020063,2026-10-08,8482784,Zach Dean,STL,SJS,1,0,2026-10-09T00:00:00Z,effectif actuel ; participation non confirmée,1,1,0.0,0.0,0.0,0.0,0.0,0.0,0.0,0.0,0.0,757.0,0.0,1,0.0,1,0.0,0.0,0.0,0.0,0.0,0.0,0.0,0.0,0.0,757.0,0.0,1,0.0,True,0,,,,,,,,,,,,0,,True,0,,,,,,,,,,,,0,,,,2026-10-08T23:21:15.963886+00:00,pregame,historique insuffisant
2026020063,2026-10-08,8479346,Dillon Dube,STL,SJS,1,0,2026-10-09T00:00:00Z,effectif actuel ; participation non confirmée,2,2,0.0,0.0,0.0,0.0,0.0,0.0,0.0,0.0,0.0,704.0,0.0,2,0.0,2,0.0,0.0,0.0,0.0,0.0,0.0,0.0,0.0,0.0,704.0,0.0,2,0.0,True,0,,,,,,,,,,,,0,,True,0,,,,,,,,,,,,0,,,,2026-10-08T23:21:15.963886+00:00,pregame,historique insuffisant
2026020063,2026-10-08,8484790,Adam Jiricek,STL,SJS,1,1,2026-10-09T00:00:00Z,effectif actuel ; participation non confirmée,3,3,1.6666666666666667,1.0,0.4384939195509822,0.6666666666666666,0.20765495512648788,0.0,0.0,0.0,0.0,1090.0,5.504587155963303,3,0.0,3,1.6666666666666667,1.0,0.4384939195509822,0.6666666666666666,0.20765495512648788,0.0,0.0,0.0,0.0,1090.0,5.504587155963303,3,0.0,True,0,,,,,,,,,,,,0,,True,0,,,,,,,,,,,,0,,,,2026-10-08T23:21:15.963886+00:00,pregame,historique insuffisant
2026020063,2026-10-08,8479718,Alex Barré-Boulet,SJS,STL,0,0,2026-10-09T00:00:00Z,effectif actuel ; participation non confirmée,2,2,0.0,0.0,0.0,0.0,0.0,0.0,0.0,0.0,0.0,504.0,0.0,2,0.0,2,0.0,0.0,0.0,0.0,0.0,0.0,0.0,0.0,0.0,504.0,0.0,2,0.0,True,0,,,,,,,,,,,,0,,True,0,,,,,,,,,,,,0,,,,2026-10-08T23:21:15.963886+00:00,pregame,historique insuffisant
2026020063,2026-10-08,8481517,Brett Leason,SJS,STL,0,0,2026-10-09T00:00:00Z,effectif actuel ; participation non confirmée,0,0,,,,,,,,,,,,0,,0,,,,,,,,,,,,0,,True,0,,,,,,,,,,,,0,,True,0,,,,,,,,,,,,0,,,,2026-10-08T23:21:15.963886+00:00,pregame,historique insuffisant
2026020063,2026-10-08,8486103,Ivar Stenberg,SJS,STL,0,0,2026-10-09T00:00:00Z,effectif actuel ; participation non confirmée,3,3,0.3333333333333333,0.3333333333333333,0.061490315276160515,0.0,0.0,0.0,0.0,0.0,0.0,859.0,1.3969732246798603,3,0.0,3,0.3333333333333333,0.3333333333333333,0.061490315276160515,0.0,0.0,0.0,0.0,0.0,0.0,859.0,1.3969732246798603,3,0.0,True,1,1.0,1.0,0.20654329147389294,0.0,0.0,0.0,0.0,0.0,0.0,825.0,4.363636363636363,1,0.0,True,0,,,,,,,,,,,,0,,,,2026-10-08T23:21:15.963886+00:00,pregame,historique insuffisant
2026020063,2026-10-08,8482700,Nolan Allan,SJS,STL,0,1,2026-10-09T00:00:00Z,effectif actuel ; participation non confirmée,2,2,1.5,1.0,0.3423719528896193,0.5,0.09452865480086611,0.0,0.0,0.0,0.0,1102.0,4.900181488203267,2,0.5,2,1.5,1.0,0.3423719528896193,0.5,0.09452865480086611,0.0,0.0,0.0,0.0,1102.0,4.900181488203267,2,0.5,True,0,,,,,,,,,,,,0,,True,0,,,,,,,,,,,,0,,,,2026-10-08T23:21:15.963886+00:00,pregame,historique insuffisant
2026020064,2026-10-08,8480039,Martin Necas,COL,CGY,0,0,2026-10-09T01:00:00Z,effectif actuel ; participation non confirmée,35,5,3.8,1.0,0.565508505247919,1.0,0.565508505247919,1.0,0.565508505247919,0.6,0.23071993220883702,1329.8,10.287261242292074,5,0.2,10,3.6,1.0,0.7224598312333834,1.0,0.7224598312333834,0.9,0.5958436145024278,0.6,0.3126695474501863,1303.5,9.94246260069045,10,0.4,True,10,3.1,0.9,0.5958436145024278,0.9,0.5958436145024278,0.7,0.3967732199795652,0.4,0.16817758120350967,1330.1,8.390346590481919,10,0.5,True,1,5.0,1.0,0.20654329147389294,1.0,0.20654329147389294,1.0,0.20654329147389294,1.0,0.20654329147389294,1356.0,13.274336283185841,1,0.0,0.38257469382138315,2.6138686540173537,2026-10-08T23:21:15.963886+00:00,pregame,experimental
2026020064,2026-10-08,8477492,Nathan MacKinnon,COL,CGY,0,0,2026-10-09T01:00:00Z,effectif actuel ; participation non confirmée,37,5,3.8,1.0,0.565508505247919,0.8,0.37552826411853885,0.6,0.23071993220883702,0.6,0.23071993220883702,1263.2,10.829639012032933,5,0.4,10,3.8,0.9,0.5958436145024278,0.8,0.49015684672072346,0.6,0.3126695474501863,0.6,0.3126695474501863,1277.0,10.712607674236493,10,0.4,True,10,2.5,0.9,0.5958436145024278,0.7,0.3967732199795652,0.3,0.10778928748621182,0.3,0.10778928748621182,1353.7,6.648445002585507,10,0.4,True,1,4.0,1.0,0.20654329147389294,1.0,0.20654329147389294,1.0,0.20654329147389294,1.0,0.20654329147389294,1268.0,11.35646687697161,1,1.0,0.30852136575203254,3.241266605839314,2026-10-08T23:21:15.963886+00:00,pregame,experimental
2026020064,2026-10-08,8476456,Jonathan Huberdeau,CGY,COL,1,0,2026-10-09T01:00:00Z,effectif actuel ; participation non confirmée,7,5,2.4,0.6,0.23071993220883702,0.6,0.23071993220883702,0.6,0.23071993220883702,0.4,0.11761823115925325,972.0,8.88888888888889,5,0.4,7,2.4285714285714284,0.7142857142857143,0.35892909014821267,0.7142857142857143,0.35892909014821267,0.5714285714285714,0.2504542304090258,0.2857142857142857,0.08221716570901548,983.2857142857143,8.891471741972977,7,0.2857142857142857,True,6,2.1666666666666665,0.6666666666666666,0.2999883213415286,0.6666666666666666,0.2999883213415286,0.5,0.1876128068994087,0.16666666666666666,0.030052585871730285,979.1666666666666,7.965957446808511,6,0.3333333333333333,True,0,,,,,,,,,,,,0,,0.25434399616340253,3.9316831341973293,2026-10-08T23:21:15.963886+00:00,pregame,experimental
2026020064,2026-10-08,8474150,Mikael Backlund,CGY,COL,1,0,2026-10-09T01:00:00Z,effectif actuel ; participation non confirmée,37,5,2.2,0.8,0.37552826411853885,0.6,0.23071993220883702,0.4,0.11761823115925325,0.2,0.036223160969787456,1011.6,7.829181494661921,5,0.0,10,2.3,0.9,0.5958436145024278,0.7,0.3967732199795652,0.3,0.10778928748621182,0.2,0.05668094798069332,1067.0,7.760074976569822,10,0.1,True,10,1.6,0.7,0.3967732199795652,0.6,0.3126695474501863,0.2,0.05668094798069332,0.1,0.01787574951572113,1112.2,5.178924653839237,10,0.2,True,1,2.0,1.0,0.20654329147389294,1.0,0.20654329147389294,0.0,0.0,0.0,0.0,996.0,7.228915662650603,1,0.0,0.25407484993932655,3.93584803942146,2026-10-08T23:21:15.963886+00:00,pregame,experimental
2026020064,2026-10-08,8480028,Morgan Frost,CGY,COL,1,0,2026-10-09T01:00:00Z,effectif actuel ; participation non confirmée,37,5,2.4,1.0,0.565508505247919,1.0,0.565508505247919,0.4,0.11761823115925325,0.0,-3.139202815737979e-17,974.8,8.863356585966352,5,0.4,10,2.5,0.9,0.5958436145024278,0.8,0.49015684672072346,0.4,0.16817758120350967,0.2,0.05668094798069332,998.7,9.011715229798739,10,0.3,True,10,2.0,0.9,0.5958436145024278,0.6,0.3126695474501863,0.2,0.05668094798069332,0.2,0.05668094798069332,959.6,7.503126302626094,10,0.4,True,1,2.0,1.0,0.20654329147389294,1.0,0.20654329147389294,0.0,0.0,0.0,0.0,952.0,7.563025210084033,1,0.0,0.24036351028880132,4.160365268415664,2026-10-08T23:21:15.963886+00:00,pregame,experimental
2026020064,2026-10-08,8480797,Joel Farabee,CGY,COL,1,0,2026-10-09T01:00:00Z,effectif actuel ; participation non confirmée,37,5,2.8,1.0,0.565508505247919,0.6,0.23071993220883702,0.6,0.23071993220883702,0.4,0.11761823115925325,1044.2,9.653323118176594,5,0.2,10,2.1,0.9,0.5958436145024278,0.5,0.2365895936154873,0.4,0.16817758120350967,0.2,0.05668094798069332,1020.1,7.411038133516322,10,0.3,True,10,1.6,0.7,0.3967732199795652,0.4,0.16817758120350967,0.3,0.10778928748621182,0.1,0.01787574951572113,1055.2,5.458680818802123,10,0.3,True,1,3.0,1.0,0.20654329147389294,1.0,0.20654329147389294,1.0,0.20654329147389294,0.0,0.0,1064.0,10.150375939849624,1,0.0,0.23614154451846991,4.234748282176094,2026-10-08T23:21:15.963886+00:00,pregame,experimental
2026020064,2026-10-08,8475172,Nazem Kadri,COL,CGY,0,0,2026-10-09T01:00:00Z,effectif actuel ; participation non confirmée,32,5,2.6,0.8,0.37552826411853885,0.8,0.37552826411853885,0.6,0.23071993220883702,0.4,0.11761823115925325,950.4,9.848484848484848,5,0.0,10,2.5,0.8,0.49015684672072346,0.8,0.49015684672072346,0.5,0.2365895936154873,0.3,0.10778928748621182,965.0,9.32642487046632,10,0.1,True,10,2.7,0.9,0.5958436145024278,0.9,0.5958436145024278,0.4,0.16817758120350967,0.2,0.05668094798069332,1003.8,9.68320382546324,10,0.2,True,0,,,,,,,,,,,,0,,0.22863490573824144,4.3737853446790655,2026-10-08T23:21:15.963886+00:00,pregame,experimental
2026020064,2026-10-08,8482679,Matt Coronato,CGY,COL,1,0,2026-10-09T01:00:00Z,effectif actuel ; participation non confirmée,36,5,2.4,1.0,0.565508505247919,0.6,0.23071993220883702,0.4,0.11761823115925325,0.2,0.036223160969787456,1071.2,8.06572068707991,5,0.4,10,2.3,0.9,0.5958436145024278,0.6,0.3126695474501863,0.4,0.16817758120350967,0.2,0.05668094798069332,1038.6,7.972270363951473,10,0.2,True,10,2.0,0.8,0.49015684672072346,0.6,0.3126695474501863,0.5,0.2365895936154873,0.1,0.01787574951572113,1010.3,7.126596060576066,10,0.3,True,0,,,,,,,,,,,,0,,0.22477289523177058,4.448934997117281,2026-10-08T23:21:15.963886+00:00,pregame,experimental
2026020064,2026-10-08,8484860,Matvei Gridin,CGY,COL,1,0,2026-10-09T01:00:00Z,effectif actuel ; participation non confirmée,35,5,1.4,0.6,0.23071993220883702,0.4,0.11761823115925325,0.2,0.036223160969787456,0.2,0.036223160969787456,935.8,5.3857661893567,5,0.0,10,1.8,0.8,0.49015684672072346,0.5,0.2365895936154873,0.3,0.10778928748621182,0.2,0.05668094798069332,984.7,6.580684472428151,10,0.1,True,10,1.3,0.7,0.3967732199795652,0.3,0.10778928748621182,0.2,0.05668094798069332,0.1,0.01787574951572113,954.3,4.904118201823326,10,0.1,True,1,2.0,1.0,0.20654329147389294,1.0,0.20654329147389294,0.0,0.0,0.0,0.0,963.0,7.4766355140186915,1,0.0,0.20644706413245686,4.843856725220359,2026-10-08T23:21:15.963886+00:00,pregame,experimental
2026020064,2026-10-08,8475754,Brock Nelson,COL,CGY,0,0,2026-10-09T01:00:00Z,effectif actuel ; participation non confirmée,38,5,0.6,0.6,0.23071993220883702,0.0,-3.139202815737979e-17,0.0,-3.139202815737979e-17,0.0,-3.139202815737979e-17,1089.4,1.9827427941986415,5,0.2,10,1.3,0.7,0.3967732199795652,0.4,0.16817758120350967,0.2,0.05668094798069332,0.0,-2.0052288475052677e-17,1139.3,4.107785482313702,10,0.1,True,10,2.2,0.8,0.49015684672072346,0.7,0.3967732199795652,0.4,0.16817758120350967,0.2,0.05668094798069332,1151.7,6.876790830945558,10,0.2,True,0,,,,,,,,,,,,0,,0.18822308396521575,5.312844625289443,2026-10-08T23:21:15.963886+00:00,pregame,experimental
2026020064,2026-10-08,8482742,Zachary L'Heureux,COL,CGY,0,0,2026-10-09T01:00:00Z,effectif actuel ; participation non confirmée,26,5,1.8,0.6,0.23071993220883702,0.4,0.11761823115925325,0.4,0.11761823115925325,0.2,0.036223160969787456,763.6,8.486118386589837,5,0.0,10,1.9,0.8,0.49015684672072346,0.5,0.2365895936154873,0.3,0.10778928748621182,0.2,0.05668094798069332,827.3,8.267859301341714,10,0.2,True,10,2.4,0.9,0.5958436145024278,0.6,0.3126695474501863,0.4,0.16817758120350967,0.3,0.10778928748621182,841.3,10.269820515868298,10,0.2,True,0,,,,,,,,,,,,0,,0.1730261809676569,5.779472183963455,2026-10-08T23:21:15.963886+00:00,pregame,experimental
2026020064,2026-10-08,8477476,Artturi Lehkonen,COL,CGY,0,0,2026-10-09T01:00:00Z,effectif actuel ; participation non confirmée,27,5,2.0,0.8,0.37552826411853885,0.8,0.37552826411853885,0.4,0.11761823115925325,0.0,-3.139202815737979e-17,1154.2,6.238086986657425,5,0.6,10,1.5,0.8,0.49015684672072346,0.5,0.2365895936154873,0.2,0.05668094798069332,0.0,-2.0052288475052677e-17,1117.3,4.833079745815806,10,0.3,True,10,1.2,0.7,0.3967732199795652,0.2,0.05668094798069332,0.2,0.05668094798069332,0.1,0.01787574951572113,976.7,4.423057233541518,10,0.1,True,1,3.0,1.0,0.20654329147389294,1.0,0.20654329147389294,1.0,0.20654329147389294,0.0,0.0,1337.0,8.077786088257293,1,1.0,0.1683201362990383,5.941059827942365,2026-10-08T23:21:15.963886+00:00,pregame,experimental
2026020064,2026-10-08,8476455,Gabriel Landeskog,COL,CGY,0,0,2026-10-09T01:00:00Z,effectif actuel ; participation non confirmée,22,5,2.2,0.8,0.37552826411853885,0.6,0.23071993220883702,0.4,0.11761823115925325,0.2,0.036223160969787456,1068.8,7.410179640718563,5,0.4,10,2.0,0.8,0.49015684672072346,0.6,0.3126695474501863,0.4,0.16817758120350967,0.1,0.01787574951572113,997.3,7.219492630101273,10,0.3,True,10,2.5,1.0,0.7224598312333834,0.8,0.49015684672072346,0.5,0.2365895936154873,0.1,0.01787574951572113,1065.5,8.446738620366025,10,0.3,True,1,5.0,1.0,0.20654329147389294,1.0,0.20654329147389294,1.0,0.20654329147389294,1.0,0.20654329147389294,1017.0,17.699115044247787,1,1.0,0.16306756363940184,6.13242742873955,2026-10-08T23:21:15.963886+00:00,pregame,experimental
2026020064,2026-10-08,8475768,Jaden Schwartz,COL,CGY,0,0,2026-10-09T01:00:00Z,effectif actuel ; participation non confirmée,25,5,1.8,0.8,0.37552826411853885,0.6,0.23071993220883702,0.2,0.036223160969787456,0.2,0.036223160969787456,852.6,7.600281491907108,5,0.2,10,1.5,0.7,0.3967732199795652,0.4,0.16817758120350967,0.2,0.05668094798069332,0.2,0.05668094798069332,902.2,5.985369097761029,10,0.2,True,8,1.625,0.75,0.40926987910258916,0.5,0.2152125268244419,0.25,0.07147768885802765,0.125,0.02241690886329618,906.625,6.452502412794706,8,0.125,True,0,,,,,,,,,,,,0,,0.16169426933129952,6.18451107844196,2026-10-08T23:21:15.963886+00:00,pregame,experimental
2026020064,2026-10-08,8476458,Ryan Strome,CGY,COL,1,0,2026-10-09T01:00:00Z,effectif actuel ; participation non confirmée,28,5,1.4,0.6,0.23071993220883702,0.4,0.11761823115925325,0.2,0.036223160969787456,0.2,0.036223160969787456,828.0,6.086956521739131,5,0.2,10,1.2,0.6,0.3126695474501863,0.4,0.16817758120350967,0.1,0.01787574951572113,0.1,0.01787574951572113,825.8,5.231290869459918,10,0.3,True,10,1.6,0.7,0.3967732199795652,0.5,0.2365895936154873,0.3,0.10778928748621182,0.1,0.01787574951572113,936.6,6.149903907751441,10,0.4,True,0,,,,,,,,,,,,0,,0.1574777422274511,6.350103740728401,2026-10-08T23:21:15.963886+00:00,pregame,experimental
2026020064,2026-10-08,8481068,Yegor Sharangovich,CGY,COL,1,0,2026-10-09T01:00:00Z,effectif actuel ; participation non confirmée,37,5,1.2,0.8,0.37552826411853885,0.2,0.036223160969787456,0.2,0.036223160969787456,0.0,-3.139202815737979e-17,900.6,4.796802131912059,5,0.0,10,1.0,0.7,0.3967732199795652,0.2,0.05668094798069332,0.1,0.01787574951572113,0.0,-2.0052288475052677e-17,897.7,4.010248412610004,10,0.1,True,10,1.7,0.9,0.5958436145024278,0.5,0.2365895936154873,0.3,0.10778928748621182,0.0,-2.0052288475052677e-17,960.6,6.371018113678951,10,0.0,True,1,3.0,1.0,0.20654329147389294,1.0,0.20654329147389294,1.0,0.20654329147389294,0.0,0.0,738.0,14.634146341463415,1,0.0,0.1499362738041987,6.6695001458145935,2026-10-08T23:21:15.963886+00:00,pregame,experimental
2026020064,2026-10-08,8480448,Parker Kelly,COL,CGY,0,0,2026-10-09T01:00:00Z,effectif actuel ; participation non confirmée,39,5,1.4,1.0,0.565508505247919,0.2,0.036223160969787456,0.2,0.036223160969787456,0.0,-3.139202815737979e-17,794.0,6.347607052896725,5,0.4,10,1.4,1.0,0.7224598312333834,0.3,0.10778928748621182,0.1,0.01787574951572113,0.0,-2.0052288475052677e-17,753.9,6.685236768802229,10,0.3,True,10,1.0,0.6,0.3126695474501863,0.3,0.10778928748621182,0.1,0.01787574951572113,0.0,-2.0052288475052677e-17,760.7,4.732483239121861,10,0.1,True,1,1.0,1.0,0.20654329147389294,0.0,0.0,0.0,0.0,0.0,0.0,673.0,5.349182763744428,1,0.0,0.1454690949200076,6.874312379202557,2026-10-08T23:21:15.963886+00:00,pregame,experimental
2026020064,2026-10-08,8482768,Fedor Svechkov,COL,CGY,0,0,2026-10-09T01:00:00Z,effectif actuel ; participation non confirmée,27,5,1.4,0.8,0.37552826411853885,0.6,0.23071993220883702,0.0,-3.139202815737979e-17,0.0,-3.139202815737979e-17,849.6,5.932203389830509,5,0.2,10,1.2,0.7,0.3967732199795652,0.5,0.2365895936154873,0.0,-2.0052288475052677e-17,0.0,-2.0052288475052677e-17,792.1,5.453856836258049,10,0.2,True,10,1.1,0.7,0.3967732199795652,0.4,0.16817758120350967,0.0,-2.0052288475052677e-17,0.0,-2.0052288475052677e-17,720.1,5.499236217192057,10,0.3,True,0,,,,,,,,,,,,0,,0.14499875675301757,6.896610856487147,2026-10-08T23:21:15.963886+00:00,pregame,experimental
2026020064,2026-10-08,8484234,Aydar Suniev,CGY,COL,1,0,2026-10-09T01:00:00Z,effectif actuel ; participation non confirmée,6,5,1.8,0.8,0.37552826411853885,0.4,0.11761823115925325,0.4,0.11761823115925325,0.2,0.036223160969787456,701.6,9.236031927023946,5,0.0,6,1.5,0.6666666666666666,0.2999883213415286,0.3333333333333333,0.09676933255921684,0.3333333333333333,0.09676933255921684,0.16666666666666666,0.030052585871730285,697.3333333333334,7.74378585086042,6,0.0,True,3,1.6666666666666667,0.6666666666666666,0.20765495512648788,0.3333333333333333,0.061490315276160515,0.3333333333333333,0.061490315276160515,0.3333333333333333,0.061490315276160515,682.3333333333334,8.793356130923302,3,0.0,True,1,4.0,1.0,0.20654329147389294,1.0,0.20654329147389294,1.0,0.20654329147389294,1.0,0.20654329147389294,654.0,22.01834862385321,1,0.0,0.13807647246164342,7.242363468387363,2026-10-08T23:21:15.963886+00:00,pregame,experimental
2026020064,2026-10-08,8478462,Nicolas Roy,COL,CGY,0,0,2026-10-09T01:00:00Z,effectif actuel ; participation non confirmée,32,5,1.6,0.6,0.23071993220883702,0.6,0.23071993220883702,0.4,0.11761823115925325,0.0,-3.139202815737979e-17,843.0,6.832740213523132,5,0.4,10,1.3,0.7,0.3967732199795652,0.4,0.16817758120350967,0.2,0.05668094798069332,0.0,-2.0052288475052677e-17,778.6,6.010788594913948,10,0.3,True,10,1.5,0.9,0.5958436145024278,0.4,0.16817758120350967,0.2,0.05668094798069332,0.0,-2.0052288475052677e-17,810.3,6.664198445020363,10,0.2,True,2,0.5,0.5,0.09452865480086611,0.0,0.0,0.0,0.0,0.0,0.0,947.0,1.9007391763463568,2,0.0,0.13470401655990666,7.423683610468081,2026-10-08T23:21:15.963886+00:00,pregame,experimental
2026020064,2026-10-08,8481186,Logan O'Connor,COL,CGY,0,0,2026-10-09T01:00:00Z,effectif actuel ; participation non confirmée,13,5,1.8,1.0,0.565508505247919,0.4,0.11761823115925325,0.2,0.036223160969787456,0.2,0.036223160969787456,703.0,9.217638691322902,5,0.0,10,1.1,0.6,0.3126695474501863,0.3,0.10778928748621182,0.1,0.01787574951572113,0.1,0.01787574951572113,648.1,6.110168183922235,10,0.0,True,6,1.3333333333333333,0.6666666666666666,0.2999883213415286,0.3333333333333333,0.09676933255921684,0.16666666666666666,0.030052585871730285,0.16666666666666666,0.030052585871730285,688.8333333333334,6.968303895475442,6,0.0,True,1,4.0,1.0,0.20654329147389294,1.0,0.20654329147389294,1.0,0.20654329147389294,1.0,0.20654329147389294,739.0,19.485791610284167,1,0.0,0.11471287049754458,8.717417632936009,2026-10-08T23:21:15.963886+00:00,pregame,experimental
2026020064,2026-10-08,8484768,Zayne Parekh,CGY,COL,1,1,2026-10-09T01:00:00Z,effectif actuel ; participation non confirmée,29,5,2.2,1.0,0.565508505247919,0.8,0.37552826411853885,0.2,0.036223160969787456,0.2,0.036223160969787456,1203.4,6.581352833638026,5,0.2,10,2.3,0.9,0.5958436145024278,0.7,0.3967732199795652,0.4,0.16817758120350967,0.3,0.10778928748621182,1192.8,6.941649899396379,10,0.2,True,10,2.2,0.9,0.5958436145024278,0.6,0.3126695474501863,0.3,0.10778928748621182,0.3,0.10778928748621182,1149.6,6.8893528183716075,10,0.3,True,1,2.0,1.0,0.20654329147389294,1.0,0.20654329147389294,0.0,0.0,0.0,0.0,1341.0,5.369127516778524,1,0.0,0.1141094199261814,8.763518390040986,2026-10-08T23:21:15.963886+00:00,pregame,experimental
2026020064,2026-10-08,8483609,Adam Klapka,CGY,COL,1,0,2026-10-09T01:00:00Z,effectif actuel ; participation non confirmée,35,5,1.2,0.6,0.23071993220883702,0.4,0.11761823115925325,0.2,0.036223160969787456,0.0,-3.139202815737979e-17,659.0,6.555386949924127,5,0.0,10,1.0,0.6,0.3126695474501863,0.3,0.10778928748621182,0.1,0.01787574951572113,0.0,-2.0052288475052677e-17,626.6,5.745292052345994,10,0.0,True,10,0.9,0.5,0.2365895936154873,0.3,0.10778928748621182,0.1,0.01787574951572113,0.0,-2.0052288475052677e-17,649.3,4.989989219159094,10,0.1,True,1,2.0,1.0,0.20654329147389294,1.0,0.20654329147389294,0.0,0.0,0.0,0.0,761.0,9.461235216819974,1,0.0,0.11277461041747704,8.867244110160339,2026-10-08T23:21:15.963886+00:00,pregame,experimental
2026020064,2026-10-08,8480069,Cale Makar,COL,CGY,0,1,2026-10-09T01:00:00Z,effectif actuel ; participation non confirmée,32,5,3.0,1.0,0.565508505247919,0.8,0.37552826411853885,0.8,0.37552826411853885,0.4,0.11761823115925325,1326.2,8.143568089277636,5,0.2,10,2.4,0.9,0.5958436145024278,0.8,0.49015684672072346,0.5,0.2365895936154873,0.2,0.05668094798069332,1382.5,6.249547920433996,10,0.1,True,10,2.5,0.9,0.5958436145024278,0.9,0.5958436145024278,0.4,0.16817758120350967,0.3,0.10778928748621182,1484.1,6.064281382656155,10,0.2,True,1,4.0,1.0,0.20654329147389294,1.0,0.20654329147389294,1.0,0.20654329147389294,1.0,0.20654329147389294,1535.0,9.381107491856678,1,0.0,0.1090692346744964,9.168488281634835,2026-10-08T23:21:15.963886+00:00,pregame,experimental
2026020064,2026-10-08,8481028,Martin Pospisil,CGY,COL,1,0,2026-10-09T01:00:00Z,effectif actuel ; participation non confirmée,25,5,1.0,0.6,0.23071993220883702,0.4,0.11761823115925325,0.0,-3.139202815737979e-17,0.0,-3.139202815737979e-17,679.8,5.29567519858782,5,0.0,10,0.8,0.6,0.3126695474501863,0.2,0.05668094798069332,0.0,-2.0052288475052677e-17,0.0,-2.0052288475052677e-17,637.8,4.51552210724365,10,0.0,True,10,1.0,0.6,0.3126695474501863,0.3,0.10778928748621182,0.1,0.01787574951572113,0.0,-2.0052288475052677e-17,604.1,5.959278265187883,10,0.1,True,0,,,,,,,,,,,,0,,0.10668550364407343,9.373344698603312,2026-10-08T23:21:15.963886+00:00,pregame,experimental
2026020064,2026-10-08,8478038,Devon Toews,COL,CGY,0,1,2026-10-09T01:00:00Z,effectif actuel ; participation non confirmée,31,5,1.8,0.6,0.23071993220883702,0.6,0.23071993220883702,0.4,0.11761823115925325,0.2,0.036223160969787456,1370.4,4.728546409807356,5,0.0,10,1.5,0.6,0.3126695474501863,0.6,0.3126695474501863,0.2,0.05668094798069332,0.1,0.01787574951572113,1418.4,3.8071065989847717,10,0.1,True,10,1.3,0.9,0.5958436145024278,0.3,0.10778928748621182,0.1,0.01787574951572113,0.0,-2.0052288475052677e-17,1301.1,3.5969564214895087,10,0.0,True,0,,,,,,,,,,,,0,,0.105950209791425,9.43839565743771,2026-10-08T23:21:15.963886+00:00,pregame,experimental
2026020064,2026-10-08,8482747,Brennan Othmann,CGY,COL,1,0,2026-10-09T01:00:00Z,effectif actuel ; participation non confirmée,11,5,0.8,0.8,0.37552826411853885,0.0,-3.139202815737979e-17,0.0,-3.139202815737979e-17,0.0,-3.139202815737979e-17,615.2,4.681404421326398,5,0.2,10,0.7,0.6,0.3126695474501863,0.1,0.01787574951572113,0.0,-2.0052288475052677e-17,0.0,-2.0052288475052677e-17,633.2,3.979785217940619,10,0.1,True,4,0.25,0.25,0.045586062644636216,0.0,0.0,0.0,0.0,0.0,0.0,608.5,1.4790468364831553,4,0.0,True,0,,,,,,,,,,,,0,,0.09800965070339733,10.203076868687756,2026-10-08T23:21:15.963886+00:00,pregame,experimental
2026020064,2026-10-08,8484958,Maxim Tsyplakov,CGY,COL,1,0,2026-10-09T01:00:00Z,effectif actuel ; participation non confirmée,28,5,0.4,0.4,0.11761823115925325,0.0,-3.139202815737979e-17,0.0,-3.139202815737979e-17,0.0,-3.139202815737979e-17,650.0,2.2153846153846155,5,0.0,10,0.7,0.4,0.16817758120350967,0.2,0.05668094798069332,0.1,0.01787574951572113,0.0,-2.0052288475052677e-17,574.5,4.386422976501305,10,0.0,True,10,1.0,0.7,0.3967732199795652,0.3,0.10778928748621182,0.0,-2.0052288475052677e-17,0.0,-2.0052288475052677e-17,505.8,7.117437722419929,10,0.1,True,0,,,,,,,,,,,,0,,0.0950002787325875,10.52628490506707,2026-10-08T23:21:15.963886+00:00,pregame,experimental
2026020064,2026-10-08,8483495,Simon Nemec,CGY,COL,1,1,2026-10-09T01:00:00Z,effectif actuel ; participation non confirmée,37,5,1.6,0.6,0.23071993220883702,0.4,0.11761823115925325,0.4,0.11761823115925325,0.2,0.036223160969787456,1298.6,4.435545972585862,5,0.0,10,1.7,0.8,0.49015684672072346,0.4,0.16817758120350967,0.3,0.10778928748621182,0.2,0.05668094798069332,1229.9,4.976014310106513,10,0.0,True,10,1.9,1.0,0.7224598312333834,0.6,0.3126695474501863,0.2,0.05668094798069332,0.1,0.01787574951572113,1187.6,5.759514988211519,10,0.2,True,0,,,,,,,,,,,,0,,0.09372531178938134,10.669476376319674,2026-10-08T23:21:15.963886+00:00,pregame,experimental
2026020064,2026-10-08,8484258,Sam Malinski,COL,CGY,0,1,2026-10-09T01:00:00Z,effectif actuel ; participation non confirmée,39,5,2.0,1.0,0.565508505247919,0.6,0.23071993220883702,0.2,0.036223160969787456,0.2,0.036223160969787456,1070.8,6.72394471423235,5,0.0,10,2.3,0.9,0.5958436145024278,0.7,0.3967732199795652,0.3,0.10778928748621182,0.3,0.10778928748621182,1170.8,7.072087461564742,10,0.1,True,10,2.4,0.9,0.5958436145024278,0.6,0.3126695474501863,0.5,0.2365895936154873,0.3,0.10778928748621182,1184.9,7.291754578445438,10,0.2,True,1,2.0,1.0,0.20654329147389294,1.0,0.20654329147389294,0.0,0.0,0.0,0.0,1236.0,5.825242718446602,1,0.0,0.09133494268983484,10.948712185607967,2026-10-08T23:21:15.963886+00:00,pregame,experimental
2026020064,2026-10-08,8480727,Zach Whitecloud,CGY,COL,1,1,2026-10-09T01:00:00Z,effectif actuel ; participation non confirmée,34,5,0.8,0.4,0.11761823115925325,0.4,0.11761823115925325,0.0,-3.139202815737979e-17,0.0,-3.139202815737979e-17,1180.0,2.440677966101695,5,0.0,10,0.7,0.5,0.2365895936154873,0.2,0.05668094798069332,0.0,-2.0052288475052677e-17,0.0,-2.0052288475052677e-17,1350.1,1.8665284053033109,10,0.0,True,10,0.9,0.5,0.2365895936154873,0.2,0.05668094798069332,0.1,0.01787574951572113,0.1,0.01787574951572113,1322.2,2.450461352291635,10,0.0,True,1,0.0,0.0,0.0,0.0,0.0,0.0,0.0,0.0,0.0,876.0,0.0,1,0.0,0.09105402021458259,10.98249146653106,2026-10-08T23:21:15.963886+00:00,pregame,experimental
2026020064,2026-10-08,8470613,Brent Burns,COL,CGY,0,1,2026-10-09T01:00:00Z,effectif actuel ; participation non confirmée,39,5,1.0,0.6,0.23071993220883702,0.4,0.11761823115925325,0.0,-3.139202815737979e-17,0.0,-3.139202815737979e-17,1004.8,3.582802547770701,5,0.0,10,1.8,0.8,0.49015684672072346,0.7,0.3967732199795652,0.3,0.10778928748621182,0.0,-2.0052288475052677e-17,1080.3,5.998333796167731,10,0.1,True,10,2.3,0.9,0.5958436145024278,0.9,0.5958436145024278,0.4,0.16817758120350967,0.1,0.01787574951572113,1089.6,7.599118942731278,10,0.0,True,1,0.0,0.0,0.0,0.0,0.0,0.0,0.0,0.0,0.0,1229.0,0.0,1,0.0,0.08448393971817424,11.836569214644229,2026-10-08T23:21:15.963886+00:00,pregame,experimental
2026020064,2026-10-08,8482165,Yan Kuznetsov,CGY,COL,1,1,2026-10-09T01:00:00Z,effectif actuel ; participation non confirmée,25,5,1.8,1.0,0.565508505247919,0.6,0.23071993220883702,0.2,0.036223160969787456,0.0,-3.139202815737979e-17,1203.8,5.38295397906629,5,0.0,10,1.4,0.8,0.49015684672072346,0.5,0.2365895936154873,0.1,0.01787574951572113,0.0,-2.0052288475052677e-17,1117.5,4.510067114093959,10,0.0,True,10,1.4,0.9,0.5958436145024278,0.3,0.10778928748621182,0.1,0.01787574951572113,0.1,0.01787574951572113,1163.0,4.333619948409287,10,0.0,True,0,,,,,,,,,,,,0,,0.07978257871920247,12.534064654885805,2026-10-08T23:21:15.963886+00:00,pregame,experimental
2026020064,2026-10-08,8476967,Brett Kulak,COL,CGY,0,1,2026-10-09T01:00:00Z,effectif actuel ; participation non confirmée,39,5,0.8,0.4,0.11761823115925325,0.4,0.11761823115925325,0.0,-3.139202815737979e-17,0.0,-3.139202815737979e-17,1130.6,2.547320007075889,5,0.0,10,1.2,0.7,0.3967732199795652,0.4,0.16817758120350967,0.1,0.01787574951572113,0.0,-2.0052288475052677e-17,1223.9,3.529700138900237,10,0.0,True,10,1.3,0.8,0.49015684672072346,0.3,0.10778928748621182,0.2,0.05668094798069332,0.0,-2.0052288475052677e-17,1184.0,3.9527027027027026,10,0.0,True,2,0.0,0.0,0.0,0.0,0.0,0.0,0.0,0.0,0.0,1285.5,0.0,2,0.0,0.06537828158519493,15.295599329830846,2026-10-08T23:21:15.963886+00:00,pregame,experimental
2026020064,2026-10-08,8476312,Josh Manson,COL,CGY,0,1,2026-10-09T01:00:00Z,effectif actuel ; participation non confirmée,36,5,1.8,0.8,0.37552826411853885,0.6,0.23071993220883702,0.4,0.11761823115925325,0.0,-3.139202815737979e-17,954.8,6.786761625471303,5,0.2,10,2.1,0.9,0.5958436145024278,0.7,0.3967732199795652,0.4,0.16817758120350967,0.1,0.01787574951572113,1058.4,7.142857142857143,10,0.1,True,10,1.6,0.9,0.5958436145024278,0.4,0.16817758120350967,0.3,0.10778928748621182,0.0,-2.0052288475052677e-17,1020.8,5.6426332288401255,10,0.0,True,0,,,,,,,,,,,,0,,0.058423300537638646,17.116458515652667,2026-10-08T23:21:15.963886+00:00,pregame,experimental
2026020064,2026-10-08,8478136,Jake Middleton,CGY,COL,1,1,2026-10-09T01:00:00Z,effectif actuel ; participation non confirmée,36,5,1.2,0.8,0.37552826411853885,0.4,0.11761823115925325,0.0,-3.139202815737979e-17,0.0,-3.139202815737979e-17,1067.0,4.048734770384255,5,0.0,10,0.9,0.7,0.3967732199795652,0.2,0.05668094798069332,0.0,-2.0052288475052677e-17,0.0,-2.0052288475052677e-17,1064.8,3.04282494365139,10,0.1,True,10,0.9,0.7,0.3967732199795652,0.2,0.05668094798069332,0.0,-2.0052288475052677e-17,0.0,-2.0052288475052677e-17,999.6,3.241296518607443,10,0.0,True,0,,,,,,,,,,,,0,,0.05670888745171108,17.633920271342355,2026-10-08T23:21:15.963886+00:00,pregame,experimental
2026020064,2026-10-08,8480860,Kevin Bahl,CGY,COL,1,1,2026-10-09T01:00:00Z,effectif actuel ; participation non confirmée,32,5,0.2,0.2,0.036223160969787456,0.0,-3.139202815737979e-17,0.0,-3.139202815737979e-17,0.0,-3.139202815737979e-17,1068.6,0.673778775968557,5,0.0,10,0.1,0.1,0.01787574951572113,0.0,-2.0052288475052677e-17,0.0,-2.0052288475052677e-17,0.0,-2.0052288475052677e-17,1237.7,0.29086208289569365,10,0.0,True,10,0.6,0.5,0.2365895936154873,0.1,0.01787574951572113,0.0,-2.0052288475052677e-17,0.0,-2.0052288475052677e-17,1367.3,1.5797557229576538,10,0.0,True,0,,,,,,,,,,,,0,,0.049679077337170335,20.129198318499988,2026-10-08T23:21:15.963886+00:00,pregame,experimental
2026020064,2026-10-08,8477810,Joel Hanley,CGY,COL,1,1,2026-10-09T01:00:00Z,effectif actuel ; participation non confirmée,24,5,0.8,0.4,0.11761823115925325,0.2,0.036223160969787456,0.2,0.036223160969787456,0.0,-3.139202815737979e-17,914.4,3.1496062992125986,5,0.0,10,0.9,0.5,0.2365895936154873,0.3,0.10778928748621182,0.1,0.01787574951572113,0.0,-2.0052288475052677e-17,946.8,3.4220532319391634,10,0.0,True,10,0.9,0.6,0.3126695474501863,0.2,0.05668094798069332,0.1,0.01787574951572113,0.0,-2.0052288475052677e-17,874.7,3.7041271293014746,10,0.0,True,0,,,,,,,,,,,,0,,0.04701303010758101,21.27069873419511,2026-10-08T23:21:15.963886+00:00,pregame,experimental
2026020064,2026-10-08,8478454,Noah Juulsen,COL,CGY,0,1,2026-10-09T01:00:00Z,effectif actuel ; participation non confirmée,20,5,0.2,0.2,0.036223160969787456,0.0,-3.139202815737979e-17,0.0,-3.139202815737979e-17,0.0,-3.139202815737979e-17,804.0,0.8955223880597015,5,0.0,10,0.6,0.4,0.16817758120350967,0.1,0.01787574951572113,0.1,0.01787574951572113,0.0,-2.0052288475052677e-17,764.0,2.8272251308900525,10,0.0,True,10,0.2,0.2,0.05668094798069332,0.0,-2.0052288475052677e-17,0.0,-2.0052288475052677e-17,0.0,-2.0052288475052677e-17,798.3,0.9019165727170236,10,0.0,True,0,,,,,,,,,,,,0,,0.034338353298026,29.121955596440518,2026-10-08T23:21:15.963886+00:00,pregame,experimental
2026020064,2026-10-08,8484154,Jonathan Castagna,CGY,COL,1,0,2026-10-09T01:00:00Z,effectif actuel ; participation non confirmée,0,0,,,,,,,,,,,,0,,0,,,,,,,,,,,,0,,True,0,,,,,,,,,,,,0,,True,0,,,,,,,,,,,,0,,,,2026-10-08T23:21:15.963886+00:00,pregame,historique insuffisant
2026020064,2026-10-08,8484180,Samuel Honzek,CGY,COL,1,0,2026-10-09T01:00:00Z,effectif actuel ; participation non confirmée,3,3,0.6666666666666666,0.3333333333333333,0.061490315276160515,0.3333333333333333,0.061490315276160515,0.0,0.0,0.0,0.0,933.6666666666666,2.570510531952874,3,0.0,3,0.6666666666666666,0.3333333333333333,0.061490315276160515,0.3333333333333333,0.061490315276160515,0.0,0.0,0.0,0.0,933.6666666666666,2.570510531952874,3,0.0,True,1,2.0,1.0,0.20654329147389294,1.0,0.20654329147389294,0.0,0.0,0.0,0.0,932.0,7.725321888412017,1,0.0,True,0,,,,,,,,,,,,0,,,,2026-10-08T23:21:15.963886+00:00,pregame,historique insuffisant
2026020064,2026-10-08,8486171,T.J. Hughes,COL,CGY,0,0,2026-10-09T01:00:00Z,effectif actuel ; participation non confirmée,3,3,1.6666666666666667,1.0,0.4384939195509822,0.6666666666666666,0.20765495512648788,0.0,0.0,0.0,0.0,909.0,6.600660066006601,3,0.0,3,1.6666666666666667,1.0,0.4384939195509822,0.6666666666666666,0.20765495512648788,0.0,0.0,0.0,0.0,909.0,6.600660066006601,3,0.0,True,1,1.0,1.0,0.20654329147389294,0.0,0.0,0.0,0.0,0.0,0.0,716.0,5.027932960893855,1,0.0,True,0,,,,,,,,,,,,0,,,,2026-10-08T23:21:15.963886+00:00,pregame,historique insuffisant
2026020065,2026-10-08,8479318,Auston Matthews,TOR,VGK,0,0,2026-10-09T02:00:00Z,effectif actuel ; participation non confirmée,22,5,3.2,1.0,0.565508505247919,0.8,0.37552826411853885,0.6,0.23071993220883702,0.4,0.11761823115925325,1235.0,9.327935222672064,5,0.6,10,4.2,1.0,0.7224598312333834,0.9,0.5958436145024278,0.7,0.3967732199795652,0.6,0.3126695474501863,1298.9,11.64061898529525,10,0.3,True,9,3.2222222222222223,0.8888888888888888,0.5649937852319398,0.8888888888888888,0.5649937852319398,0.4444444444444444,0.188775429471914,0.4444444444444444,0.188775429471914,1272.7777777777778,9.113924050632912,9,0.0,True,0,,,,,,,,,,,,0,,0.374660771855269,2.6690811398485526,2026-10-08T23:21:15.963886+00:00,pregame,experimental
2026020065,2026-10-08,8480893,Kirill Marchenko,TOR,VGK,0,0,2026-10-09T02:00:00Z,effectif actuel ; participation non confirmée,36,5,3.2,1.0,0.565508505247919,1.0,0.565508505247919,0.8,0.37552826411853885,0.4,0.11761823115925325,1181.0,9.754445385266724,5,0.2,10,2.8,0.9,0.5958436145024278,0.9,0.5958436145024278,0.7,0.3967732199795652,0.3,0.10778928748621182,1206.6,8.35405271009448,10,0.2,True,10,2.5,1.0,0.7224598312333834,0.8,0.49015684672072346,0.4,0.16817758120350967,0.2,0.05668094798069332,1163.3,7.736611364222471,10,0.3,True,0,,,,,,,,,,,,0,,0.30283229572933595,3.302157709406844,2026-10-08T23:21:15.963886+00:00,pregame,experimental
2026020065,2026-10-08,8478403,Jack Eichel,VGK,TOR,1,0,2026-10-09T02:00:00Z,effectif actuel ; participation non confirmée,38,5,2.4,1.0,0.565508505247919,1.0,0.565508505247919,0.2,0.036223160969787456,0.2,0.036223160969787456,1176.8,7.341944255608429,5,0.4,10,2.8,1.0,0.7224598312333834,1.0,0.7224598312333834,0.5,0.2365895936154873,0.3,0.10778928748621182,1162.7,8.669476219145093,10,0.4,True,10,3.1,1.0,0.7224598312333834,1.0,0.7224598312333834,0.6,0.3126695474501863,0.4,0.16817758120350967,1272.3,8.771516151850978,10,0.3,True,0,,,,,,,,,,,,0,,0.2995224516049655,3.3386478864658904,2026-10-08T23:21:15.963886+00:00,pregame,experimental
2026020065,2026-10-08,8477939,William Nylander,TOR,VGK,0,0,2026-10-09T02:00:00Z,effectif actuel ; participation non confirmée,32,5,2.4,1.0,0.565508505247919,0.6,0.23071993220883702,0.4,0.11761823115925325,0.2,0.036223160969787456,1213.0,7.122835943940643,5,0.6,10,2.6,1.0,0.7224598312333834,0.7,0.3967732199795652,0.5,0.2365895936154873,0.2,0.05668094798069332,1257.2,7.4451161310849505,10,0.5,True,10,3.0,0.9,0.5958436145024278,0.8,0.49015684672072346,0.5,0.2365895936154873,0.2,0.05668094798069332,1264.8,8.538899430740038,10,0.3,True,0,,,,,,,,,,,,0,,0.29866391312944035,3.348245154635076,2026-10-08T23:21:15.963886+00:00,pregame,experimental
2026020065,2026-10-08,8475913,Mark Stone,VGK,TOR,1,0,2026-10-09T02:00:00Z,effectif actuel ; participation non confirmée,33,5,2.0,0.8,0.37552826411853885,0.6,0.23071993220883702,0.4,0.11761823115925325,0.2,0.036223160969787456,1093.4,6.584964331443205,5,0.4,10,2.5,0.9,0.5958436145024278,0.8,0.49015684672072346,0.5,0.2365895936154873,0.3,0.10778928748621182,1101.1,8.1736445372809,10,0.6,True,10,1.7,0.8,0.49015684672072346,0.5,0.2365895936154873,0.3,0.10778928748621182,0.1,0.01787574951572113,1159.0,5.280414150129422,10,0.3,True,0,,,,,,,,,,,,0,,0.27648138805949013,3.616879989711392,2026-10-08T23:21:15.963886+00:00,pregame,experimental
2026020065,2026-10-08,8478483,Mitch Marner,VGK,TOR,1,0,2026-10-09T02:00:00Z,effectif actuel ; participation non confirmée,38,5,2.4,1.0,0.565508505247919,0.8,0.37552826411853885,0.4,0.11761823115925325,0.2,0.036223160969787456,1188.4,7.270279367216426,5,0.4,10,2.4,1.0,0.7224598312333834,0.7,0.3967732199795652,0.3,0.10778928748621182,0.2,0.05668094798069332,1187.2,7.277628032345014,10,0.2,True,10,2.5,1.0,0.7224598312333834,0.6,0.3126695474501863,0.4,0.16817758120350967,0.3,0.10778928748621182,1236.2,7.2803753437955026,10,0.3,True,0,,,,,,,,,,,,0,,0.26541281784740717,3.767715546334037,2026-10-08T23:21:15.963886+00:00,pregame,experimental
2026020065,2026-10-08,8475166,John Tavares,TOR,VGK,0,0,2026-10-09T02:00:00Z,effectif actuel ; participation non confirmée,38,5,2.8,0.8,0.37552826411853885,0.6,0.23071993220883702,0.6,0.23071993220883702,0.4,0.11761823115925325,1085.6,9.285187914517318,5,0.2,10,2.3,0.9,0.5958436145024278,0.5,0.2365895936154873,0.5,0.2365895936154873,0.2,0.05668094798069332,1122.4,7.377049180327869,10,0.3,True,10,1.6,0.8,0.49015684672072346,0.4,0.16817758120350967,0.3,0.10778928748621182,0.1,0.01787574951572113,1159.4,4.968086941521476,10,0.4,True,0,,,,,,,,,,,,0,,0.25375323539654976,3.940836452537294,2026-10-08T23:21:15.963886+00:00,pregame,experimental
2026020065,2026-10-08,8479353,Brett Howden,VGK,TOR,1,0,2026-10-09T02:00:00Z,effectif actuel ; participation non confirmée,23,5,1.6,0.8,0.37552826411853885,0.4,0.11761823115925325,0.4,0.11761823115925325,0.0,-3.139202815737979e-17,989.4,5.821710127349909,5,0.0,10,1.4,0.7,0.3967732199795652,0.3,0.10778928748621182,0.3,0.10778928748621182,0.1,0.01787574951572113,987.1,5.105865667105663,10,0.2,True,10,1.5,0.8,0.49015684672072346,0.4,0.16817758120350967,0.3,0.10778928748621182,0.0,-2.0052288475052677e-17,908.2,5.945826910372165,10,0.1,True,0,,,,,,,,,,,,0,,0.20817415070903394,4.803670372109288,2026-10-08T23:21:15.963886+00:00,pregame,experimental
2026020065,2026-10-08,8476881,Tomas Hertl,VGK,TOR,1,0,2026-10-09T02:00:00Z,effectif actuel ; participation non confirmée,39,5,3.0,1.0,0.565508505247919,0.8,0.37552826411853885,0.6,0.23071993220883702,0.4,0.11761823115925325,973.2,11.097410604192355,5,0.4,10,2.4,0.8,0.49015684672072346,0.7,0.3967732199795652,0.5,0.2365895936154873,0.3,0.10778928748621182,925.8,9.33246921581335,10,0.2,True,10,3.3,1.0,0.7224598312333834,0.8,0.49015684672072346,0.8,0.49015684672072346,0.6,0.3126695474501863,996.0,11.927710843373495,10,0.1,True,0,,,,,,,,,,,,0,,0.20149597188871143,4.962878367376553,2026-10-08T23:21:15.963886+00:00,pregame,experimental
2026020065,2026-10-08,8478458,Jack Roslovic,TOR,VGK,0,0,2026-10-09T02:00:00Z,effectif actuel ; participation non confirmée,37,5,2.2,1.0,0.565508505247919,0.8,0.37552826411853885,0.2,0.036223160969787456,0.2,0.036223160969787456,984.8,8.042242079610073,5,0.2,10,2.1,0.9,0.5958436145024278,0.7,0.3967732199795652,0.3,0.10778928748621182,0.2,0.05668094798069332,992.8,7.614826752618856,10,0.2,True,10,1.8,0.9,0.5958436145024278,0.5,0.2365895936154873,0.3,0.10778928748621182,0.1,0.01787574951572113,923.7,7.015264696329977,10,0.3,True,2,1.0,1.0,0.3423719528896193,0.0,0.0,0.0,0.0,0.0,0.0,804.0,4.477611940298507,2,0.0,0.194394957084418,5.144166366238296,2026-10-08T23:21:15.963886+00:00,pregame,experimental
2026020065,2026-10-08,8477426,Nick Paul,TOR,VGK,0,0,2026-10-09T02:00:00Z,effectif actuel ; participation non confirmée,27,5,1.6,0.8,0.37552826411853885,0.6,0.23071993220883702,0.2,0.036223160969787456,0.0,-3.139202815737979e-17,1002.4,5.746209098164406,5,0.0,10,1.5,0.8,0.49015684672072346,0.6,0.3126695474501863,0.1,0.01787574951572113,0.0,-2.0052288475052677e-17,910.0,5.934065934065934,10,0.1,True,10,0.8,0.5,0.2365895936154873,0.3,0.10778928748621182,0.0,-2.0052288475052677e-17,0.0,-2.0052288475052677e-17,767.5,3.752442996742671,10,0.1,True,0,,,,,,,,,,,,0,,0.18738806693689908,5.336519108960867,2026-10-08T23:21:15.963886+00:00,pregame,experimental
2026020065,2026-10-08,8484158,Easton Cowan,TOR,VGK,0,0,2026-10-09T02:00:00Z,effectif actuel ; participation non confirmée,33,5,1.8,0.8,0.37552826411853885,0.6,0.23071993220883702,0.4,0.11761823115925325,0.0,-3.139202815737979e-17,933.2,6.943849121303043,5,0.2,10,1.5,0.8,0.49015684672072346,0.4,0.16817758120350967,0.3,0.10778928748621182,0.0,-2.0052288475052677e-17,1035.9,5.212858384013901,10,0.3,True,10,1.3,0.6,0.3126695474501863,0.4,0.16817758120350967,0.3,0.10778928748621182,0.0,-2.0052288475052677e-17,1092.6,4.283360790774299,10,0.3,True,0,,,,,,,,,,,,0,,0.18438414380058032,5.423459845232379,2026-10-08T23:21:15.963886+00:00,pregame,experimental
2026020065,2026-10-08,8477964,Ivan Barbashev,VGK,TOR,1,0,2026-10-09T02:00:00Z,effectif actuel ; participation non confirmée,39,5,0.8,0.6,0.23071993220883702,0.2,0.036223160969787456,0.0,-3.139202815737979e-17,0.0,-3.139202815737979e-17,915.4,3.1461656106620057,5,0.0,10,1.2,0.6,0.3126695474501863,0.2,0.05668094798069332,0.1,0.01787574951572113,0.1,0.01787574951572113,939.1,4.600149078905335,10,0.1,True,10,1.6,0.9,0.5958436145024278,0.4,0.16817758120350967,0.2,0.05668094798069332,0.1,0.01787574951572113,961.1,5.993132868588076,10,0.3,True,0,,,,,,,,,,,,0,,0.16190631568822636,6.17641131384672,2026-10-08T23:21:15.963886+00:00,pregame,experimental
2026020065,2026-10-08,8478178,Darren Raddysh,TOR,VGK,0,1,2026-10-09T02:00:00Z,effectif actuel ; participation non confirmée,36,5,3.2,1.0,0.565508505247919,1.0,0.565508505247919,0.6,0.23071993220883702,0.4,0.11761823115925325,1342.2,8.58292355833706,5,0.0,10,3.1,1.0,0.7224598312333834,0.9,0.5958436145024278,0.6,0.3126695474501863,0.4,0.16817758120350967,1288.0,8.664596273291925,10,0.2,True,10,4.2,1.0,0.7224598312333834,0.9,0.5958436145024278,0.9,0.5958436145024278,0.7,0.3967732199795652,1350.7,11.194195602280299,10,0.3,True,0,,,,,,,,,,,,0,,0.15444582299485596,6.4747623510239345,2026-10-08T23:21:15.963886+00:00,pregame,experimental
2026020065,2026-10-08,8476925,Colton Sissons,TOR,VGK,0,0,2026-10-09T02:00:00Z,effectif actuel ; participation non confirmée,29,5,1.8,0.8,0.37552826411853885,0.6,0.23071993220883702,0.2,0.036223160969787456,0.2,0.036223160969787456,816.8,7.933398628795299,5,0.2,10,1.4,0.7,0.3967732199795652,0.5,0.2365895936154873,0.1,0.01787574951572113,0.1,0.01787574951572113,838.7,6.00930010730893,10,0.2,True,10,1.3,0.7,0.3967732199795652,0.5,0.2365895936154873,0.1,0.01787574951572113,0.0,-2.0052288475052677e-17,824.2,5.678233438485805,10,0.1,True,0,,,,,,,,,,,,0,,0.14423679095247233,6.9330438745653415,2026-10-08T23:21:15.963886+00:00,pregame,experimental
2026020065,2026-10-08,8483890,Braeden Bowman,VGK,TOR,1,0,2026-10-09T02:00:00Z,effectif actuel ; participation non confirmée,27,5,1.4,1.0,0.565508505247919,0.2,0.036223160969787456,0.2,0.036223160969787456,0.0,-3.139202815737979e-17,708.2,7.116633719288337,5,0.2,10,1.5,0.9,0.5958436145024278,0.4,0.16817758120350967,0.2,0.05668094798069332,0.0,-2.0052288475052677e-17,762.2,7.084754657570191,10,0.1,True,10,1.5,0.7,0.3967732199795652,0.5,0.2365895936154873,0.3,0.10778928748621182,0.0,-2.0052288475052677e-17,798.1,6.766069414860294,10,0.1,True,0,,,,,,,,,,,,0,,0.12843756571218815,7.78588409438458,2026-10-08T23:21:15.963886+00:00,pregame,experimental
2026020065,2026-10-08,8478109,Victor Olofsson,VGK,TOR,1,0,2026-10-09T02:00:00Z,effectif actuel ; participation non confirmée,36,5,2.0,1.0,0.565508505247919,0.6,0.23071993220883702,0.2,0.036223160969787456,0.2,0.036223160969787456,739.2,9.74025974025974,5,0.6,10,1.7,0.9,0.5958436145024278,0.5,0.2365895936154873,0.2,0.05668094798069332,0.1,0.01787574951572113,782.2,7.8240859115315775,10,0.3,True,10,2.3,1.0,0.7224598312333834,0.5,0.2365895936154873,0.4,0.16817758120350967,0.2,0.05668094798069332,850.4,9.73659454374412,10,0.3,True,0,,,,,,,,,,,,0,,0.12831750860286906,7.793168764637634,2026-10-08T23:21:15.963886+00:00,pregame,experimental
2026020065,2026-10-08,8479520,Brandon Duhaime,TOR,VGK,0,0,2026-10-09T02:00:00Z,effectif actuel ; participation non confirmée,37,5,0.8,0.6,0.23071993220883702,0.2,0.036223160969787456,0.0,-3.139202815737979e-17,0.0,-3.139202815737979e-17,659.4,4.367606915377616,5,0.0,10,0.9,0.6,0.3126695474501863,0.3,0.10778928748621182,0.0,-2.0052288475052677e-17,0.0,-2.0052288475052677e-17,689.4,4.699738903394256,10,0.0,True,10,0.7,0.5,0.2365895936154873,0.2,0.05668094798069332,0.0,-2.0052288475052677e-17,0.0,-2.0052288475052677e-17,700.0,3.6,10,0.0,True,1,0.0,0.0,0.0,0.0,0.0,0.0,0.0,0.0,0.0,953.0,0.0,1,0.0,0.12553201551564586,7.966095309569562,2026-10-08T23:21:15.963886+00:00,pregame,experimental
2026020065,2026-10-08,8480870,Bo Groulx,TOR,VGK,0,0,2026-10-09T02:00:00Z,effectif actuel ; participation non confirmée,16,5,0.6,0.6,0.23071993220883702,0.0,-3.139202815737979e-17,0.0,-3.139202815737979e-17,0.0,-3.139202815737979e-17,653.6,3.3047735618115057,5,0.0,10,0.7,0.6,0.3126695474501863,0.1,0.01787574951572113,0.0,-2.0052288475052677e-17,0.0,-2.0052288475052677e-17,795.1,3.169412652496541,10,0.0,True,8,1.375,0.875,0.5291051942301385,0.5,0.2152125268244419,0.0,0.0,0.0,0.0,977.375,5.064586264228162,8,0.125,True,0,,,,,,,,,,,,0,,0.11142304169400068,8.974804356412061,2026-10-08T23:21:15.963886+00:00,pregame,experimental
2026020065,2026-10-08,8475343,Nic Dowd,VGK,TOR,1,0,2026-10-09T02:00:00Z,effectif actuel ; participation non confirmée,38,5,0.4,0.4,0.11761823115925325,0.0,-3.139202815737979e-17,0.0,-3.139202815737979e-17,0.0,-3.139202815737979e-17,696.6,2.0671834625322996,5,0.0,10,0.9,0.6,0.3126695474501863,0.3,0.10778928748621182,0.0,-2.0052288475052677e-17,0.0,-2.0052288475052677e-17,722.7,4.483188044831881,10,0.0,True,10,0.6,0.5,0.2365895936154873,0.1,0.01787574951572113,0.0,-2.0052288475052677e-17,0.0,-2.0052288475052677e-17,664.4,3.25105358217941,10,0.1,True,0,,,,,,,,,,,,0,,0.10166869758585194,9.835869089948472,2026-10-08T23:21:15.963886+00:00,pregame,experimental
2026020065,2026-10-08,8477447,Shea Theodore,VGK,TOR,1,1,2026-10-09T02:00:00Z,effectif actuel ; participation non confirmée,38,5,2.6,1.0,0.565508505247919,0.8,0.37552826411853885,0.4,0.11761823115925325,0.4,0.11761823115925325,1272.8,7.353865493400377,5,0.4,10,2.4,1.0,0.7224598312333834,0.7,0.3967732199795652,0.4,0.16817758120350967,0.3,0.10778928748621182,1256.6,6.875696323412383,10,0.2,True,10,2.1,0.9,0.5958436145024278,0.7,0.3967732199795652,0.3,0.10778928748621182,0.2,0.05668094798069332,1279.0,5.910867865519937,10,0.3,True,0,,,,,,,,,,,,0,,0.10045780768805052,9.954427863937452,2026-10-08T23:21:15.963886+00:00,pregame,experimental
2026020065,2026-10-08,8476927,Teddy Blueger,TOR,VGK,0,0,2026-10-09T02:00:00Z,effectif actuel ; participation non confirmée,37,5,0.4,0.4,0.11761823115925325,0.0,-3.139202815737979e-17,0.0,-3.139202815737979e-17,0.0,-3.139202815737979e-17,708.4,2.0327498588368154,5,0.0,10,0.6,0.5,0.2365895936154873,0.1,0.01787574951572113,0.0,-2.0052288475052677e-17,0.0,-2.0052288475052677e-17,829.1,2.605234591725968,10,0.1,True,10,1.7,0.8,0.49015684672072346,0.6,0.3126695474501863,0.2,0.05668094798069332,0.1,0.01787574951572113,984.7,6.215090890626587,10,0.3,True,2,1.5,1.0,0.3423719528896193,0.5,0.09452865480086611,0.0,0.0,0.0,0.0,1060.5,5.091937765205092,2,0.0,0.09864809550526664,10.137043141867974,2026-10-08T23:21:15.963886+00:00,pregame,experimental
2026020065,2026-10-08,8483553,Marc Gatcomb,VGK,TOR,1,0,2026-10-09T02:00:00Z,effectif actuel ; participation non confirmée,32,5,1.8,1.0,0.565508505247919,0.4,0.11761823115925325,0.4,0.11761823115925325,0.0,-3.139202815737979e-17,543.4,11.924917188075083,5,0.2,10,2.0,1.0,0.7224598312333834,0.5,0.2365895936154873,0.3,0.10778928748621182,0.1,0.01787574951572113,577.2,12.474012474012474,10,0.2,True,10,1.6,1.0,0.7224598312333834,0.2,0.05668094798069332,0.2,0.05668094798069332,0.1,0.01787574951572113,554.3,10.391484755547538,10,0.1,True,1,5.0,1.0,0.20654329147389294,1.0,0.20654329147389294,1.0,0.20654329147389294,1.0,0.20654329147389294,620.0,29.032258064516128,1,0.0,0.09749358387769418,10.25708523808604,2026-10-08T23:21:15.963886+00:00,pregame,experimental
2026020065,2026-10-08,8478397,Rasmus Andersson,VGK,TOR,1,1,2026-10-09T02:00:00Z,effectif actuel ; participation non confirmée,37,5,1.4,0.8,0.37552826411853885,0.6,0.23071993220883702,0.0,-3.139202815737979e-17,0.0,-3.139202815737979e-17,1133.8,4.44522843535015,5,0.0,10,2.0,0.8,0.49015684672072346,0.6,0.3126695474501863,0.2,0.05668094798069332,0.1,0.01787574951572113,1283.8,5.608350210313133,10,0.2,True,10,2.2,0.9,0.5958436145024278,0.7,0.3967732199795652,0.2,0.05668094798069332,0.1,0.01787574951572113,1262.2,6.274758358421804,10,0.3,True,0,,,,,,,,,,,,0,,0.09420895590220653,10.614702078197837,2026-10-08T23:21:15.963886+00:00,pregame,experimental
2026020065,2026-10-08,8478396,Noah Hanifin,VGK,TOR,1,1,2026-10-09T02:00:00Z,effectif actuel ; participation non confirmée,38,5,1.4,1.0,0.565508505247919,0.2,0.036223160969787456,0.2,0.036223160969787456,0.0,-3.139202815737979e-17,1229.4,4.099560761346998,5,0.2,10,1.7,1.0,0.7224598312333834,0.4,0.16817758120350967,0.2,0.05668094798069332,0.1,0.01787574951572113,1287.6,4.753028890959926,10,0.1,True,10,2.1,1.0,0.7224598312333834,0.7,0.3967732199795652,0.3,0.10778928748621182,0.1,0.01787574951572113,1232.5,6.133874239350913,10,0.1,True,0,,,,,,,,,,,,0,,0.08312138423511815,12.030598494021561,2026-10-08T23:21:15.963886+00:00,pregame,experimental
2026020065,2026-10-08,8476853,Morgan Rielly,TOR,VGK,0,1,2026-10-09T02:00:00Z,effectif actuel ; participation non confirmée,35,5,1.2,1.0,0.565508505247919,0.2,0.036223160969787456,0.0,-3.139202815737979e-17,0.0,-3.139202815737979e-17,1204.8,3.585657370517928,5,0.0,10,1.3,0.9,0.5958436145024278,0.3,0.10778928748621182,0.1,0.01787574951572113,0.0,-2.0052288475052677e-17,1216.7,3.8464699597271306,10,0.1,True,10,1.4,0.7,0.3967732199795652,0.5,0.2365895936154873,0.2,0.05668094798069332,0.0,-2.0052288475052677e-17,1218.5,4.136233073450964,10,0.3,True,0,,,,,,,,,,,,0,,0.07906722179207465,12.647466008477304,2026-10-08T23:21:15.963886+00:00,pregame,experimental
2026020065,2026-10-08,8475188,Brayden McNabb,VGK,TOR,1,1,2026-10-09T02:00:00Z,effectif actuel ; participation non confirmée,29,5,1.0,0.8,0.37552826411853885,0.2,0.036223160969787456,0.0,-3.139202815737979e-17,0.0,-3.139202815737979e-17,1132.2,3.179650238473768,5,0.0,10,1.1,0.9,0.5958436145024278,0.2,0.05668094798069332,0.0,-2.0052288475052677e-17,0.0,-2.0052288475052677e-17,1181.9,3.350537270496658,10,0.1,True,10,1.6,0.9,0.5958436145024278,0.5,0.2365895936154873,0.2,0.05668094798069332,0.0,-2.0052288475052677e-17,1169.5,4.925181701581873,10,0.0,True,0,,,,,,,,,,,,0,,0.07113814020286324,14.057156922409266,2026-10-08T23:21:15.963886+00:00,pregame,experimental
2026020065,2026-10-08,8478450,Parker Wotherspoon,VGK,TOR,1,1,2026-10-09T02:00:00Z,effectif actuel ; participation non confirmée,37,5,0.6,0.6,0.23071993220883702,0.0,-3.139202815737979e-17,0.0,-3.139202815737979e-17,0.0,-3.139202815737979e-17,1120.2,1.92822710230316,5,0.0,10,0.9,0.7,0.3967732199795652,0.1,0.01787574951572113,0.1,0.01787574951572113,0.0,-2.0052288475052677e-17,1156.3,2.802040992821932,10,0.0,True,10,0.9,0.6,0.3126695474501863,0.2,0.05668094798069332,0.1,0.01787574951572113,0.0,-2.0052288475052677e-17,1183.1,2.738568168371228,10,0.0,True,0,,,,,,,,,,,,0,,0.05845996314649288,17.10572409178797,2026-10-08T23:21:15.963886+00:00,pregame,experimental
2026020065,2026-10-08,8476931,Jake McCabe,TOR,VGK,0,1,2026-10-09T02:00:00Z,effectif actuel ; participation non confirmée,38,5,1.0,1.0,0.565508505247919,0.0,-3.139202815737979e-17,0.0,-3.139202815737979e-17,0.0,-3.139202815737979e-17,1071.2,3.3607169529499625,5,0.0,10,1.0,0.8,0.49015684672072346,0.2,0.05668094798069332,0.0,-2.0052288475052677e-17,0.0,-2.0052288475052677e-17,1201.1,2.997252518524686,10,0.0,True,10,0.9,0.5,0.2365895936154873,0.2,0.05668094798069332,0.1,0.01787574951572113,0.1,0.01787574951572113,1407.8,2.3014632760335276,10,0.1,True,0,,,,,,,,,,,,0,,0.056909865694263095,17.571645755980178,2026-10-08T23:21:15.963886+00:00,pregame,experimental
2026020065,2026-10-08,8478468,Jeremy Lauzon,VGK,TOR,1,1,2026-10-09T02:00:00Z,effectif actuel ; participation non confirmée,39,5,1.2,0.4,0.11761823115925325,0.4,0.11761823115925325,0.4,0.11761823115925325,0.0,-3.139202815737979e-17,975.2,4.4298605414273995,5,0.0,10,1.5,0.6,0.3126695474501863,0.6,0.3126695474501863,0.3,0.10778928748621182,0.0,-2.0052288475052677e-17,972.1,5.554984055138361,10,0.1,True,10,1.3,0.6,0.3126695474501863,0.5,0.2365895936154873,0.2,0.05668094798069332,0.0,-2.0052288475052677e-17,995.5,4.701155198392767,10,0.0,True,0,,,,,,,,,,,,0,,0.05509035419639757,18.151998014661363,2026-10-08T23:21:15.963886+00:00,pregame,experimental
2026020065,2026-10-08,8479442,Troy Stecher,TOR,VGK,0,1,2026-10-09T02:00:00Z,effectif actuel ; participation non confirmée,33,5,1.0,0.6,0.23071993220883702,0.4,0.11761823115925325,0.0,-3.139202815737979e-17,0.0,-3.139202815737979e-17,1077.8,3.3401373167563557,5,0.0,10,0.6,0.4,0.16817758120350967,0.2,0.05668094798069332,0.0,-2.0052288475052677e-17,0.0,-2.0052288475052677e-17,1142.9,1.8899291276577128,10,0.0,True,10,0.8,0.5,0.2365895936154873,0.2,0.05668094798069332,0.1,0.01787574951572113,0.0,-2.0052288475052677e-17,1148.2,2.508273819892005,10,0.0,True,0,,,,,,,,,,,,0,,0.05242104659233214,19.07630741859844,2026-10-08T23:21:15.963886+00:00,pregame,experimental
2026020065,2026-10-08,8475171,Oliver Ekman-Larsson,TOR,VGK,0,1,2026-10-09T02:00:00Z,effectif actuel ; participation non confirmée,34,5,0.8,0.6,0.23071993220883702,0.2,0.036223160969787456,0.0,-3.139202815737979e-17,0.0,-3.139202815737979e-17,1071.2,2.68857356235997,5,0.0,10,0.7,0.6,0.3126695474501863,0.1,0.01787574951572113,0.0,-2.0052288475052677e-17,0.0,-2.0052288475052677e-17,1058.3,2.381177359916848,10,0.0,True,10,0.9,0.7,0.3967732199795652,0.2,0.05668094798069332,0.0,-2.0052288475052677e-17,0.0,-2.0052288475052677e-17,1158.8,2.7959958577839146,10,0.0,True,0,,,,,,,,,,,,0,,0.050542739866980574,19.785235280711348,2026-10-08T23:21:15.963886+00:00,pregame,experimental
2026020065,2026-10-08,8483565,Nick Blankenburg,TOR,VGK,0,1,2026-10-09T02:00:00Z,effectif actuel ; participation non confirmée,23,5,2.2,0.8,0.37552826411853885,0.8,0.37552826411853885,0.6,0.23071993220883702,0.0,-3.139202815737979e-17,825.8,9.590699927343183,5,0.4,10,1.3,0.6,0.3126695474501863,0.4,0.16817758120350967,0.3,0.10778928748621182,0.0,-2.0052288475052677e-17,768.9,6.086617245415528,10,0.2,True,10,1.1,0.6,0.3126695474501863,0.3,0.10778928748621182,0.2,0.05668094798069332,0.0,-2.0052288475052677e-17,791.1,5.005688282138794,10,0.1,True,0,,,,,,,,,,,,0,,0.040666616822033895,24.59019407432443,2026-10-08T23:21:15.963886+00:00,pregame,experimental
2026020065,2026-10-08,8484803,Trevor Connelly,VGK,TOR,1,0,2026-10-09T02:00:00Z,effectif actuel ; participation non confirmée,4,4,1.5,0.5,0.15003570882017145,0.5,0.15003570882017145,0.25,0.045586062644636216,0.25,0.045586062644636216,689.0,7.83744557329463,4,0.25,4,1.5,0.5,0.15003570882017145,0.5,0.15003570882017145,0.25,0.045586062644636216,0.25,0.045586062644636216,689.0,7.83744557329463,4,0.25,True,2,2.0,0.5,0.09452865480086611,0.5,0.09452865480086611,0.5,0.09452865480086611,0.5,0.09452865480086611,656.0,10.975609756097562,2,0.5,True,0,,,,,,,,,,,,0,,,,2026-10-08T23:21:15.963886+00:00,pregame,historique insuffisant
2026020065,2026-10-08,8476448,William Karlsson,VGK,TOR,1,0,2026-10-09T02:00:00Z,effectif actuel ; participation non confirmée,4,4,1.5,1.0,0.5100999795960008,0.5,0.15003570882017145,0.0,0.0,0.0,0.0,1120.75,4.818202096810172,4,0.0,4,1.5,1.0,0.5100999795960008,0.5,0.15003570882017145,0.0,0.0,0.0,0.0,1120.75,4.818202096810172,4,0.0,True,2,1.5,1.0,0.3423719528896193,0.5,0.09452865480086611,0.0,0.0,0.0,0.0,1129.5,4.780876494023905,2,0.0,True,0,,,,,,,,,,,,0,,,,2026-10-08T23:21:15.963886+00:00,pregame,historique insuffisant
2026020065,2026-10-08,8481534,Raphael Lavoie,VGK,TOR,1,0,2026-10-09T02:00:00Z,effectif actuel ; participation non confirmée,1,1,0.0,0.0,0.0,0.0,0.0,0.0,0.0,0.0,0.0,514.0,0.0,1,0.0,1,0.0,0.0,0.0,0.0,0.0,0.0,0.0,0.0,0.0,514.0,0.0,1,0.0,True,0,,,,,,,,,,,,0,,True,0,,,,,,,,,,,,0,,,,2026-10-08T23:21:15.963886+00:00,pregame,historique insuffisant
2026020065,2026-10-08,8479639,Dylan Coghlan,VGK,TOR,1,1,2026-10-09T02:00:00Z,effectif actuel ; participation non confirmée,2,2,1.0,1.0,0.3423719528896193,0.0,0.0,0.0,0.0,0.0,0.0,876.0,4.109589041095891,2,0.0,2,1.0,1.0,0.3423719528896193,0.0,0.0,0.0,0.0,0.0,0.0,876.0,4.109589041095891,2,0.0,True,0,,,,,,,,,,,,0,,True,0,,,,,,,,,,,,0,,,,2026-10-08T23:21:15.963886+00:00,pregame,historique insuffisant
2026020065,2026-10-08,8479772,Zack MacEwen,TOR,VGK,0,0,2026-10-09T02:00:00Z,effectif actuel ; participation non confirmée,1,1,0.0,0.0,0.0,0.0,0.0,0.0,0.0,0.0,0.0,325.0,0.0,1,0.0,1,0.0,0.0,0.0,0.0,0.0,0.0,0.0,0.0,0.0,325.0,0.0,1,0.0,True,0,,,,,,,,,,,,0,,True,0,,,,,,,,,,,,0,,,,2026-10-08T23:21:15.963886+00:00,pregame,historique insuffisant
2026020065,2026-10-08,8486067,Gavin McKenna,TOR,VGK,0,0,2026-10-09T02:00:00Z,effectif actuel ; participation non confirmée,4,4,1.75,1.0,0.5100999795960008,0.25,0.045586062644636216,0.25,0.045586062644636216,0.25,0.045586062644636216,875.5,7.19588806396345,4,0.25,4,1.75,1.0,0.5100999795960008,0.25,0.045586062644636216,0.25,0.045586062644636216,0.25,0.045586062644636216,875.5,7.19588806396345,4,0.25,True,0,,,,,,,,,,,,0,,True,0,,,,,,,,,,,,0,,,,2026-10-08T23:21:15.963886+00:00,pregame,historique insuffisant
2026020065,2026-10-08,8475690,Chris Tanev,TOR,VGK,0,1,2026-10-09T02:00:00Z,effectif actuel ; participation non confirmée,4,4,0.25,0.25,0.045586062644636216,0.0,0.0,0.0,0.0,0.0,0.0,1131.0,0.7957559681697612,4,0.0,4,0.25,0.25,0.045586062644636216,0.0,0.0,0.0,0.0,0.0,0.0,1131.0,0.7957559681697612,4,0.0,True,0,,,,,,,,,,,,0,,True,0,,,,,,,,,,,,0,,,,2026-10-08T23:21:15.963886+00:00,pregame,historique insuffisant
2026020066,2026-10-09,8477946,Dylan Larkin,DET,SEA,1,0,2026-10-09T23:00:00Z,effectif actuel ; participation non confirmée,26,5,3.6,1.0,0.565508505247919,0.8,0.37552826411853885,0.8,0.37552826411853885,0.8,0.37552826411853885,1215.2,10.664911125740618,5,0.6,10,3.6,1.0,0.7224598312333834,0.8,0.49015684672072346,0.7,0.3967732199795652,0.6,0.3126695474501863,1154.8,11.222722549359196,10,0.4,True,10,3.8,1.0,0.7224598312333834,0.9,0.5958436145024278,0.9,0.5958436145024278,0.8,0.49015684672072346,1206.9,11.334824757643549,10,0.4,True,0,,,,,,,,,,,,0,,0.36311503028326275,2.7539482439487815,2026-10-08T23:21:15.963886+00:00,pregame,experimental
2026020068,2026-10-09,8476483,Rickard Rakell,PIT,CBJ,0,0,2026-10-09T23:00:00Z,effectif actuel ; participation non confirmée,37,5,2.2,1.0,0.565508505247919,1.0,0.565508505247919,0.2,0.036223160969787456,0.0,-3.139202815737979e-17,1148.8,6.894150417827298,5,0.0,10,3.2,1.0,0.7224598312333834,1.0,0.7224598312333834,0.5,0.2365895936154873,0.2,0.05668094798069332,1108.6,10.391484755547538,10,0.3,True,10,3.1,1.0,0.7224598312333834,0.8,0.49015684672072346,0.5,0.2365895936154873,0.2,0.05668094798069332,1119.7,9.966955434491382,10,0.3,True,0,,,,,,,,,,,,0,,0.3297183002932775,3.0328920145182146,2026-10-08T23:21:15.963886+00:00,pregame,experimental
2026020066,2026-10-09,8479337,Alex DeBrincat,DET,SEA,1,0,2026-10-09T23:00:00Z,effectif actuel ; participation non confirmée,36,5,3.0,1.0,0.565508505247919,0.6,0.23071993220883702,0.6,0.23071993220883702,0.4,0.11761823115925325,1178.6,9.163414220261327,5,0.4,10,2.6,1.0,0.7224598312333834,0.5,0.2365895936154873,0.5,0.2365895936154873,0.3,0.10778928748621182,1168.5,8.010269576379974,10,0.3,True,10,3.7,1.0,0.7224598312333834,0.7,0.3967732199795652,0.7,0.3967732199795652,0.5,0.2365895936154873,1209.7,11.01099446143672,10,0.4,True,0,,,,,,,,,,,,0,,0.2972143679712323,3.3645748919405913,2026-10-08T23:21:15.963886+00:00,pregame,experimental
2026020066,2026-10-09,8482259,Bobby McMann,SEA,DET,0,0,2026-10-09T23:00:00Z,effectif actuel ; participation non confirmée,35,5,3.4,1.0,0.565508505247919,1.0,0.565508505247919,0.8,0.37552826411853885,0.2,0.036223160969787456,995.4,12.296564195298373,5,0.4,10,3.7,1.0,0.7224598312333834,1.0,0.7224598312333834,0.8,0.49015684672072346,0.3,0.10778928748621182,1037.8,12.834842936982078,10,0.4,True,10,3.0,1.0,0.7224598312333834,1.0,0.7224598312333834,0.8,0.49015684672072346,0.2,0.05668094798069332,1078.5,10.013908205841446,10,0.4,True,0,,,,,,,,,,,,0,,0.29254046722924615,3.418330494482874,2026-10-08T23:21:15.963886+00:00,pregame,experimental
2026020066,2026-10-09,8482078,Lucas Raymond,DET,SEA,1,0,2026-10-09T23:00:00Z,effectif actuel ; participation non confirmée,36,5,2.8,0.8,0.37552826411853885,0.8,0.37552826411853885,0.4,0.11761823115925325,0.4,0.11761823115925325,1172.8,8.594815825375171,5,0.0,10,2.6,0.8,0.49015684672072346,0.8,0.49015684672072346,0.5,0.2365895936154873,0.3,0.10778928748621182,1155.7,8.098987626546682,10,0.0,True,10,2.7,0.9,0.5958436145024278,0.8,0.49015684672072346,0.5,0.2365895936154873,0.3,0.10778928748621182,1221.8,7.955475527909641,10,0.2,True,0,,,,,,,,,,,,0,,0.2911942822502774,3.434133363719395,2026-10-08T23:21:15.963886+00:00,pregame,experimental
2026020067,2026-10-09,8477949,Alex Tuch,WSH,NYR,1,0,2026-10-09T23:00:00Z,effectif actuel ; participation non confirmée,36,5,3.0,1.0,0.565508505247919,0.8,0.37552826411853885,0.6,0.23071993220883702,0.2,0.036223160969787456,1141.0,9.465381244522348,5,0.8,10,3.0,1.0,0.7224598312333834,0.7,0.3967732199795652,0.5,0.2365895936154873,0.3,0.10778928748621182,1132.2,9.538950715421304,10,0.6,True,10,3.1,0.9,0.5958436145024278,0.7,0.3967732199795652,0.6,0.3126695474501863,0.4,0.16817758120350967,1181.5,9.44561997460855,10,0.4,True,0,,,,,,,,,,,,0,,0.2872518441801558,3.4812657264363107,2026-10-08T23:21:15.963886+00:00,pregame,experimental
2026020068,2026-10-09,8471675,Sidney Crosby,PIT,CBJ,0,0,2026-10-09T23:00:00Z,effectif actuel ; participation non confirmée,25,5,2.8,1.0,0.565508505247919,1.0,0.565508505247919,0.4,0.11761823115925325,0.2,0.036223160969787456,1152.4,8.746962860118014,5,0.0,10,2.3,0.8,0.49015684672072346,0.7,0.3967732199795652,0.4,0.16817758120350967,0.3,0.10778928748621182,1102.4,7.510885341074021,10,0.1,True,10,2.8,0.9,0.5958436145024278,0.8,0.49015684672072346,0.6,0.3126695474501863,0.3,0.10778928748621182,1029.0,9.795918367346939,10,0.1,True,0,,,,,,,,,,,,0,,0.2845847971791899,3.5138911491830194,2026-10-08T23:21:15.963886+00:00,pregame,experimental
2026020067,2026-10-09,8481604,Pavel Dorofeyev,NYR,WSH,0,0,2026-10-09T23:00:00Z,effectif actuel ; participation non confirmée,40,5,3.0,0.8,0.37552826411853885,0.8,0.37552826411853885,0.6,0.23071993220883702,0.4,0.11761823115925325,977.0,11.05424769703173,5,0.2,10,2.8,0.9,0.5958436145024278,0.9,0.5958436145024278,0.5,0.2365895936154873,0.3,0.10778928748621182,1008.0,10.0,10,0.3,True,10,3.0,1.0,0.7224598312333834,1.0,0.7224598312333834,0.5,0.2365895936154873,0.3,0.10778928748621182,1044.6,10.338885697874785,10,0.1,True,1,1.0,1.0,0.20654329147389294,0.0,0.0,0.0,0.0,0.0,0.0,984.0,3.658536585365854,1,0.0,0.27993890607714256,3.57220800071438,2026-10-08T23:21:15.963886+00:00,pregame,experimental
2026020068,2026-10-09,8484166,Adam Fantilli,CBJ,PIT,1,0,2026-10-09T23:00:00Z,effectif actuel ; participation non confirmée,36,5,1.4,0.6,0.23071993220883702,0.4,0.11761823115925325,0.2,0.036223160969787456,0.2,0.036223160969787456,1165.4,4.324695383559293,5,0.4,10,2.3,0.7,0.3967732199795652,0.6,0.3126695474501863,0.5,0.2365895936154873,0.3,0.10778928748621182,1182.0,7.00507614213198,10,0.4,True,10,2.8,0.9,0.5958436145024278,0.6,0.3126695474501863,0.4,0.16817758120350967,0.3,0.10778928748621182,1181.8,8.529361990184464,10,0.4,True,0,,,,,,,,,,,,0,,0.27515343697651046,3.634335849075252,2026-10-08T23:21:15.963886+00:00,pregame,experimental
2026020067,2026-10-09,8476459,Mika Zibanejad,NYR,WSH,0,0,2026-10-09T23:00:00Z,effectif actuel ; participation non confirmée,38,5,1.8,0.8,0.37552826411853885,0.6,0.23071993220883702,0.4,0.11761823115925325,0.0,-3.139202815737979e-17,1240.4,5.224121251209287,5,0.2,10,1.9,0.9,0.5958436145024278,0.7,0.3967732199795652,0.3,0.10778928748621182,0.0,-2.0052288475052677e-17,1239.0,5.520581113801453,10,0.2,True,10,2.7,0.9,0.5958436145024278,0.7,0.3967732199795652,0.4,0.16817758120350967,0.1,0.01787574951572113,1241.6,7.828608247422681,10,0.4,True,0,,,,,,,,,,,,0,,0.27344452700090716,3.6570488755720554,2026-10-08T23:21:15.963886+00:00,pregame,experimental
2026020068,2026-10-09,8471215,Evgeni Malkin,PIT,CBJ,0,0,2026-10-09T23:00:00Z,effectif actuel ; participation non confirmée,28,5,2.0,1.0,0.565508505247919,0.6,0.23071993220883702,0.2,0.036223160969787456,0.2,0.036223160969787456,1067.8,6.742835737029406,5,0.4,10,2.7,1.0,0.7224598312333834,0.8,0.49015684672072346,0.3,0.10778928748621182,0.3,0.10778928748621182,1068.8,9.094311377245509,10,0.4,True,10,2.6,0.9,0.5958436145024278,0.8,0.49015684672072346,0.3,0.10778928748621182,0.2,0.05668094798069332,1109.4,8.436992969172525,10,0.3,True,0,,,,,,,,,,,,0,,0.2641724443379869,3.7854061671950245,2026-10-08T23:21:15.963886+00:00,pregame,experimental
2026020068,2026-10-09,8478460,Zach Werenski,CBJ,PIT,1,1,2026-10-09T23:00:00Z,effectif actuel ; participation non confirmée,33,5,3.8,1.0,0.565508505247919,0.8,0.37552826411853885,0.8,0.37552826411853885,0.4,0.11761823115925325,1711.4,7.993455650344747,5,0.0,10,3.3,0.8,0.49015684672072346,0.7,0.3967732199795652,0.7,0.3967732199795652,0.4,0.16817758120350967,1691.7,7.022521723709878,10,0.1,True,10,3.2,0.9,0.5958436145024278,0.8,0.49015684672072346,0.7,0.3967732199795652,0.3,0.10778928748621182,1686.9,6.829094789258403,10,0.0,True,0,,,,,,,,,,,,0,,0.24981684370604518,4.002932649235939,2026-10-08T23:21:15.963886+00:00,pregame,experimental
2026020067,2026-10-09,8471214,Alex Ovechkin,WSH,NYR,1,0,2026-10-09T23:00:00Z,effectif actuel ; participation non confirmée,36,5,2.0,0.8,0.37552826411853885,0.6,0.23071993220883702,0.4,0.11761823115925325,0.2,0.036223160969787456,904.8,7.957559681697613,5,0.0,10,3.1,0.9,0.5958436145024278,0.8,0.49015684672072346,0.7,0.3967732199795652,0.4,0.16817758120350967,957.1,11.660223592101138,10,0.1,True,10,3.1,1.0,0.7224598312333834,1.0,0.7224598312333834,0.8,0.49015684672072346,0.3,0.10778928748621182,958.4,11.64440734557596,10,0.3,True,0,,,,,,,,,,,,0,,0.2452277513032034,4.077841902826016,2026-10-08T23:21:15.963886+00:00,pregame,experimental
2026020067,2026-10-09,8476880,Tom Wilson,WSH,NYR,1,0,2026-10-09T23:00:00Z,effectif actuel ; participation non confirmée,34,5,1.6,0.8,0.37552826411853885,0.8,0.37552826411853885,0.0,-3.139202815737979e-17,0.0,-3.139202815737979e-17,1069.6,5.385190725504861,5,0.2,10,1.7,0.8,0.49015684672072346,0.6,0.3126695474501863,0.2,0.05668094798069332,0.1,0.01787574951572113,1088.1,5.624483043837882,10,0.4,True,10,2.2,1.0,0.7224598312333834,0.8,0.49015684672072346,0.2,0.05668094798069332,0.1,0.01787574951572113,1199.7,6.601650412603151,10,0.5,True,0,,,,,,,,,,,,0,,0.2441074207678693,4.096557150349545,2026-10-08T23:21:15.963886+00:00,pregame,experimental
2026020068,2026-10-09,8477501,Valeri Nichushkin,CBJ,PIT,1,0,2026-10-09T23:00:00Z,effectif actuel ; participation non confirmée,36,5,0.8,0.6,0.23071993220883702,0.2,0.036223160969787456,0.0,-3.139202815737979e-17,0.0,-3.139202815737979e-17,994.0,2.89738430583501,5,0.0,10,1.7,0.7,0.3967732199795652,0.5,0.2365895936154873,0.2,0.05668094798069332,0.1,0.01787574951572113,967.2,6.327543424317618,10,0.1,True,10,1.6,0.6,0.3126695474501863,0.6,0.3126695474501863,0.3,0.10778928748621182,0.1,0.01787574951572113,1025.8,5.61512965490349,10,0.0,True,1,0.0,0.0,0.0,0.0,0.0,0.0,0.0,0.0,0.0,1360.0,0.0,1,0.0,0.24322772105096968,4.111373472065894,2026-10-08T23:21:15.963886+00:00,pregame,experimental
2026020067,2026-10-09,8482109,Alexis Lafrenière,NYR,WSH,0,0,2026-10-09T23:00:00Z,effectif actuel ; participation non confirmée,38,5,2.2,0.8,0.37552826411853885,0.6,0.23071993220883702,0.6,0.23071993220883702,0.2,0.036223160969787456,1148.0,6.898954703832753,5,0.2,10,1.8,0.9,0.5958436145024278,0.5,0.2365895936154873,0.3,0.10778928748621182,0.1,0.01787574951572113,1141.4,5.677238479060803,10,0.2,True,10,2.0,0.9,0.5958436145024278,0.3,0.10778928748621182,0.3,0.10778928748621182,0.2,0.05668094798069332,1174.4,6.130790190735695,10,0.4,True,0,,,,,,,,,,,,0,,0.23919472208376288,4.180694253152513,2026-10-08T23:21:15.963886+00:00,pregame,experimental
2026020066,2026-10-09,8477429,Andrew Copp,DET,SEA,1,0,2026-10-09T23:00:00Z,effectif actuel ; participation non confirmée,33,5,1.6,1.0,0.565508505247919,0.4,0.11761823115925325,0.2,0.036223160969787456,0.0,-3.139202815737979e-17,1155.8,4.983561169752552,5,0.0,10,1.7,1.0,0.7224598312333834,0.6,0.3126695474501863,0.1,0.01787574951572113,0.0,-2.0052288475052677e-17,1137.0,5.382585751978892,10,0.0,True,10,1.6,0.9,0.5958436145024278,0.5,0.2365895936154873,0.2,0.05668094798069332,0.0,-2.0052288475052677e-17,1195.9,4.81645622543691,10,0.0,True,0,,,,,,,,,,,,0,,0.23250257992495674,4.3010275426739915,2026-10-08T23:21:15.963886+00:00,pregame,experimental
2026020068,2026-10-09,8475810,Bryan Rust,PIT,CBJ,0,0,2026-10-09T23:00:00Z,effectif actuel ; participation non confirmée,30,5,1.8,0.8,0.37552826411853885,0.6,0.23071993220883702,0.4,0.11761823115925325,0.0,-3.139202815737979e-17,1079.4,6.003335186214564,5,0.6,10,2.0,0.9,0.5958436145024278,0.6,0.3126695474501863,0.4,0.16817758120350967,0.1,0.01787574951572113,1142.8,6.300315015750788,10,0.4,True,10,2.1,0.8,0.49015684672072346,0.6,0.3126695474501863,0.4,0.16817758120350967,0.2,0.05668094798069332,1140.8,6.626928471248247,10,0.6,True,0,,,,,,,,,,,,0,,0.23027392104426478,4.342654154952151,2026-10-08T23:21:15.963886+00:00,pregame,experimental
2026020066,2026-10-09,8477955,Jared McCann,SEA,DET,0,0,2026-10-09T23:00:00Z,effectif actuel ; participation non confirmée,33,5,3.4,1.0,0.565508505247919,1.0,0.565508505247919,0.4,0.11761823115925325,0.4,0.11761823115925325,936.8,13.065755764304013,5,0.2,10,2.6,0.8,0.49015684672072346,0.8,0.49015684672072346,0.4,0.16817758120350967,0.3,0.10778928748621182,948.5,9.868212967843965,10,0.3,True,10,2.4,1.0,0.7224598312333834,0.7,0.3967732199795652,0.5,0.2365895936154873,0.2,0.05668094798069332,990.5,8.722867238768298,10,0.2,True,0,,,,,,,,,,,,0,,0.2293712132957511,4.359744998648111,2026-10-08T23:21:15.963886+00:00,pregame,experimental
2026020066,2026-10-09,8478042,Viktor Arvidsson,DET,SEA,1,0,2026-10-09T23:00:00Z,effectif actuel ; participation non confirmée,35,5,2.6,1.0,0.565508505247919,0.6,0.23071993220883702,0.6,0.23071993220883702,0.4,0.11761823115925325,1011.8,9.25084008697371,5,0.6,10,2.4,1.0,0.7224598312333834,0.5,0.2365895936154873,0.5,0.2365895936154873,0.3,0.10778928748621182,957.4,9.024441194902861,10,0.4,True,10,2.6,1.0,0.7224598312333834,0.7,0.3967732199795652,0.5,0.2365895936154873,0.3,0.10778928748621182,942.9,9.926821508113267,10,0.6,True,0,,,,,,,,,,,,0,,0.2250112948426406,4.444221347640971,2026-10-08T23:21:15.963886+00:00,pregame,experimental
2026020067,2026-10-09,8484186,Ryan Leonard,WSH,NYR,1,0,2026-10-09T23:00:00Z,effectif actuel ; participation non confirmée,36,5,2.4,1.0,0.565508505247919,1.0,0.565508505247919,0.4,0.11761823115925325,0.0,-3.139202815737979e-17,863.2,10.009267840593141,5,0.4,10,2.7,1.0,0.7224598312333834,1.0,0.7224598312333834,0.5,0.2365895936154873,0.2,0.05668094798069332,851.7,11.412469179288482,10,0.5,True,10,2.1,1.0,0.7224598312333834,0.9,0.5958436145024278,0.2,0.05668094798069332,0.0,-2.0052288475052677e-17,819.9,9.220636663007683,10,0.6,True,0,,,,,,,,,,,,0,,0.21904196257838496,4.565335282010845,2026-10-08T23:21:15.963886+00:00,pregame,experimental
2026020068,2026-10-09,8475745,Charlie Coyle,CBJ,PIT,1,0,2026-10-09T23:00:00Z,effectif actuel ; participation non confirmée,36,5,2.6,0.8,0.37552826411853885,0.6,0.23071993220883702,0.4,0.11761823115925325,0.4,0.11761823115925325,1113.0,8.409703504043126,5,0.2,10,1.6,0.6,0.3126695474501863,0.4,0.16817758120350967,0.2,0.05668094798069332,0.2,0.05668094798069332,1151.9,5.000434065457071,10,0.1,True,10,1.4,0.7,0.3967732199795652,0.4,0.16817758120350967,0.2,0.05668094798069332,0.1,0.01787574951572113,1105.7,4.558198426336258,10,0.1,True,0,,,,,,,,,,,,0,,0.2163965543282049,4.621145669830386,2026-10-08T23:21:15.963886+00:00,pregame,experimental
2026020067,2026-10-09,8481656,Aliaksei Protas,WSH,NYR,1,0,2026-10-09T23:00:00Z,effectif actuel ; participation non confirmée,33,5,1.2,0.8,0.37552826411853885,0.4,0.11761823115925325,0.0,-3.139202815737979e-17,0.0,-3.139202815737979e-17,1017.8,4.2444488111613285,5,0.0,10,1.6,0.9,0.5958436145024278,0.5,0.2365895936154873,0.1,0.01787574951572113,0.1,0.01787574951572113,951.8,6.051691531834419,10,0.2,True,10,2.1,0.9,0.5958436145024278,0.6,0.3126695474501863,0.4,0.16817758120350967,0.2,0.05668094798069332,1101.8,6.861499364675985,10,0.4,True,0,,,,,,,,,,,,0,,0.21533461602768322,4.643935185374194,2026-10-08T23:21:15.963886+00:00,pregame,experimental
2026020066,2026-10-09,8482713,Mackie Samoskevich,SEA,DET,0,0,2026-10-09T23:00:00Z,effectif actuel ; participation non confirmée,35,5,1.4,0.6,0.23071993220883702,0.4,0.11761823115925325,0.4,0.11761823115925325,0.0,-3.139202815737979e-17,843.0,5.9786476868327405,5,0.4,10,2.2,0.8,0.49015684672072346,0.6,0.3126695474501863,0.5,0.2365895936154873,0.1,0.01787574951572113,941.8,8.40942875345084,10,0.4,True,10,2.2,0.8,0.49015684672072346,0.6,0.3126695474501863,0.4,0.16817758120350967,0.2,0.05668094798069332,983.0,8.056968463886063,10,0.3,True,1,1.0,1.0,0.20654329147389294,0.0,0.0,0.0,0.0,0.0,0.0,584.0,6.164383561643835,1,0.0,0.21244955922547645,4.706999645683814,2026-10-08T23:21:15.963886+00:00,pregame,experimental
2026020068,2026-10-09,8482475,Egor Chinakhov,PIT,CBJ,0,0,2026-10-09T23:00:00Z,effectif actuel ; participation non confirmée,38,5,2.0,0.8,0.37552826411853885,0.8,0.37552826411853885,0.4,0.11761823115925325,0.0,-3.139202815737979e-17,977.2,7.367990176013099,5,0.2,10,2.0,0.9,0.5958436145024278,0.7,0.3967732199795652,0.3,0.10778928748621182,0.1,0.01787574951572113,966.3,7.451102142191866,10,0.3,True,10,2.5,1.0,0.7224598312333834,0.9,0.5958436145024278,0.5,0.2365895936154873,0.1,0.01787574951572113,1015.3,8.86437506155816,10,0.3,True,0,,,,,,,,,,,,0,,0.20528672248082483,4.87123564503012,2026-10-08T23:21:15.963886+00:00,pregame,experimental
2026020067,2026-10-09,8476468,J.T. Miller,NYR,WSH,0,0,2026-10-09T23:00:00Z,effectif actuel ; participation non confirmée,33,5,1.8,1.0,0.565508505247919,0.6,0.23071993220883702,0.2,0.036223160969787456,0.0,-3.139202815737979e-17,1033.8,6.268136970400464,5,0.2,10,1.9,1.0,0.7224598312333834,0.7,0.3967732199795652,0.2,0.05668094798069332,0.0,-2.0052288475052677e-17,1052.6,6.498194945848375,10,0.2,True,10,1.9,1.0,0.7224598312333834,0.7,0.3967732199795652,0.1,0.01787574951572113,0.1,0.01787574951572113,1113.2,6.144448436938555,10,0.0,True,0,,,,,,,,,,,,0,,0.20450150421597235,4.889939581783752,2026-10-08T23:21:15.963886+00:00,pregame,experimental
2026020068,2026-10-09,8482720,Matthew Knies,CBJ,PIT,1,0,2026-10-09T23:00:00Z,effectif actuel ; participation non confirmée,36,5,1.6,1.0,0.565508505247919,0.2,0.036223160969787456,0.2,0.036223160969787456,0.2,0.036223160969787456,1038.0,5.5491329479768785,5,0.2,10,1.4,0.9,0.5958436145024278,0.3,0.10778928748621182,0.1,0.01787574951572113,0.1,0.01787574951572113,1079.3,4.669693319744279,10,0.3,True,10,1.7,1.0,0.7224598312333834,0.4,0.16817758120350967,0.2,0.05668094798069332,0.1,0.01787574951572113,1108.4,5.521472392638037,10,0.2,True,0,,,,,,,,,,,,0,,0.20332096693431737,4.918331911745477,2026-10-08T23:21:15.963886+00:00,pregame,experimental
2026020066,2026-10-09,8484794,Michael Brandsegg-Nygård,DET,SEA,1,0,2026-10-09T23:00:00Z,effectif actuel ; participation non confirmée,8,5,2.6,0.8,0.37552826411853885,0.6,0.23071993220883702,0.6,0.23071993220883702,0.2,0.036223160969787456,835.6,11.201531833413116,5,0.0,8,2.0,0.75,0.40926987910258916,0.5,0.2152125268244419,0.375,0.13684175946152105,0.125,0.02241690886329618,787.5,9.142857142857142,8,0.0,True,3,3.3333333333333335,1.0,0.4384939195509822,0.6666666666666666,0.20765495512648788,0.6666666666666666,0.20765495512648788,0.3333333333333333,0.061490315276160515,836.3333333333334,14.348345954563571,3,0.0,True,0,,,,,,,,,,,,0,,0.20226216076449985,4.944078498025793,2026-10-08T23:21:15.963886+00:00,pregame,experimental
2026020067,2026-10-09,8482157,Will Cuylle,NYR,WSH,0,0,2026-10-09T23:00:00Z,effectif actuel ; participation non confirmée,38,5,2.8,1.0,0.565508505247919,1.0,0.565508505247919,0.6,0.23071993220883702,0.2,0.036223160969787456,909.6,11.08179419525066,5,0.0,10,2.4,0.8,0.49015684672072346,0.7,0.3967732199795652,0.5,0.2365895936154873,0.2,0.05668094798069332,894.6,9.6579476861167,10,0.1,True,10,1.7,0.6,0.3126695474501863,0.4,0.16817758120350967,0.3,0.10778928748621182,0.1,0.01787574951572113,922.6,6.633427270756558,10,0.0,True,0,,,,,,,,,,,,0,,0.1948125531845557,5.133139439185163,2026-10-08T23:21:15.963886+00:00,pregame,experimental
2026020068,2026-10-09,8478438,Tommy Novak,PIT,CBJ,0,0,2026-10-09T23:00:00Z,effectif actuel ; participation non confirmée,39,5,2.0,0.8,0.37552826411853885,0.8,0.37552826411853885,0.4,0.11761823115925325,0.0,-3.139202815737979e-17,974.2,7.39067953192363,5,0.4,10,2.2,0.8,0.49015684672072346,0.8,0.49015684672072346,0.5,0.2365895936154873,0.1,0.01787574951572113,961.1,8.240557694308604,10,0.3,True,10,1.8,0.7,0.3967732199795652,0.5,0.2365895936154873,0.4,0.16817758120350967,0.2,0.05668094798069332,969.1,6.6866164482509545,10,0.2,True,0,,,,,,,,,,,,0,,0.18876771242435256,5.297516122630047,2026-10-08T23:21:15.963886+00:00,pregame,experimental
2026020068,2026-10-09,8479671,Mathieu Olivier,CBJ,PIT,1,0,2026-10-09T23:00:00Z,effectif actuel ; participation non confirmée,28,5,1.6,1.0,0.565508505247919,0.4,0.11761823115925325,0.2,0.036223160969787456,0.0,-3.139202815737979e-17,737.6,7.809110629067245,5,0.2,10,2.3,1.0,0.7224598312333834,0.7,0.3967732199795652,0.3,0.10778928748621182,0.2,0.05668094798069332,787.9,10.5089478360198,10,0.4,True,10,2.1,1.0,0.7224598312333834,0.7,0.3967732199795652,0.3,0.10778928748621182,0.1,0.01787574951572113,774.0,9.767441860465116,10,0.5,True,0,,,,,,,,,,,,0,,0.1880899303496863,5.316605722277933,2026-10-08T23:21:15.963886+00:00,pregame,experimental
2026020067,2026-10-09,8478440,Dylan Strome,WSH,NYR,1,0,2026-10-09T23:00:00Z,effectif actuel ; participation non confirmée,36,5,1.2,0.8,0.37552826411853885,0.4,0.11761823115925325,0.0,-3.139202815737979e-17,0.0,-3.139202815737979e-17,911.6,4.738920579201404,5,0.0,10,1.3,0.7,0.3967732199795652,0.4,0.16817758120350967,0.1,0.01787574951572113,0.1,0.01787574951572113,959.8,4.876015836632631,10,0.2,True,10,1.5,0.7,0.3967732199795652,0.3,0.10778928748621182,0.2,0.05668094798069332,0.2,0.05668094798069332,960.8,5.620316402997502,10,0.1,True,0,,,,,,,,,,,,0,,0.17147994444412126,5.831585747485833,2026-10-08T23:21:15.963886+00:00,pregame,experimental
2026020066,2026-10-09,8482751,Ryan Winterton,SEA,DET,0,0,2026-10-09T23:00:00Z,effectif actuel ; participation non confirmée,27,5,1.6,0.8,0.37552826411853885,0.4,0.11761823115925325,0.4,0.11761823115925325,0.0,-3.139202815737979e-17,837.6,6.876790830945558,5,0.0,10,2.1,0.9,0.5958436145024278,0.6,0.3126695474501863,0.4,0.16817758120350967,0.2,0.05668094798069332,837.0,9.03225806451613,10,0.0,True,10,2.1,0.8,0.49015684672072346,0.6,0.3126695474501863,0.3,0.10778928748621182,0.2,0.05668094798069332,820.1,9.218388001463236,10,0.0,True,0,,,,,,,,,,,,0,,0.1708774160970338,5.852148416336912,2026-10-08T23:21:15.963886+00:00,pregame,experimental
2026020067,2026-10-09,8476432,Boone Jenner,WSH,NYR,1,0,2026-10-09T23:00:00Z,effectif actuel ; participation non confirmée,36,5,2.6,1.0,0.565508505247919,0.8,0.37552826411853885,0.6,0.23071993220883702,0.2,0.036223160969787456,939.8,9.959565865077677,5,0.2,10,2.6,1.0,0.7224598312333834,0.8,0.49015684672072346,0.7,0.3967732199795652,0.1,0.01787574951572113,953.4,9.817495280050347,10,0.2,True,10,2.2,0.7,0.3967732199795652,0.6,0.3126695474501863,0.5,0.2365895936154873,0.3,0.10778928748621182,990.0,8.0,10,0.3,True,1,4.0,1.0,0.20654329147389294,1.0,0.20654329147389294,1.0,0.20654329147389294,1.0,0.20654329147389294,954.0,15.09433962264151,1,1.0,0.17024822654471095,5.873776310600086,2026-10-08T23:21:15.963886+00:00,pregame,experimental
2026020068,2026-10-09,8485414,Ben Kindel,PIT,CBJ,0,0,2026-10-09T23:00:00Z,effectif actuel ; participation non confirmée,36,5,2.2,1.0,0.565508505247919,0.6,0.23071993220883702,0.2,0.036223160969787456,0.2,0.036223160969787456,1024.6,7.729845793480383,5,0.4,10,1.6,0.8,0.49015684672072346,0.4,0.16817758120350967,0.2,0.05668094798069332,0.1,0.01787574951572113,898.4,6.41139804096171,10,0.2,True,10,1.4,0.8,0.49015684672072346,0.5,0.2365895936154873,0.1,0.01787574951572113,0.0,-2.0052288475052677e-17,902.8,5.582631812140009,10,0.2,True,0,,,,,,,,,,,,0,,0.17020377176895,5.87531045644212,2026-10-08T23:21:15.963886+00:00,pregame,experimental
2026020066,2026-10-09,8484471,Emmitt Finnie,DET,SEA,1,0,2026-10-09T23:00:00Z,effectif actuel ; participation non confirmée,36,5,1.2,0.8,0.37552826411853885,0.4,0.11761823115925325,0.0,-3.139202815737979e-17,0.0,-3.139202815737979e-17,987.6,4.374240583232078,5,0.2,10,1.1,0.7,0.3967732199795652,0.3,0.10778928748621182,0.1,0.01787574951572113,0.0,-2.0052288475052677e-17,991.5,3.993948562783661,10,0.2,True,10,1.6,0.8,0.49015684672072346,0.5,0.2365895936154873,0.2,0.05668094798069332,0.1,0.01787574951572113,968.8,5.945499587118084,10,0.2,True,0,,,,,,,,,,,,0,,0.16932672705935053,5.905742214278382,2026-10-08T23:21:15.963886+00:00,pregame,experimental
2026020067,2026-10-09,8479400,Pierre-Luc Dubois,WSH,NYR,1,0,2026-10-09T23:00:00Z,effectif actuel ; participation non confirmée,26,5,1.4,0.8,0.37552826411853885,0.4,0.11761823115925325,0.2,0.036223160969787456,0.0,-3.139202815737979e-17,860.6,5.856379270276551,5,0.2,10,1.4,0.8,0.49015684672072346,0.3,0.10778928748621182,0.2,0.05668094798069332,0.1,0.01787574951572113,911.0,5.5323819978046105,10,0.2,True,10,1.5,0.8,0.49015684672072346,0.4,0.16817758120350967,0.2,0.05668094798069332,0.1,0.01787574951572113,1058.2,5.103005103005103,10,0.2,True,0,,,,,,,,,,,,0,,0.1642674732347857,6.087632446690837,2026-10-08T23:21:15.963886+00:00,pregame,experimental
2026020068,2026-10-09,8482705,Cole Sillinger,CBJ,PIT,1,0,2026-10-09T23:00:00Z,effectif actuel ; participation non confirmée,36,5,2.2,0.8,0.37552826411853885,0.8,0.37552826411853885,0.4,0.11761823115925325,0.2,0.036223160969787456,864.8,9.158186864014802,5,0.2,10,1.7,0.8,0.49015684672072346,0.5,0.2365895936154873,0.3,0.10778928748621182,0.1,0.01787574951572113,870.6,7.0296347346657475,10,0.1,True,10,2.1,0.9,0.5958436145024278,0.7,0.3967732199795652,0.3,0.10778928748621182,0.1,0.01787574951572113,875.6,8.634079488350846,10,0.3,True,0,,,,,,,,,,,,0,,0.1635129748407587,6.115722626744915,2026-10-08T23:21:15.963886+00:00,pregame,experimental
2026020067,2026-10-09,8484999,Ilya Protas,WSH,NYR,1,0,2026-10-09T23:00:00Z,effectif actuel ; participation non confirmée,7,5,1.0,0.6,0.23071993220883702,0.2,0.036223160969787456,0.2,0.036223160969787456,0.0,-3.139202815737979e-17,780.4,4.613018964633521,5,0.0,7,1.1428571428571428,0.5714285714285714,0.2504542304090258,0.2857142857142857,0.08221716570901548,0.2857142857142857,0.08221716570901548,0.0,0.0,829.2857142857143,4.961240310077519,7,0.14285714285714285,True,2,2.0,1.0,0.3423719528896193,0.5,0.09452865480086611,0.5,0.09452865480086611,0.0,0.0,824.5,8.732565191024863,2,0.0,True,0,,,,,,,,,,,,0,,0.16301118559941744,6.134548352144331,2026-10-08T23:21:15.963886+00:00,pregame,experimental
2026020066,2026-10-09,8474586,Jordan Eberle,SEA,DET,0,0,2026-10-09T23:00:00Z,effectif actuel ; participation non confirmée,39,5,1.4,0.6,0.23071993220883702,0.4,0.11761823115925325,0.2,0.036223160969787456,0.2,0.036223160969787456,960.8,5.245628642797668,5,0.4,10,1.3,0.6,0.3126695474501863,0.5,0.2365895936154873,0.1,0.01787574951572113,0.1,0.01787574951572113,1029.3,4.54677936461673,10,0.3,True,10,1.6,0.6,0.3126695474501863,0.4,0.16817758120350967,0.4,0.16817758120350967,0.2,0.05668094798069332,1076.0,5.353159851301116,10,0.3,True,0,,,,,,,,,,,,0,,0.16141048525462046,6.195384385484799,2026-10-08T23:21:15.963886+00:00,pregame,experimental
2026020066,2026-10-09,8476905,Chandler Stephenson,SEA,DET,0,0,2026-10-09T23:00:00Z,effectif actuel ; participation non confirmée,39,5,1.0,0.8,0.37552826411853885,0.2,0.036223160969787456,0.0,-3.139202815737979e-17,0.0,-3.139202815737979e-17,1051.8,3.4227039361095266,5,0.2,10,0.8,0.7,0.3967732199795652,0.1,0.01787574951572113,0.0,-2.0052288475052677e-17,0.0,-2.0052288475052677e-17,1053.0,2.735042735042735,10,0.2,True,10,0.6,0.4,0.16817758120350967,0.2,0.05668094798069332,0.0,-2.0052288475052677e-17,0.0,-2.0052288475052677e-17,1163.6,1.8563080096253008,10,0.2,True,0,,,,,,,,,,,,0,,0.16120506490287936,6.203279038425166,2026-10-08T23:21:15.963886+00:00,pregame,experimental
2026020066,2026-10-09,8477456,J.T. Compher,DET,SEA,1,0,2026-10-09T23:00:00Z,effectif actuel ; participation non confirmée,35,5,1.0,0.8,0.37552826411853885,0.2,0.036223160969787456,0.0,-3.139202815737979e-17,0.0,-3.139202815737979e-17,883.4,4.07516413855558,5,0.0,10,1.2,0.8,0.49015684672072346,0.3,0.10778928748621182,0.1,0.01787574951572113,0.0,-2.0052288475052677e-17,965.6,4.473902236951118,10,0.1,True,10,1.1,0.8,0.49015684672072346,0.3,0.10778928748621182,0.0,-2.0052288475052677e-17,0.0,-2.0052288475052677e-17,1024.3,3.8660548667382604,10,0.2,True,0,,,,,,,,,,,,0,,0.15910897878616206,6.2850004294476145,2026-10-08T23:21:15.963886+00:00,pregame,experimental
2026020068,2026-10-09,8477497,Sean Monahan,CBJ,PIT,1,0,2026-10-09T23:00:00Z,effectif actuel ; participation non confirmée,36,5,1.6,1.0,0.565508505247919,0.2,0.036223160969787456,0.2,0.036223160969787456,0.2,0.036223160969787456,928.8,6.2015503875969,5,0.4,10,1.6,0.8,0.49015684672072346,0.3,0.10778928748621182,0.3,0.10778928748621182,0.2,0.05668094798069332,955.5,6.028257456828886,10,0.2,True,10,1.0,0.7,0.3967732199795652,0.1,0.01787574951572113,0.1,0.01787574951572113,0.1,0.01787574951572113,978.7,3.6783488300807194,10,0.1,True,0,,,,,,,,,,,,0,,0.15654172847972886,6.388073069791698,2026-10-08T23:21:15.963886+00:00,pregame,experimental
2026020068,2026-10-09,8478500,Ivan Provorov,CBJ,PIT,1,1,2026-10-09T23:00:00Z,effectif actuel ; participation non confirmée,34,5,3.2,1.0,0.565508505247919,1.0,0.565508505247919,0.6,0.23071993220883702,0.4,0.11761823115925325,1500.6,7.676929228308676,5,0.0,10,2.4,1.0,0.7224598312333834,0.7,0.3967732199795652,0.4,0.16817758120350967,0.2,0.05668094798069332,1461.0,5.9137577002053385,10,0.1,True,10,1.3,0.7,0.3967732199795652,0.3,0.10778928748621182,0.2,0.05668094798069332,0.1,0.01787574951572113,1416.1,3.304851352305628,10,0.1,True,0,,,,,,,,,,,,0,,0.154734185470351,6.462695990289828,2026-10-08T23:21:15.963886+00:00,pregame,experimental
2026020067,2026-10-09,8479385,Jordan Kyrou,WSH,NYR,1,0,2026-10-09T23:00:00Z,effectif actuel ; participation non confirmée,37,5,1.6,1.0,0.565508505247919,0.6,0.23071993220883702,0.0,-3.139202815737979e-17,0.0,-3.139202815737979e-17,798.0,7.2180451127819545,5,0.0,10,1.6,1.0,0.7224598312333834,0.6,0.3126695474501863,0.0,-2.0052288475052677e-17,0.0,-2.0052288475052677e-17,849.0,6.784452296819788,10,0.1,True,10,1.8,0.9,0.5958436145024278,0.6,0.3126695474501863,0.1,0.01787574951572113,0.1,0.01787574951572113,909.5,7.124793842770753,10,0.1,True,0,,,,,,,,,,,,0,,0.15198953383828426,6.579400401767089,2026-10-08T23:21:15.963886+00:00,pregame,experimental
2026020067,2026-10-09,8484210,Gabe Perreault,NYR,WSH,0,0,2026-10-09T23:00:00Z,effectif actuel ; participation non confirmée,38,5,1.0,0.8,0.37552826411853885,0.2,0.036223160969787456,0.0,-3.139202815737979e-17,0.0,-3.139202815737979e-17,894.6,4.0241448692152915,5,0.4,10,1.3,0.8,0.49015684672072346,0.3,0.10778928748621182,0.2,0.05668094798069332,0.0,-2.0052288475052677e-17,919.6,5.08916920400174,10,0.4,True,10,1.4,0.8,0.49015684672072346,0.4,0.16817758120350967,0.2,0.05668094798069332,0.0,-2.0052288475052677e-17,1007.5,5.002481389578164,10,0.4,True,0,,,,,,,,,,,,0,,0.15162544795245103,6.595198982123336,2026-10-08T23:21:15.963886+00:00,pregame,experimental
2026020066,2026-10-09,8482665,Matty Beniers,SEA,DET,0,0,2026-10-09T23:00:00Z,effectif actuel ; participation non confirmée,39,5,0.4,0.4,0.11761823115925325,0.0,-3.139202815737979e-17,0.0,-3.139202815737979e-17,0.0,-3.139202815737979e-17,971.4,1.4823965410747375,5,0.2,10,0.8,0.4,0.16817758120350967,0.2,0.05668094798069332,0.2,0.05668094798069332,0.0,-2.0052288475052677e-17,1055.9,2.7275310161947153,10,0.2,True,10,1.7,0.8,0.49015684672072346,0.5,0.2365895936154873,0.4,0.16817758120350967,0.0,-2.0052288475052677e-17,1087.3,5.628621355651614,10,0.2,True,0,,,,,,,,,,,,0,,0.1507159141424743,6.634999400625227,2026-10-08T23:21:15.963886+00:00,pregame,experimental
2026020068,2026-10-09,8483808,Andrei Kuzmenko,PIT,CBJ,0,0,2026-10-09T23:00:00Z,effectif actuel ; participation non confirmée,11,5,1.6,0.8,0.37552826411853885,0.4,0.11761823115925325,0.2,0.036223160969787456,0.2,0.036223160969787456,767.0,7.509778357235985,5,0.2,10,1.3,0.8,0.49015684672072346,0.3,0.10778928748621182,0.1,0.01787574951572113,0.1,0.01787574951572113,808.6,5.787781350482315,10,0.2,True,6,1.0,0.8333333333333334,0.4364905634363539,0.16666666666666666,0.030052585871730285,0.0,0.0,0.0,0.0,792.3333333333334,4.5435422801851075,6,0.16666666666666666,True,0,,,,,,,,,,,,0,,0.14932948973852492,6.696600930941331,2026-10-08T23:21:15.963886+00:00,pregame,experimental
2026020066,2026-10-09,8484800,Berkly Catton,SEA,DET,0,0,2026-10-09T23:00:00Z,effectif actuel ; participation non confirmée,36,5,1.4,0.8,0.37552826411853885,0.4,0.11761823115925325,0.2,0.036223160969787456,0.0,-3.139202815737979e-17,917.4,5.493786788750818,5,0.2,10,1.3,0.8,0.49015684672072346,0.3,0.10778928748621182,0.2,0.05668094798069332,0.0,-2.0052288475052677e-17,837.1,5.590729900848166,10,0.2,True,10,0.9,0.6,0.3126695474501863,0.2,0.05668094798069332,0.1,0.01787574951572113,0.0,-2.0052288475052677e-17,980.2,3.3054478677820853,10,0.0,True,0,,,,,,,,,,,,0,,0.14373904080061767,6.957052130235885,2026-10-08T23:21:15.963886+00:00,pregame,experimental
2026020067,2026-10-09,8481789,Tye Kartye,NYR,WSH,0,0,2026-10-09T23:00:00Z,effectif actuel ; participation non confirmée,32,5,0.8,0.6,0.23071993220883702,0.2,0.036223160969787456,0.0,-3.139202815737979e-17,0.0,-3.139202815737979e-17,885.6,3.252032520325203,5,0.0,10,0.9,0.6,0.3126695474501863,0.2,0.05668094798069332,0.1,0.01787574951572113,0.0,-2.0052288475052677e-17,834.9,3.880704275961193,10,0.1,True,10,1.2,0.7,0.3967732199795652,0.4,0.16817758120350967,0.1,0.01787574951572113,0.0,-2.0052288475052677e-17,825.9,5.23065746458409,10,0.3,True,0,,,,,,,,,,,,0,,0.1434198824498443,6.972533953580058,2026-10-08T23:21:15.963886+00:00,pregame,experimental
2026020066,2026-10-09,8477919,Frederick Gaudreau,SEA,DET,0,0,2026-10-09T23:00:00Z,effectif actuel ; participation non confirmée,38,5,1.0,0.4,0.11761823115925325,0.4,0.11761823115925325,0.2,0.036223160969787456,0.0,-3.139202815737979e-17,882.0,4.081632653061225,5,0.2,10,1.1,0.4,0.16817758120350967,0.4,0.16817758120350967,0.2,0.05668094798069332,0.1,0.01787574951572113,921.0,4.299674267100977,10,0.3,True,10,1.2,0.6,0.3126695474501863,0.5,0.2365895936154873,0.1,0.01787574951572113,0.0,-2.0052288475052677e-17,919.3,4.699227673229632,10,0.1,True,0,,,,,,,,,,,,0,,0.14302798214149562,6.991638873928276,2026-10-08T23:21:15.963886+00:00,pregame,experimental
2026020066,2026-10-09,8481542,Moritz Seider,DET,SEA,1,1,2026-10-09T23:00:00Z,effectif actuel ; participation non confirmée,36,5,3.0,1.0,0.565508505247919,1.0,0.565508505247919,0.8,0.37552826411853885,0.2,0.036223160969787456,1411.8,7.64980875478113,5,0.0,10,2.2,0.8,0.49015684672072346,0.8,0.49015684672072346,0.5,0.2365895936154873,0.1,0.01787574951572113,1512.3,5.237056139654831,10,0.1,True,10,2.8,0.8,0.49015684672072346,0.8,0.49015684672072346,0.6,0.3126695474501863,0.2,0.05668094798069332,1580.4,6.378132118451025,10,0.1,True,0,,,,,,,,,,,,0,,0.14230371010141124,7.027223670327081,2026-10-08T23:21:15.963886+00:00,pregame,experimental
2026020068,2026-10-09,8481582,Nick Robertson,PIT,CBJ,0,0,2026-10-09T23:00:00Z,effectif actuel ; participation non confirmée,37,5,1.4,0.8,0.37552826411853885,0.2,0.036223160969787456,0.2,0.036223160969787456,0.2,0.036223160969787456,785.2,6.418746816097809,5,0.4,10,1.8,0.8,0.49015684672072346,0.4,0.16817758120350967,0.2,0.05668094798069332,0.2,0.05668094798069332,782.5,8.281150159744408,10,0.4,True,10,1.2,0.7,0.3967732199795652,0.3,0.10778928748621182,0.1,0.01787574951572113,0.1,0.01787574951572113,772.4,5.592957017089591,10,0.3,True,0,,,,,,,,,,,,0,,0.14225359801820664,7.029699170575726,2026-10-08T23:21:15.963886+00:00,pregame,experimental
2026020066,2026-10-09,8483464,Marco Kasper,DET,SEA,1,0,2026-10-09T23:00:00Z,effectif actuel ; participation non confirmée,34,5,2.2,0.8,0.37552826411853885,0.6,0.23071993220883702,0.4,0.11761823115925325,0.4,0.11761823115925325,753.2,10.51513542219862,5,0.2,10,2.0,0.9,0.5958436145024278,0.5,0.2365895936154873,0.4,0.16817758120350967,0.2,0.05668094798069332,719.7,10.00416840350146,10,0.1,True,10,1.6,0.8,0.49015684672072346,0.4,0.16817758120350967,0.3,0.10778928748621182,0.1,0.01787574951572113,776.2,7.420767843339346,10,0.0,True,0,,,,,,,,,,,,0,,0.1412026154967409,7.0820217917498915,2026-10-08T23:21:15.963886+00:00,pregame,experimental
2026020068,2026-10-09,8481725,Elmer Soderblom,PIT,CBJ,0,0,2026-10-09T23:00:00Z,effectif actuel ; participation non confirmée,31,5,0.6,0.4,0.11761823115925325,0.2,0.036223160969787456,0.0,-3.139202815737979e-17,0.0,-3.139202815737979e-17,800.2,2.6993251687078232,5,0.2,10,1.2,0.7,0.3967732199795652,0.4,0.16817758120350967,0.1,0.01787574951572113,0.0,-2.0052288475052677e-17,763.2,5.660377358490566,10,0.4,True,10,1.0,0.8,0.49015684672072346,0.2,0.05668094798069332,0.0,-2.0052288475052677e-17,0.0,-2.0052288475052677e-17,714.5,5.038488453463961,10,0.3,True,0,,,,,,,,,,,,0,,0.1400591226570995,7.139841954088599,2026-10-08T23:21:15.963886+00:00,pregame,experimental
2026020068,2026-10-09,8481481,Blake Lizotte,PIT,CBJ,0,0,2026-10-09T23:00:00Z,effectif actuel ; participation non confirmée,21,5,1.6,0.8,0.37552826411853885,0.4,0.11761823115925325,0.2,0.036223160969787456,0.2,0.036223160969787456,803.0,7.173100871731009,5,0.0,10,1.2,0.6,0.3126695474501863,0.4,0.16817758120350967,0.1,0.01787574951572113,0.1,0.01787574951572113,834.6,5.176132278936017,10,0.0,True,10,0.8,0.5,0.2365895936154873,0.1,0.01787574951572113,0.1,0.01787574951572113,0.1,0.01787574951572113,790.4,3.6437246963562755,10,0.0,True,0,,,,,,,,,,,,0,,0.13998528785369962,7.143607841454829,2026-10-08T23:21:15.963886+00:00,pregame,experimental
2026020068,2026-10-09,8482660,Kent Johnson,CBJ,PIT,1,0,2026-10-09T23:00:00Z,effectif actuel ; participation non confirmée,31,5,2.0,1.0,0.565508505247919,0.4,0.11761823115925325,0.2,0.036223160969787456,0.2,0.036223160969787456,805.4,8.93965731313633,5,0.2,10,1.3,0.7,0.3967732199795652,0.3,0.10778928748621182,0.1,0.01787574951572113,0.1,0.01787574951572113,723.6,6.467661691542289,10,0.1,True,10,1.8,0.8,0.49015684672072346,0.5,0.2365895936154873,0.2,0.05668094798069332,0.2,0.05668094798069332,788.6,8.217093583565813,10,0.2,True,0,,,,,,,,,,,,0,,0.13621602143287992,7.341280338985288,2026-10-08T23:21:15.963886+00:00,pregame,experimental
2026020067,2026-10-09,8483690,Noah Laba,NYR,WSH,0,0,2026-10-09T23:00:00Z,effectif actuel ; participation non confirmée,33,5,0.6,0.4,0.11761823115925325,0.2,0.036223160969787456,0.0,-3.139202815737979e-17,0.0,-3.139202815737979e-17,883.8,2.443991853360489,5,0.0,10,0.9,0.6,0.3126695474501863,0.3,0.10778928748621182,0.0,-2.0052288475052677e-17,0.0,-2.0052288475052677e-17,850.6,3.809075946390783,10,0.0,True,10,1.0,0.7,0.3967732199795652,0.3,0.10778928748621182,0.0,-2.0052288475052677e-17,0.0,-2.0052288475052677e-17,767.0,4.69361147327249,10,0.3,True,0,,,,,,,,,,,,0,,0.13614351215185763,7.345190264260091,2026-10-08T23:21:15.963886+00:00,pregame,experimental
2026020068,2026-10-09,8482758,Ville Koivunen,PIT,CBJ,0,0,2026-10-09T23:00:00Z,effectif actuel ; participation non confirmée,15,5,1.4,1.0,0.565508505247919,0.4,0.11761823115925325,0.0,-3.139202815737979e-17,0.0,-3.139202815737979e-17,855.2,5.893358278765201,5,0.2,10,0.8,0.6,0.3126695474501863,0.2,0.05668094798069332,0.0,-2.0052288475052677e-17,0.0,-2.0052288475052677e-17,787.4,3.6576073152146305,10,0.1,True,9,1.1111111111111112,0.7777777777777778,0.4525833436728054,0.3333333333333333,0.12058159868274292,0.0,0.0,0.0,0.0,773.8888888888889,5.168700646087581,9,0.1111111111111111,True,0,,,,,,,,,,,,0,,0.1361334714455986,7.345732018591902,2026-10-08T23:21:15.963886+00:00,pregame,experimental
2026020067,2026-10-09,8478463,Anthony Beauvillier,WSH,NYR,1,0,2026-10-09T23:00:00Z,effectif actuel ; participation non confirmée,36,5,2.0,1.0,0.565508505247919,0.6,0.23071993220883702,0.4,0.11761823115925325,0.0,-3.139202815737979e-17,823.0,8.748481166464156,5,0.4,10,1.4,0.8,0.49015684672072346,0.4,0.16817758120350967,0.2,0.05668094798069332,0.0,-2.0052288475052677e-17,908.5,5.547605943863512,10,0.2,True,10,1.2,0.8,0.49015684672072346,0.3,0.10778928748621182,0.1,0.01787574951572113,0.0,-2.0052288475052677e-17,929.4,4.648160103292446,10,0.1,True,0,,,,,,,,,,,,0,,0.13558533707091722,7.375428800807237,2026-10-08T23:21:15.963886+00:00,pregame,experimental
2026020066,2026-10-09,8479992,Michael Rasmussen,DET,SEA,1,0,2026-10-09T23:00:00Z,effectif actuel ; participation non confirmée,23,5,0.8,0.2,0.036223160969787456,0.2,0.036223160969787456,0.2,0.036223160969787456,0.2,0.036223160969787456,854.6,3.3699976597238472,5,0.0,10,0.8,0.5,0.2365895936154873,0.1,0.01787574951572113,0.1,0.01787574951572113,0.1,0.01787574951572113,772.8,3.7267080745341614,10,0.0,True,10,0.7,0.2,0.05668094798069332,0.2,0.05668094798069332,0.2,0.05668094798069332,0.1,0.01787574951572113,792.6,3.1794095382286147,10,0.0,True,0,,,,,,,,,,,,0,,0.13227782607129845,7.559846042986787,2026-10-08T23:21:15.963886+00:00,pregame,experimental
2026020068,2026-10-09,8480980,Connor Dewar,PIT,CBJ,0,0,2026-10-09T23:00:00Z,effectif actuel ; participation non confirmée,35,5,1.2,0.6,0.23071993220883702,0.2,0.036223160969787456,0.2,0.036223160969787456,0.2,0.036223160969787456,878.4,4.918032786885246,5,0.0,10,1.0,0.6,0.3126695474501863,0.2,0.05668094798069332,0.1,0.01787574951572113,0.1,0.01787574951572113,872.5,4.126074498567335,10,0.0,True,10,0.7,0.4,0.16817758120350967,0.2,0.05668094798069332,0.1,0.01787574951572113,0.0,-2.0052288475052677e-17,842.1,2.9925187032418954,10,0.0,True,0,,,,,,,,,,,,0,,0.13226008174194404,7.560860290039175,2026-10-08T23:21:15.963886+00:00,pregame,experimental
2026020068,2026-10-09,8482148,Hendrix Lapierre,PIT,CBJ,0,0,2026-10-09T23:00:00Z,effectif actuel ; participation non confirmée,32,5,0.4,0.4,0.11761823115925325,0.0,-3.139202815737979e-17,0.0,-3.139202815737979e-17,0.0,-3.139202815737979e-17,740.4,1.9448946515397083,5,0.2,10,0.5,0.5,0.2365895936154873,0.0,-2.0052288475052677e-17,0.0,-2.0052288475052677e-17,0.0,-2.0052288475052677e-17,697.0,2.582496413199426,10,0.2,True,10,0.5,0.5,0.2365895936154873,0.0,-2.0052288475052677e-17,0.0,-2.0052288475052677e-17,0.0,-2.0052288475052677e-17,643.7,2.7963336958210347,10,0.2,True,1,0.0,0.0,0.0,0.0,0.0,0.0,0.0,0.0,0.0,798.0,0.0,1,0.0,0.1316040905317332,7.598548008345332,2026-10-08T23:21:15.963886+00:00,pregame,experimental
2026020067,2026-10-09,8483669,Adam Sykora,NYR,WSH,0,0,2026-10-09T23:00:00Z,effectif actuel ; participation non confirmée,11,5,1.6,1.0,0.565508505247919,0.4,0.11761823115925325,0.2,0.036223160969787456,0.0,-3.139202815737979e-17,647.0,8.902627511591962,5,0.2,10,1.2,0.7,0.3967732199795652,0.3,0.10778928748621182,0.2,0.05668094798069332,0.0,-2.0052288475052677e-17,656.2,6.583358732093874,10,0.3,True,4,1.75,1.0,0.5100999795960008,0.5,0.15003570882017145,0.25,0.045586062644636216,0.0,0.0,639.0,9.859154929577464,4,0.0,True,0,,,,,,,,,,,,0,,0.12683630064988297,7.884178227181074,2026-10-08T23:21:15.963886+00:00,pregame,experimental
2026020066,2026-10-09,8477986,Brandon Montour,SEA,DET,0,1,2026-10-09T23:00:00Z,effectif actuel ; participation non confirmée,39,5,2.2,0.6,0.23071993220883702,0.6,0.23071993220883702,0.6,0.23071993220883702,0.4,0.11761823115925325,1353.2,5.852793378657996,5,0.0,10,2.5,0.8,0.49015684672072346,0.7,0.3967732199795652,0.6,0.3126695474501863,0.3,0.10778928748621182,1332.6,6.753714542998649,10,0.1,True,10,3.4,0.9,0.5958436145024278,0.9,0.5958436145024278,0.8,0.49015684672072346,0.4,0.16817758120350967,1374.5,8.905056384139687,10,0.2,True,0,,,,,,,,,,,,0,,0.1260575906307383,7.932882066017822,2026-10-08T23:21:15.963886+00:00,pregame,experimental
2026020066,2026-10-09,8483524,Shane Wright,SEA,DET,0,0,2026-10-09T23:00:00Z,effectif actuel ; participation non confirmée,31,5,1.4,0.6,0.23071993220883702,0.4,0.11761823115925325,0.2,0.036223160969787456,0.2,0.036223160969787456,882.6,5.710401087695446,5,0.4,10,0.9,0.5,0.2365895936154873,0.2,0.05668094798069332,0.1,0.01787574951572113,0.1,0.01787574951572113,779.3,4.1575773129731814,10,0.3,True,10,0.7,0.5,0.2365895936154873,0.2,0.05668094798069332,0.0,-2.0052288475052677e-17,0.0,-2.0052288475052677e-17,766.7,3.2868136167992694,10,0.1,True,0,,,,,,,,,,,,0,,0.12561715145419228,7.960696357333508,2026-10-08T23:21:15.963886+00:00,pregame,experimental
2026020067,2026-10-09,8480009,Eeli Tolvanen,NYR,WSH,0,0,2026-10-09T23:00:00Z,effectif actuel ; participation non confirmée,37,5,1.2,0.8,0.37552826411853885,0.4,0.11761823115925325,0.0,-3.139202815737979e-17,0.0,-3.139202815737979e-17,814.4,5.304518664047151,5,0.6,10,1.6,0.9,0.5958436145024278,0.6,0.3126695474501863,0.1,0.01787574951572113,0.0,-2.0052288475052677e-17,830.3,6.9372515958087435,10,0.3,True,10,1.9,0.8,0.49015684672072346,0.7,0.3967732199795652,0.3,0.10778928748621182,0.1,0.01787574951572113,859.1,7.961820509835875,10,0.1,True,0,,,,,,,,,,,,0,,0.12427209925616499,8.04685851438525,2026-10-08T23:21:15.963886+00:00,pregame,experimental
2026020068,2026-10-09,8479066,Ryan Lomberg,CBJ,PIT,1,0,2026-10-09T23:00:00Z,effectif actuel ; participation non confirmée,15,5,1.2,0.6,0.23071993220883702,0.6,0.23071993220883702,0.0,-3.139202815737979e-17,0.0,-3.139202815737979e-17,543.4,7.949944792050055,5,0.0,10,0.8,0.5,0.2365895936154873,0.3,0.10778928748621182,0.0,-2.0052288475052677e-17,0.0,-2.0052288475052677e-17,573.3,5.023547880690738,10,0.1,True,10,1.0,0.5,0.2365895936154873,0.3,0.10778928748621182,0.2,0.05668094798069332,0.0,-2.0052288475052677e-17,576.1,6.248915118902969,10,0.1,True,1,1.0,1.0,0.20654329147389294,0.0,0.0,0.0,0.0,0.0,0.0,780.0,4.615384615384615,1,0.0,0.12359620286652949,8.090863447317162,2026-10-08T23:21:15.963886+00:00,pregame,experimental
2026020068,2026-10-09,8474578,Erik Karlsson,PIT,CBJ,0,1,2026-10-09T23:00:00Z,effectif actuel ; participation non confirmée,35,5,1.6,0.6,0.23071993220883702,0.4,0.11761823115925325,0.4,0.11761823115925325,0.2,0.036223160969787456,1299.4,4.432815145451747,5,0.0,10,2.1,0.8,0.49015684672072346,0.7,0.3967732199795652,0.4,0.16817758120350967,0.2,0.05668094798069332,1316.0,5.74468085106383,10,0.2,True,10,3.1,0.9,0.5958436145024278,0.8,0.49015684672072346,0.6,0.3126695474501863,0.4,0.16817758120350967,1376.2,8.109286440924285,10,0.4,True,0,,,,,,,,,,,,0,,0.11864527214030178,8.428485871880916,2026-10-08T23:21:15.963886+00:00,pregame,experimental
2026020068,2026-10-09,8478046,Danton Heinen,CBJ,PIT,1,0,2026-10-09T23:00:00Z,effectif actuel ; participation non confirmée,27,5,0.6,0.4,0.11761823115925325,0.2,0.036223160969787456,0.0,-3.139202815737979e-17,0.0,-3.139202815737979e-17,700.0,3.085714285714286,5,0.0,10,0.9,0.6,0.3126695474501863,0.2,0.05668094798069332,0.1,0.01787574951572113,0.0,-2.0052288475052677e-17,729.5,4.441398217957505,10,0.1,True,10,0.8,0.6,0.3126695474501863,0.2,0.05668094798069332,0.0,-2.0052288475052677e-17,0.0,-2.0052288475052677e-17,699.6,4.11663807890223,10,0.2,True,0,,,,,,,,,,,,0,,0.11813106763552701,8.465173641580275,2026-10-08T23:21:15.963886+00:00,pregame,experimental
2026020066,2026-10-09,8475753,Justin Faulk,DET,SEA,1,1,2026-10-09T23:00:00Z,effectif actuel ; participation non confirmée,33,5,2.6,1.0,0.565508505247919,0.8,0.37552826411853885,0.6,0.23071993220883702,0.2,0.036223160969787456,1197.6,7.81563126252505,5,0.4,10,2.6,0.9,0.5958436145024278,0.8,0.49015684672072346,0.5,0.2365895936154873,0.2,0.05668094798069332,1188.8,7.873485868102288,10,0.4,True,10,2.4,1.0,0.7224598312333834,0.7,0.3967732199795652,0.4,0.16817758120350967,0.1,0.01787574951572113,1235.4,6.9936862554638175,10,0.3,True,1,2.0,1.0,0.20654329147389294,1.0,0.20654329147389294,0.0,0.0,0.0,0.0,1181.0,6.096528365791702,1,0.0,0.11793196087720728,8.47946555422085,2026-10-08T23:21:15.963886+00:00,pregame,experimental
2026020066,2026-10-09,8481554,Kaapo Kakko,SEA,DET,0,0,2026-10-09T23:00:00Z,effectif actuel ; participation non confirmée,38,5,1.4,0.6,0.23071993220883702,0.4,0.11761823115925325,0.2,0.036223160969787456,0.2,0.036223160969787456,846.0,5.957446808510638,5,0.2,10,0.7,0.3,0.10778928748621182,0.2,0.05668094798069332,0.1,0.01787574951572113,0.1,0.01787574951572113,868.1,2.9028913719617555,10,0.1,True,10,0.7,0.4,0.16817758120350967,0.1,0.01787574951572113,0.1,0.01787574951572113,0.1,0.01787574951572113,886.4,2.8429602888086642,10,0.2,True,0,,,,,,,,,,,,0,,0.1172655815137666,8.527651396864503,2026-10-08T23:21:15.963886+00:00,pregame,experimental
2026020068,2026-10-09,8479638,Justin Brazeau,PIT,CBJ,0,0,2026-10-09T23:00:00Z,effectif actuel ; participation non confirmée,31,5,0.6,0.4,0.11761823115925325,0.2,0.036223160969787456,0.0,-3.139202815737979e-17,0.0,-3.139202815737979e-17,760.6,2.8398632658427556,5,0.0,10,0.9,0.5,0.2365895936154873,0.3,0.10778928748621182,0.1,0.01787574951572113,0.0,-2.0052288475052677e-17,738.1,4.3896490990380705,10,0.1,True,10,1.1,0.7,0.3967732199795652,0.3,0.10778928748621182,0.1,0.01787574951572113,0.0,-2.0052288475052677e-17,745.0,5.315436241610739,10,0.0,True,0,,,,,,,,,,,,0,,0.11584398079585963,8.63230003950055,2026-10-08T23:21:15.963886+00:00,pregame,experimental
2026020067,2026-10-09,8482088,Justin Sourdif,WSH,NYR,1,0,2026-10-09T23:00:00Z,effectif actuel ; participation non confirmée,36,5,0.4,0.4,0.11761823115925325,0.0,-3.139202815737979e-17,0.0,-3.139202815737979e-17,0.0,-3.139202815737979e-17,836.6,1.7212526894573272,5,0.2,10,0.5,0.4,0.16817758120350967,0.1,0.01787574951572113,0.0,-2.0052288475052677e-17,0.0,-2.0052288475052677e-17,880.7,2.043828772567276,10,0.1,True,10,1.1,0.6,0.3126695474501863,0.3,0.10778928748621182,0.1,0.01787574951572113,0.1,0.01787574951572113,889.6,4.451438848920863,10,0.2,True,0,,,,,,,,,,,,0,,0.1154142690026646,8.664439922735314,2026-10-08T23:21:15.963886+00:00,pregame,experimental
2026020066,2026-10-09,8478891,Mason Appleton,DET,SEA,1,0,2026-10-09T23:00:00Z,effectif actuel ; participation non confirmée,28,5,0.6,0.6,0.23071993220883702,0.0,-3.139202815737979e-17,0.0,-3.139202815737979e-17,0.0,-3.139202815737979e-17,766.2,2.8191072826938135,5,0.2,10,0.9,0.6,0.3126695474501863,0.2,0.05668094798069332,0.1,0.01787574951572113,0.0,-2.0052288475052677e-17,726.7,4.458511077473511,10,0.1,True,10,1.0,0.7,0.3967732199795652,0.2,0.05668094798069332,0.1,0.01787574951572113,0.0,-2.0052288475052677e-17,697.0,5.164992826398852,10,0.1,True,0,,,,,,,,,,,,0,,0.11403567917457204,8.769185286906087,2026-10-08T23:21:15.963886+00:00,pregame,experimental
2026020067,2026-10-09,8477416,Oliver Bjorkstrand,NYR,WSH,0,0,2026-10-09T23:00:00Z,effectif actuel ; participation non confirmée,38,5,1.6,0.6,0.23071993220883702,0.4,0.11761823115925325,0.4,0.11761823115925325,0.2,0.036223160969787456,685.4,8.40385176539247,5,0.2,10,1.3,0.6,0.3126695474501863,0.4,0.16817758120350967,0.2,0.05668094798069332,0.1,0.01787574951572113,743.3,6.2962464684515,10,0.2,True,10,1.2,0.6,0.3126695474501863,0.3,0.10778928748621182,0.2,0.05668094798069332,0.1,0.01787574951572113,774.6,5.57707203718048,10,0.0,True,0,,,,,,,,,,,,0,,0.1096919270843959,9.116441169190233,2026-10-08T23:21:15.963886+00:00,pregame,experimental
2026020066,2026-10-09,8482802,Carter Mazur,DET,SEA,1,0,2026-10-09T23:00:00Z,effectif actuel ; participation non confirmée,9,5,0.6,0.4,0.11761823115925325,0.2,0.036223160969787456,0.0,-3.139202815737979e-17,0.0,-3.139202815737979e-17,707.8,3.0517095224639728,5,0.0,9,0.4444444444444444,0.3333333333333333,0.12058159868274292,0.1111111111111111,0.019890371327130518,0.0,0.0,0.0,0.0,620.0,2.5806451612903225,9,0.0,True,6,0.6666666666666666,0.5,0.1876128068994087,0.16666666666666666,0.030052585871730285,0.0,0.0,0.0,0.0,605.3333333333334,3.9647577092511015,6,0.0,True,0,,,,,,,,,,,,0,,0.10851709457909994,9.215137982440943,2026-10-08T23:21:15.963886+00:00,pregame,experimental
2026020067,2026-10-09,8483491,Ivan Miroshnichenko,WSH,NYR,1,0,2026-10-09T23:00:00Z,effectif actuel ; participation non confirmée,10,5,0.8,0.6,0.23071993220883702,0.2,0.036223160969787456,0.0,-3.139202815737979e-17,0.0,-3.139202815737979e-17,602.6,4.7792897444407565,5,0.0,10,0.8,0.5,0.2365895936154873,0.2,0.05668094798069332,0.1,0.01787574951572113,0.0,-2.0052288475052677e-17,565.4,5.093738945879024,10,0.1,True,2,0.5,0.5,0.09452865480086611,0.0,0.0,0.0,0.0,0.0,0.0,418.0,4.30622009569378,2,0.0,True,0,,,,,,,,,,,,0,,0.106370701952585,9.401084900668913,2026-10-08T23:21:15.963886+00:00,pregame,experimental
2026020067,2026-10-09,8479345,Jakob Chychrun,WSH,NYR,1,1,2026-10-09T23:00:00Z,effectif actuel ; participation non confirmée,36,5,1.6,1.0,0.565508505247919,0.4,0.11761823115925325,0.2,0.036223160969787456,0.0,-3.139202815737979e-17,1402.0,4.108416547788873,5,0.4,10,1.7,0.9,0.5958436145024278,0.6,0.3126695474501863,0.2,0.05668094798069332,0.0,-2.0052288475052677e-17,1338.8,4.5712578428443384,10,0.3,True,10,1.2,0.8,0.49015684672072346,0.4,0.16817758120350967,0.0,-2.0052288475052677e-17,0.0,-2.0052288475052677e-17,1349.8,3.2004741443176767,10,0.2,True,0,,,,,,,,,,,,0,,0.10269579713719221,9.73749683898058,2026-10-08T23:21:15.963886+00:00,pregame,experimental
2026020066,2026-10-09,8483570,Ben Meyers,SEA,DET,0,0,2026-10-09T23:00:00Z,effectif actuel ; participation non confirmée,25,5,0.4,0.2,0.036223160969787456,0.2,0.036223160969787456,0.0,-3.139202815737979e-17,0.0,-3.139202815737979e-17,736.4,1.955458989679522,5,0.0,10,0.6,0.5,0.2365895936154873,0.1,0.01787574951572113,0.0,-2.0052288475052677e-17,0.0,-2.0052288475052677e-17,698.5,3.0923407301360055,10,0.0,True,10,0.6,0.5,0.2365895936154873,0.1,0.01787574951572113,0.0,-2.0052288475052677e-17,0.0,-2.0052288475052677e-17,689.0,3.134978229317852,10,0.0,True,0,,,,,,,,,,,,0,,0.10265777860224218,9.741103047579083,2026-10-08T23:21:15.963886+00:00,pregame,experimental
2026020068,2026-10-09,8478856,Conor Garland,CBJ,PIT,1,0,2026-10-09T23:00:00Z,effectif actuel ; participation non confirmée,36,5,0.4,0.4,0.11761823115925325,0.0,-3.139202815737979e-17,0.0,-3.139202815737979e-17,0.0,-3.139202815737979e-17,713.0,2.0196353436185133,5,0.0,10,0.9,0.5,0.2365895936154873,0.2,0.05668094798069332,0.1,0.01787574951572113,0.1,0.01787574951572113,797.3,4.063715038254108,10,0.0,True,10,0.9,0.6,0.3126695474501863,0.2,0.05668094798069332,0.1,0.01787574951572113,0.0,-2.0052288475052677e-17,756.8,4.281183932346723,10,0.1,True,1,4.0,1.0,0.20654329147389294,1.0,0.20654329147389294,1.0,0.20654329147389294,1.0,0.20654329147389294,1023.0,14.07624633431085,1,0.0,0.10014233556770427,9.985786673848041,2026-10-08T23:21:15.963886+00:00,pregame,experimental
2026020066,2026-10-09,8476457,Adam Larsson,SEA,DET,0,1,2026-10-09T23:00:00Z,effectif actuel ; participation non confirmée,39,5,1.6,0.8,0.37552826411853885,0.4,0.11761823115925325,0.2,0.036223160969787456,0.2,0.036223160969787456,1304.6,4.415146405028361,5,0.0,10,1.8,0.8,0.49015684672072346,0.4,0.16817758120350967,0.3,0.10778928748621182,0.3,0.10778928748621182,1266.7,5.115654851188126,10,0.2,True,10,2.0,0.8,0.49015684672072346,0.5,0.2365895936154873,0.4,0.16817758120350967,0.3,0.10778928748621182,1271.7,5.661712668082095,10,0.1,True,0,,,,,,,,,,,,0,,0.09950660476383504,10.049584169546932,2026-10-08T23:21:15.963886+00:00,pregame,experimental
2026020068,2026-10-09,8483485,Denton Mateychuk,CBJ,PIT,1,1,2026-10-09T23:00:00Z,effectif actuel ; participation non confirmée,33,5,1.2,1.0,0.565508505247919,0.2,0.036223160969787456,0.0,-3.139202815737979e-17,0.0,-3.139202815737979e-17,1356.2,3.185370889249373,5,0.0,10,1.4,0.9,0.5958436145024278,0.3,0.10778928748621182,0.1,0.01787574951572113,0.1,0.01787574951572113,1299.6,3.8781163434903045,10,0.1,True,10,1.0,0.8,0.49015684672072346,0.2,0.05668094798069332,0.0,-2.0052288475052677e-17,0.0,-2.0052288475052677e-17,1162.9,3.0957090033536847,10,0.1,True,0,,,,,,,,,,,,0,,0.09846719017566803,10.15566706245983,2026-10-08T23:21:15.963886+00:00,pregame,experimental
2026020067,2026-10-09,8483573,Ethen Frank,WSH,NYR,1,0,2026-10-09T23:00:00Z,effectif actuel ; participation non confirmée,24,5,0.8,0.8,0.37552826411853885,0.0,-3.139202815737979e-17,0.0,-3.139202815737979e-17,0.0,-3.139202815737979e-17,545.8,5.2766581165262,5,0.0,10,0.9,0.7,0.3967732199795652,0.1,0.01787574951572113,0.1,0.01787574951572113,0.0,-2.0052288475052677e-17,577.1,5.614278287991683,10,0.1,True,10,1.6,0.8,0.49015684672072346,0.4,0.16817758120350967,0.3,0.10778928748621182,0.1,0.01787574951572113,658.9,8.741842464713917,10,0.1,True,0,,,,,,,,,,,,0,,0.09819404001540888,10.183917474452393,2026-10-08T23:21:15.963886+00:00,pregame,experimental
2026020067,2026-10-09,8480813,Joseph Veleno,NYR,WSH,0,0,2026-10-09T23:00:00Z,effectif actuel ; participation non confirmée,21,5,0.4,0.4,0.11761823115925325,0.0,-3.139202815737979e-17,0.0,-3.139202815737979e-17,0.0,-3.139202815737979e-17,681.0,2.1145374449339207,5,0.0,10,0.5,0.4,0.16817758120350967,0.1,0.01787574951572113,0.0,-2.0052288475052677e-17,0.0,-2.0052288475052677e-17,686.7,2.6212319790301444,10,0.0,True,10,0.5,0.4,0.16817758120350967,0.1,0.01787574951572113,0.0,-2.0052288475052677e-17,0.0,-2.0052288475052677e-17,742.7,2.42358960549347,10,0.0,True,0,,,,,,,,,,,,0,,0.0967955530763155,10.331053113685714,2026-10-08T23:21:15.963886+00:00,pregame,experimental
2026020068,2026-10-09,8481716,Dmitri Voronkov,CBJ,PIT,1,0,2026-10-09T23:00:00Z,effectif actuel ; participation non confirmée,17,5,0.6,0.4,0.11761823115925325,0.2,0.036223160969787456,0.0,-3.139202815737979e-17,0.0,-3.139202815737979e-17,586.6,3.682236617797477,5,0.0,10,0.7,0.4,0.16817758120350967,0.2,0.05668094798069332,0.1,0.01787574951572113,0.0,-2.0052288475052677e-17,580.2,4.343329886246122,10,0.0,True,10,0.8,0.4,0.16817758120350967,0.3,0.10778928748621182,0.1,0.01787574951572113,0.0,-2.0052288475052677e-17,556.8,5.172413793103448,10,0.1,True,0,,,,,,,,,,,,0,,0.0962883590543868,10.385471409219544,2026-10-08T23:21:15.963886+00:00,pregame,experimental
2026020067,2026-10-09,8484873,Cole Hutson,WSH,NYR,1,1,2026-10-09T23:00:00Z,effectif actuel ; participation non confirmée,17,5,1.6,0.8,0.37552826411853885,0.4,0.11761823115925325,0.4,0.11761823115925325,0.0,-3.139202815737979e-17,1102.6,5.224015962270996,5,0.2,10,2.1,0.8,0.49015684672072346,0.6,0.3126695474501863,0.3,0.10778928748621182,0.1,0.01787574951572113,1112.4,6.796116504854369,10,0.3,True,7,1.1428571428571428,0.42857142857142855,0.1582169222626268,0.42857142857142855,0.1582169222626268,0.2857142857142857,0.08221716570901548,0.0,0.0,986.7142857142857,4.169682930360504,7,0.14285714285714285,True,0,,,,,,,,,,,,0,,0.09071153958678277,11.023955767428141,2026-10-08T23:21:15.963886+00:00,pregame,experimental
2026020067,2026-10-09,8479323,Adam Fox,NYR,WSH,0,1,2026-10-09T23:00:00Z,effectif actuel ; participation non confirmée,30,5,0.6,0.4,0.11761823115925325,0.2,0.036223160969787456,0.0,-3.139202815737979e-17,0.0,-3.139202815737979e-17,1268.6,1.7026643544064324,5,0.0,10,1.2,0.7,0.3967732199795652,0.3,0.10778928748621182,0.2,0.05668094798069332,0.0,-2.0052288475052677e-17,1343.1,3.2164395800759435,10,0.2,True,10,1.2,0.7,0.3967732199795652,0.3,0.10778928748621182,0.2,0.05668094798069332,0.0,-2.0052288475052677e-17,1389.0,3.1101511879049677,10,0.1,True,0,,,,,,,,,,,,0,,0.08942556785297297,11.182484204563593,2026-10-08T23:21:15.963886+00:00,pregame,experimental
2026020066,2026-10-09,8478434,Keegan Kolesar,DET,SEA,1,0,2026-10-09T23:00:00Z,effectif actuel ; participation non confirmée,38,5,0.4,0.4,0.11761823115925325,0.0,-3.139202815737979e-17,0.0,-3.139202815737979e-17,0.0,-3.139202815737979e-17,717.0,2.00836820083682,5,0.0,10,0.5,0.5,0.2365895936154873,0.0,-2.0052288475052677e-17,0.0,-2.0052288475052677e-17,0.0,-2.0052288475052677e-17,712.7,2.5256068472007858,10,0.0,True,10,0.4,0.4,0.16817758120350967,0.0,-2.0052288475052677e-17,0.0,-2.0052288475052677e-17,0.0,-2.0052288475052677e-17,685.5,2.1006564551422318,10,0.0,True,2,1.0,0.5,0.09452865480086611,0.5,0.09452865480086611,0.0,0.0,0.0,0.0,828.0,4.3478260869565215,2,0.0,0.08822327141757343,11.334877792808841,2026-10-08T23:21:15.963886+00:00,pregame,experimental
2026020067,2026-10-09,8482877,Jaroslav Chmelar,NYR,WSH,0,0,2026-10-09T23:00:00Z,effectif actuel ; participation non confirmée,26,5,0.6,0.6,0.23071993220883702,0.0,-3.139202815737979e-17,0.0,-3.139202815737979e-17,0.0,-3.139202815737979e-17,521.6,4.141104294478527,5,0.0,10,0.7,0.6,0.3126695474501863,0.1,0.01787574951572113,0.0,-2.0052288475052677e-17,0.0,-2.0052288475052677e-17,616.7,4.0862656072644725,10,0.1,True,10,1.0,0.7,0.3967732199795652,0.3,0.10778928748621182,0.0,-2.0052288475052677e-17,0.0,-2.0052288475052677e-17,549.7,6.549026741859196,10,0.1,True,0,,,,,,,,,,,,0,,0.08657027184264582,11.551309458951993,2026-10-08T23:21:15.963886+00:00,pregame,experimental
2026020066,2026-10-09,8482874,Jacob Melanson,SEA,DET,0,0,2026-10-09T23:00:00Z,effectif actuel ; participation non confirmée,22,5,1.4,0.6,0.23071993220883702,0.4,0.11761823115925325,0.2,0.036223160969787456,0.2,0.036223160969787456,502.2,10.03584229390681,5,0.0,10,1.0,0.6,0.3126695474501863,0.2,0.05668094798069332,0.1,0.01787574951572113,0.1,0.01787574951572113,494.1,7.285974499089253,10,0.0,True,8,0.875,0.625,0.3057378545838018,0.125,0.02241690886329618,0.125,0.02241690886329618,0.0,0.0,466.0,6.759656652360515,8,0.0,True,0,,,,,,,,,,,,0,,0.0861625390249372,11.60597182158919,2026-10-08T23:21:15.963886+00:00,pregame,experimental
2026020066,2026-10-09,8478407,Vince Dunn,SEA,DET,0,1,2026-10-09T23:00:00Z,effectif actuel ; participation non confirmée,39,5,1.0,0.8,0.37552826411853885,0.2,0.036223160969787456,0.0,-3.139202815737979e-17,0.0,-3.139202815737979e-17,1291.6,2.787240631774543,5,0.2,10,1.9,0.9,0.5958436145024278,0.5,0.2365895936154873,0.2,0.05668094798069332,0.2,0.05668094798069332,1242.7,5.504144202140501,10,0.1,True,10,2.2,1.0,0.7224598312333834,0.5,0.2365895936154873,0.3,0.10778928748621182,0.3,0.10778928748621182,1293.2,6.124342715743891,10,0.1,True,0,,,,,,,,,,,,0,,0.08605586022869968,11.620359117234173,2026-10-08T23:21:15.963886+00:00,pregame,experimental
2026020067,2026-10-09,8478882,Vladislav Gavrikov,NYR,WSH,0,1,2026-10-09T23:00:00Z,effectif actuel ; participation non confirmée,38,5,1.4,0.6,0.23071993220883702,0.4,0.11761823115925325,0.4,0.11761823115925325,0.0,-3.139202815737979e-17,1292.8,3.8985148514851486,5,0.2,10,1.7,0.8,0.49015684672072346,0.5,0.2365895936154873,0.3,0.10778928748621182,0.1,0.01787574951572113,1335.2,4.583582983822648,10,0.1,True,10,1.3,0.9,0.5958436145024278,0.2,0.05668094798069332,0.1,0.01787574951572113,0.1,0.01787574951572113,1304.2,3.58840668609109,10,0.1,True,0,,,,,,,,,,,,0,,0.08578484941312244,11.657070063551698,2026-10-08T23:21:15.963886+00:00,pregame,experimental
2026020067,2026-10-09,8482460,Matt Rempe,NYR,WSH,0,0,2026-10-09T23:00:00Z,effectif actuel ; participation non confirmée,6,5,0.2,0.2,0.036223160969787456,0.0,-3.139202815737979e-17,0.0,-3.139202815737979e-17,0.0,-3.139202815737979e-17,507.4,1.4189988175009853,5,0.0,6,0.5,0.3333333333333333,0.09676933255921684,0.16666666666666666,0.030052585871730285,0.0,0.0,0.0,0.0,510.0,3.5294117647058822,6,0.0,True,3,0.3333333333333333,0.3333333333333333,0.061490315276160515,0.0,0.0,0.0,0.0,0.0,0.0,548.0,2.18978102189781,3,0.0,True,0,,,,,,,,,,,,0,,0.0821309598336126,12.175676529604416,2026-10-08T23:21:15.963886+00:00,pregame,experimental
2026020067,2026-10-09,8480434,Sean Durzi,NYR,WSH,0,1,2026-10-09T23:00:00Z,effectif actuel ; participation non confirmée,37,5,0.6,0.4,0.11761823115925325,0.2,0.036223160969787456,0.0,-3.139202815737979e-17,0.0,-3.139202815737979e-17,1247.8,1.7310466420900785,5,0.2,10,1.2,0.5,0.2365895936154873,0.3,0.10778928748621182,0.1,0.01787574951572113,0.1,0.01787574951572113,1076.8,4.011887072808321,10,0.1,True,10,1.5,0.6,0.3126695474501863,0.5,0.2365895936154873,0.1,0.01787574951572113,0.1,0.01787574951572113,1107.0,4.878048780487805,10,0.1,True,1,1.0,1.0,0.20654329147389294,0.0,0.0,0.0,0.0,0.0,0.0,1191.0,3.022670025188917,1,0.0,0.08063182844822031,12.402050396788091,2026-10-08T23:21:15.963886+00:00,pregame,experimental
2026020068,2026-10-09,8477845,Trevor van Riemsdyk,PIT,CBJ,0,1,2026-10-09T23:00:00Z,effectif actuel ; participation non confirmée,36,5,0.4,0.4,0.11761823115925325,0.0,-3.139202815737979e-17,0.0,-3.139202815737979e-17,0.0,-3.139202815737979e-17,1139.4,1.263823064770932,5,0.0,10,0.8,0.4,0.16817758120350967,0.1,0.01787574951572113,0.1,0.01787574951572113,0.1,0.01787574951572113,1136.4,2.5343189017951424,10,0.1,True,10,0.4,0.3,0.10778928748621182,0.1,0.01787574951572113,0.0,-2.0052288475052677e-17,0.0,-2.0052288475052677e-17,1139.6,1.2636012636012637,10,0.0,True,1,0.0,0.0,0.0,0.0,0.0,0.0,0.0,0.0,0.0,1203.0,0.0,1,0.0,0.07823284629664234,12.782354820738751,2026-10-08T23:21:15.963886+00:00,pregame,experimental
2026020066,2026-10-09,8480876,Curtis Douglas,SEA,DET,0,0,2026-10-09T23:00:00Z,effectif actuel ; participation non confirmée,18,5,0.4,0.4,0.11761823115925325,0.0,-3.139202815737979e-17,0.0,-3.139202815737979e-17,0.0,-3.139202815737979e-17,471.0,3.0573248407643314,5,0.2,10,0.8,0.4,0.16817758120350967,0.1,0.01787574951572113,0.1,0.01787574951572113,0.1,0.01787574951572113,475.8,6.0529634300126105,10,0.1,True,8,0.875,0.375,0.13684175946152105,0.125,0.02241690886329618,0.125,0.02241690886329618,0.125,0.02241690886329618,457.75,6.881485527034408,8,0.125,True,0,,,,,,,,,,,,0,,0.07682005231833222,13.017434508585481,2026-10-08T23:21:15.963886+00:00,pregame,experimental
2026020066,2026-10-09,8480326,Sheldon Dries,DET,SEA,1,0,2026-10-09T23:00:00Z,effectif actuel ; participation non confirmée,5,5,0.4,0.2,0.036223160969787456,0.2,0.036223160969787456,0.0,-3.139202815737979e-17,0.0,-3.139202815737979e-17,418.4,3.4416826003824093,5,0.0,5,0.4,0.2,0.036223160969787456,0.2,0.036223160969787456,0.0,-3.139202815737979e-17,0.0,-3.139202815737979e-17,418.4,3.4416826003824093,5,0.0,True,3,0.0,0.0,0.0,0.0,0.0,0.0,0.0,0.0,0.0,334.0,0.0,3,0.0,True,0,,,,,,,,,,,,0,,0.07311129960364339,13.677776286583292,2026-10-08T23:21:15.963886+00:00,pregame,experimental
2026020068,2026-10-09,8483398,Declan Carlile,PIT,CBJ,0,1,2026-10-09T23:00:00Z,effectif actuel ; participation non confirmée,20,5,1.6,0.6,0.23071993220883702,0.6,0.23071993220883702,0.4,0.11761823115925325,0.0,-3.139202815737979e-17,1107.0,5.203252032520325,5,0.4,10,1.2,0.5,0.2365895936154873,0.5,0.2365895936154873,0.2,0.05668094798069332,0.0,-2.0052288475052677e-17,1038.6,4.15944540727903,10,0.2,True,8,0.625,0.375,0.13684175946152105,0.25,0.07147768885802765,0.0,0.0,0.0,0.0,932.0,2.4141630901287554,8,0.0,True,1,1.0,1.0,0.20654329147389294,0.0,0.0,0.0,0.0,0.0,0.0,1313.0,2.7418126428027416,1,0.0,0.07270286871827956,13.75461543168202,2026-10-08T23:21:15.963886+00:00,pregame,experimental
2026020067,2026-10-09,8480043,Timothy Liljegren,WSH,NYR,1,1,2026-10-09T23:00:00Z,effectif actuel ; participation non confirmée,15,5,1.0,0.8,0.37552826411853885,0.2,0.036223160969787456,0.0,-3.139202815737979e-17,0.0,-3.139202815737979e-17,1080.6,3.331482509716824,5,0.0,10,1.2,0.9,0.5958436145024278,0.3,0.10778928748621182,0.0,-2.0052288475052677e-17,0.0,-2.0052288475052677e-17,1055.0,4.0947867298578196,10,0.1,True,5,1.6,1.0,0.565508505247919,0.4,0.11761823115925325,0.2,0.036223160969787456,0.0,-3.139202815737979e-17,1066.6,5.400337521095069,5,0.0,True,1,3.0,1.0,0.20654329147389294,1.0,0.20654329147389294,1.0,0.20654329147389294,0.0,0.0,1181.0,9.144792548687553,1,0.0,0.07245299535230575,13.8020518701464,2026-10-08T23:21:15.963886+00:00,pregame,experimental
2026020068,2026-10-09,8471724,Kris Letang,PIT,CBJ,0,1,2026-10-09T23:00:00Z,effectif actuel ; participation non confirmée,31,5,2.4,0.8,0.37552826411853885,0.8,0.37552826411853885,0.6,0.23071993220883702,0.2,0.036223160969787456,1158.4,7.458563535911602,5,0.0,10,1.4,0.6,0.3126695474501863,0.4,0.16817758120350967,0.3,0.10778928748621182,0.1,0.01787574951572113,1157.3,4.354964140672254,10,0.0,True,10,1.2,0.6,0.3126695474501863,0.3,0.10778928748621182,0.2,0.05668094798069332,0.1,0.01787574951572113,1207.1,3.578825283737884,10,0.0,True,0,,,,,,,,,,,,0,,0.07240989048494963,13.810268090487579,2026-10-08T23:21:15.963886+00:00,pregame,experimental
2026020067,2026-10-09,8479576,Vincent Desharnais,WSH,NYR,1,1,2026-10-09T23:00:00Z,effectif actuel ; participation non confirmée,36,5,0.2,0.2,0.036223160969787456,0.0,-3.139202815737979e-17,0.0,-3.139202815737979e-17,0.0,-3.139202815737979e-17,1180.8,0.6097560975609756,5,0.0,10,0.5,0.5,0.2365895936154873,0.0,-2.0052288475052677e-17,0.0,-2.0052288475052677e-17,0.0,-2.0052288475052677e-17,1234.2,1.4584346135148274,10,0.0,True,10,0.5,0.5,0.2365895936154873,0.0,-2.0052288475052677e-17,0.0,-2.0052288475052677e-17,0.0,-2.0052288475052677e-17,1221.9,1.4731156395777067,10,0.0,True,1,1.0,1.0,0.20654329147389294,0.0,0.0,0.0,0.0,0.0,0.0,995.0,3.6180904522613067,1,0.0,0.07239098099024789,13.813875517652045,2026-10-08T23:21:15.963886+00:00,pregame,experimental
2026020067,2026-10-09,8477969,Marcus Pettersson,NYR,WSH,0,1,2026-10-09T23:00:00Z,effectif actuel ; participation non confirmée,39,5,0.8,0.8,0.37552826411853885,0.0,-3.139202815737979e-17,0.0,-3.139202815737979e-17,0.0,-3.139202815737979e-17,1225.4,2.3502529786192263,5,0.0,10,0.7,0.6,0.3126695474501863,0.1,0.01787574951572113,0.0,-2.0052288475052677e-17,0.0,-2.0052288475052677e-17,1251.2,2.0140664961636827,10,0.1,True,10,0.8,0.6,0.3126695474501863,0.2,0.05668094798069332,0.0,-2.0052288475052677e-17,0.0,-2.0052288475052677e-17,1327.1,2.170145429884711,10,0.2,True,0,,,,,,,,,,,,0,,0.06780473846273753,14.748231800194253,2026-10-08T23:21:15.963886+00:00,pregame,experimental
2026020066,2026-10-09,8482858,Ryker Evans,SEA,DET,0,1,2026-10-09T23:00:00Z,effectif actuel ; participation non confirmée,39,5,1.0,0.8,0.37552826411853885,0.2,0.036223160969787456,0.0,-3.139202815737979e-17,0.0,-3.139202815737979e-17,1266.8,2.841806125670982,5,0.0,10,0.7,0.5,0.2365895936154873,0.2,0.05668094798069332,0.0,-2.0052288475052677e-17,0.0,-2.0052288475052677e-17,1248.1,2.0190689848569825,10,0.0,True,10,0.7,0.6,0.3126695474501863,0.1,0.01787574951572113,0.0,-2.0052288475052677e-17,0.0,-2.0052288475052677e-17,1164.3,2.164390620973976,10,0.1,True,0,,,,,,,,,,,,0,,0.06699267125562687,14.927005913590998,2026-10-08T23:21:15.963886+00:00,pregame,experimental
2026020066,2026-10-09,8475279,Ben Chiarot,DET,SEA,1,1,2026-10-09T23:00:00Z,effectif actuel ; participation non confirmée,36,5,1.0,1.0,0.565508505247919,0.0,-3.139202815737979e-17,0.0,-3.139202815737979e-17,0.0,-3.139202815737979e-17,1091.8,3.297307199120718,5,0.0,10,1.2,1.0,0.7224598312333834,0.2,0.05668094798069332,0.0,-2.0052288475052677e-17,0.0,-2.0052288475052677e-17,1177.0,3.6703483432455397,10,0.0,True,10,1.3,1.0,0.7224598312333834,0.3,0.10778928748621182,0.0,-2.0052288475052677e-17,0.0,-2.0052288475052677e-17,1227.0,3.8141809290953543,10,0.0,True,0,,,,,,,,,,,,0,,0.06261271768649039,15.971196219386666,2026-10-08T23:21:15.963886+00:00,pregame,experimental
2026020067,2026-10-09,8480796,Martin Fehérváry,WSH,NYR,1,1,2026-10-09T23:00:00Z,effectif actuel ; participation non confirmée,35,5,0.4,0.4,0.11761823115925325,0.0,-3.139202815737979e-17,0.0,-3.139202815737979e-17,0.0,-3.139202815737979e-17,1184.6,1.2156002026000339,5,0.0,10,0.6,0.5,0.2365895936154873,0.1,0.01787574951572113,0.0,-2.0052288475052677e-17,0.0,-2.0052288475052677e-17,1159.6,1.8627112797516385,10,0.1,True,10,0.2,0.2,0.05668094798069332,0.0,-2.0052288475052677e-17,0.0,-2.0052288475052677e-17,0.0,-2.0052288475052677e-17,1258.5,0.5721096543504172,10,0.0,True,0,,,,,,,,,,,,0,,0.06106434211524268,16.376169223485064,2026-10-08T23:21:15.963886+00:00,pregame,experimental
2026020068,2026-10-09,8479371,Dante Fabbro,CBJ,PIT,1,1,2026-10-09T23:00:00Z,effectif actuel ; participation non confirmée,26,5,0.8,0.8,0.37552826411853885,0.0,-3.139202815737979e-17,0.0,-3.139202815737979e-17,0.0,-3.139202815737979e-17,1121.6,2.5677603423680457,5,0.0,10,0.7,0.7,0.3967732199795652,0.0,-2.0052288475052677e-17,0.0,-2.0052288475052677e-17,0.0,-2.0052288475052677e-17,1142.2,2.2062686044475575,10,0.0,True,10,0.7,0.7,0.3967732199795652,0.0,-2.0052288475052677e-17,0.0,-2.0052288475052677e-17,0.0,-2.0052288475052677e-17,1075.5,2.3430962343096233,10,0.0,True,0,,,,,,,,,,,,0,,0.06064179618721514,16.490276721236466,2026-10-08T23:21:15.963886+00:00,pregame,experimental
2026020067,2026-10-09,8478911,Matt Roy,WSH,NYR,1,1,2026-10-09T23:00:00Z,effectif actuel ; participation non confirmée,32,5,0.4,0.2,0.036223160969787456,0.2,0.036223160969787456,0.0,-3.139202815737979e-17,0.0,-3.139202815737979e-17,1156.6,1.245028531903856,5,0.0,10,0.6,0.4,0.16817758120350967,0.2,0.05668094798069332,0.0,-2.0052288475052677e-17,0.0,-2.0052288475052677e-17,1151.0,1.8766290182450043,10,0.0,True,10,1.0,0.8,0.49015684672072346,0.2,0.05668094798069332,0.0,-2.0052288475052677e-17,0.0,-2.0052288475052677e-17,1266.7,2.8420304728822927,10,0.1,True,0,,,,,,,,,,,,0,,0.06012920524343161,16.630853442208732,2026-10-08T23:21:15.963886+00:00,pregame,experimental
2026020068,2026-10-09,8479398,Samuel Girard,PIT,CBJ,0,1,2026-10-09T23:00:00Z,effectif actuel ; participation non confirmée,33,5,1.4,0.8,0.37552826411853885,0.4,0.11761823115925325,0.2,0.036223160969787456,0.0,-3.139202815737979e-17,1145.0,4.401746724890829,5,0.2,10,1.0,0.6,0.3126695474501863,0.3,0.10778928748621182,0.1,0.01787574951572113,0.0,-2.0052288475052677e-17,1135.6,3.170130327580134,10,0.1,True,10,0.8,0.6,0.3126695474501863,0.2,0.05668094798069332,0.0,-2.0052288475052677e-17,0.0,-2.0052288475052677e-17,1175.5,2.450021267545725,10,0.0,True,0,,,,,,,,,,,,0,,0.058845327957252044,16.99370255403192,2026-10-08T23:21:15.963886+00:00,pregame,experimental
2026020067,2026-10-09,8482073,Braden Schneider,NYR,WSH,0,1,2026-10-09T23:00:00Z,effectif actuel ; participation non confirmée,38,5,1.6,0.8,0.37552826411853885,0.6,0.23071993220883702,0.2,0.036223160969787456,0.0,-3.139202815737979e-17,1043.8,5.518298524621575,5,0.0,10,1.5,0.8,0.49015684672072346,0.5,0.2365895936154873,0.2,0.05668094798069332,0.0,-2.0052288475052677e-17,1109.1,4.868812550716798,10,0.0,True,10,0.9,0.8,0.49015684672072346,0.1,0.01787574951572113,0.0,-2.0052288475052677e-17,0.0,-2.0052288475052677e-17,1201.3,2.697078165320902,10,0.0,True,0,,,,,,,,,,,,0,,0.05870715200053935,17.033699743956458,2026-10-08T23:21:15.963886+00:00,pregame,experimental
2026020066,2026-10-09,8484223,Axel Sandin-Pellikka,DET,SEA,1,1,2026-10-09T23:00:00Z,effectif actuel ; participation non confirmée,22,5,1.2,0.6,0.23071993220883702,0.4,0.11761823115925325,0.2,0.036223160969787456,0.0,-3.139202815737979e-17,917.8,4.706907823055132,5,0.0,10,1.5,0.8,0.49015684672072346,0.5,0.2365895936154873,0.2,0.05668094798069332,0.0,-2.0052288475052677e-17,855.1,6.3150508712431295,10,0.1,True,10,1.4,0.7,0.3967732199795652,0.5,0.2365895936154873,0.2,0.05668094798069332,0.0,-2.0052288475052677e-17,828.5,6.083283041641521,10,0.1,True,0,,,,,,,,,,,,0,,0.05703670555319981,17.532569427020476,2026-10-08T23:21:15.963886+00:00,pregame,experimental
2026020068,2026-10-09,8475790,Erik Gudbranson,CBJ,PIT,1,1,2026-10-09T23:00:00Z,effectif actuel ; participation non confirmée,33,5,0.6,0.6,0.23071993220883702,0.0,-3.139202815737979e-17,0.0,-3.139202815737979e-17,0.0,-3.139202815737979e-17,1043.0,2.070949185043145,5,0.0,10,0.7,0.6,0.3126695474501863,0.1,0.01787574951572113,0.0,-2.0052288475052677e-17,0.0,-2.0052288475052677e-17,1037.3,2.429383977634243,10,0.0,True,10,0.6,0.6,0.3126695474501863,0.0,-2.0052288475052677e-17,0.0,-2.0052288475052677e-17,0.0,-2.0052288475052677e-17,1048.7,2.059692953180128,10,0.0,True,0,,,,,,,,,,,,0,,0.04992066555493341,20.031784209679373,2026-10-08T23:21:15.963886+00:00,pregame,experimental
2026020067,2026-10-09,8482666,Scott Morrow,NYR,WSH,0,1,2026-10-09T23:00:00Z,effectif actuel ; participation non confirmée,8,5,0.6,0.6,0.23071993220883702,0.0,-3.139202815737979e-17,0.0,-3.139202815737979e-17,0.0,-3.139202815737979e-17,892.2,2.42098184263618,5,0.0,8,0.875,0.625,0.3057378545838018,0.25,0.07147768885802765,0.0,0.0,0.0,0.0,923.125,3.4123222748815167,8,0.0,True,5,1.0,0.6,0.23071993220883702,0.4,0.11761823115925325,0.0,-3.139202815737979e-17,0.0,-3.139202815737979e-17,923.2,3.89948006932409,5,0.0,True,0,,,,,,,,,,,,0,,0.04871895642558773,20.525891221159018,2026-10-08T23:21:15.963886+00:00,pregame,experimental
2026020066,2026-10-09,8481607,Albert Johansson,DET,SEA,1,1,2026-10-09T23:00:00Z,effectif actuel ; participation non confirmée,36,5,1.2,0.6,0.23071993220883702,0.4,0.11761823115925325,0.2,0.036223160969787456,0.0,-3.139202815737979e-17,907.8,4.758757435558493,5,0.0,10,0.9,0.6,0.3126695474501863,0.2,0.05668094798069332,0.1,0.01787574951572113,0.0,-2.0052288475052677e-17,879.9,3.682236617797477,10,0.1,True,10,0.9,0.6,0.3126695474501863,0.2,0.05668094798069332,0.1,0.01787574951572113,0.0,-2.0052288475052677e-17,846.5,3.8275251033668045,10,0.1,True,0,,,,,,,,,,,,0,,0.04460949035708051,22.41675464111815,2026-10-08T23:21:15.963886+00:00,pregame,experimental
2026020068,2026-10-09,8482470,Ilya Solovyov,PIT,CBJ,0,1,2026-10-09T23:00:00Z,effectif actuel ; participation non confirmée,15,5,0.8,0.6,0.23071993220883702,0.2,0.036223160969787456,0.0,-3.139202815737979e-17,0.0,-3.139202815737979e-17,911.6,3.1592803861342693,5,0.0,10,0.7,0.5,0.2365895936154873,0.2,0.05668094798069332,0.0,-2.0052288475052677e-17,0.0,-2.0052288475052677e-17,842.0,2.992874109263658,10,0.0,True,9,0.7777777777777778,0.5555555555555556,0.26664734574402965,0.2222222222222222,0.0632237623122272,0.0,0.0,0.0,0.0,830.8888888888889,3.369884995988232,9,0.0,True,0,,,,,,,,,,,,0,,0.04406403918788076,22.69424270744197,2026-10-08T23:21:15.963886+00:00,pregame,experimental
2026020068,2026-10-09,8481527,Kaedan Korczak,PIT,CBJ,0,1,2026-10-09T23:00:00Z,effectif actuel ; participation non confirmée,35,5,1.2,0.8,0.37552826411853885,0.2,0.036223160969787456,0.2,0.036223160969787456,0.0,-3.139202815737979e-17,974.2,4.434407719154178,5,0.0,10,0.9,0.7,0.3967732199795652,0.1,0.01787574951572113,0.1,0.01787574951572113,0.0,-2.0052288475052677e-17,865.1,3.74523176511386,10,0.0,True,10,1.1,0.8,0.49015684672072346,0.2,0.05668094798069332,0.1,0.01787574951572113,0.0,-2.0052288475052677e-17,883.9,4.480144812761624,10,0.0,True,0,,,,,,,,,,,,0,,0.04390698405675849,22.775419935637153,2026-10-08T23:21:15.963886+00:00,pregame,experimental
2026020068,2026-10-09,8477369,Carson Soucy,CBJ,PIT,1,1,2026-10-09T23:00:00Z,effectif actuel ; participation non confirmée,34,5,0.8,0.4,0.11761823115925325,0.4,0.11761823115925325,0.0,-3.139202815737979e-17,0.0,-3.139202815737979e-17,953.4,3.0207677784770297,5,0.0,10,0.6,0.4,0.16817758120350967,0.2,0.05668094798069332,0.0,-2.0052288475052677e-17,0.0,-2.0052288475052677e-17,991.2,2.179176755447942,10,0.0,True,10,0.7,0.5,0.2365895936154873,0.2,0.05668094798069332,0.0,-2.0052288475052677e-17,0.0,-2.0052288475052677e-17,991.4,2.5418599959653014,10,0.0,True,2,0.5,0.5,0.09452865480086611,0.0,0.0,0.0,0.0,0.0,0.0,984.0,1.829268292682927,2,0.0,0.04318584877515966,23.155733379384138,2026-10-08T23:21:15.963886+00:00,pregame,experimental
2026020068,2026-10-09,8481056,Spencer Stastney,PIT,CBJ,0,1,2026-10-09T23:00:00Z,effectif actuel ; participation non confirmée,18,5,0.2,0.2,0.036223160969787456,0.0,-3.139202815737979e-17,0.0,-3.139202815737979e-17,0.0,-3.139202815737979e-17,920.6,0.7820986313273952,5,0.0,10,0.3,0.3,0.10778928748621182,0.0,-2.0052288475052677e-17,0.0,-2.0052288475052677e-17,0.0,-2.0052288475052677e-17,950.4,1.1363636363636365,10,0.0,True,6,0.5,0.5,0.1876128068994087,0.0,0.0,0.0,0.0,0.0,0.0,983.0,1.8311291963377416,6,0.0,True,0,,,,,,,,,,,,0,,0.04079356660627046,24.51366926681738,2026-10-08T23:21:15.963886+00:00,pregame,experimental
2026020066,2026-10-09,8479985,Cale Fleury,SEA,DET,0,1,2026-10-09T23:00:00Z,effectif actuel ; participation non confirmée,9,5,0.6,0.4,0.11761823115925325,0.2,0.036223160969787456,0.0,-3.139202815737979e-17,0.0,-3.139202815737979e-17,856.0,2.5233644859813085,5,0.0,9,0.5555555555555556,0.4444444444444444,0.188775429471914,0.1111111111111111,0.019890371327130518,0.0,0.0,0.0,0.0,821.2222222222222,2.435394398592883,9,0.0,True,5,0.4,0.2,0.036223160969787456,0.2,0.036223160969787456,0.0,-3.139202815737979e-17,0.0,-3.139202815737979e-17,758.2,1.8992350303350038,5,0.0,True,0,,,,,,,,,,,,0,,0.04077286125758098,24.526117843006862,2026-10-08T23:21:15.963886+00:00,pregame,experimental
2026020067,2026-10-09,8485957,Alberts Smits,NYR,WSH,0,1,2026-10-09T23:00:00Z,effectif actuel ; participation non confirmée,5,5,0.2,0.2,0.036223160969787456,0.0,-3.139202815737979e-17,0.0,-3.139202815737979e-17,0.0,-3.139202815737979e-17,889.6,0.8093525179856115,5,0.0,5,0.2,0.2,0.036223160969787456,0.0,-3.139202815737979e-17,0.0,-3.139202815737979e-17,0.0,-3.139202815737979e-17,889.6,0.8093525179856115,5,0.0,True,2,0.0,0.0,0.0,0.0,0.0,0.0,0.0,0.0,0.0,850.0,0.0,2,0.0,True,0,,,,,,,,,,,,0,,0.04061905741656443,24.618985855447264,2026-10-08T23:21:15.963886+00:00,pregame,experimental
2026020067,2026-10-09,8482861,Vincent Iorio,NYR,WSH,0,1,2026-10-09T23:00:00Z,effectif actuel ; participation non confirmée,6,5,1.0,0.6,0.23071993220883702,0.2,0.036223160969787456,0.2,0.036223160969787456,0.0,-3.139202815737979e-17,771.0,4.669260700389105,5,0.0,6,0.8333333333333334,0.5,0.1876128068994087,0.16666666666666666,0.030052585871730285,0.16666666666666666,0.030052585871730285,0.0,0.0,785.0,3.821656050955414,6,0.0,True,2,0.0,0.0,0.0,0.0,0.0,0.0,0.0,0.0,0.0,653.0,0.0,2,0.0,True,0,,,,,,,,,,,,0,,0.03962515056186963,25.236497169610175,2026-10-08T23:21:15.963886+00:00,pregame,experimental
2026020068,2026-10-09,8482126,Emil Andrae,CBJ,PIT,1,1,2026-10-09T23:00:00Z,effectif actuel ; participation non confirmée,27,5,0.2,0.2,0.036223160969787456,0.0,-3.139202815737979e-17,0.0,-3.139202815737979e-17,0.0,-3.139202815737979e-17,936.8,0.7685738684884714,5,0.0,10,0.3,0.2,0.05668094798069332,0.1,0.01787574951572113,0.0,-2.0052288475052677e-17,0.0,-2.0052288475052677e-17,854.2,1.264340903769609,10,0.0,True,10,0.6,0.4,0.16817758120350967,0.2,0.05668094798069332,0.0,-2.0052288475052677e-17,0.0,-2.0052288475052677e-17,822.0,2.627737226277372,10,0.0,True,0,,,,,,,,,,,,0,,0.03870901620601161,25.833774608942335,2026-10-08T23:21:15.963886+00:00,pregame,experimental
2026020066,2026-10-09,8480879,Jacob Bernard-Docker,DET,SEA,1,1,2026-10-09T23:00:00Z,effectif actuel ; participation non confirmée,30,5,0.4,0.4,0.11761823115925325,0.0,-3.139202815737979e-17,0.0,-3.139202815737979e-17,0.0,-3.139202815737979e-17,845.6,1.7029328287606433,5,0.0,10,0.4,0.4,0.16817758120350967,0.0,-2.0052288475052677e-17,0.0,-2.0052288475052677e-17,0.0,-2.0052288475052677e-17,765.6,1.8808777429467085,10,0.1,True,10,0.3,0.3,0.10778928748621182,0.0,-2.0052288475052677e-17,0.0,-2.0052288475052677e-17,0.0,-2.0052288475052677e-17,817.1,1.3217476441072085,10,0.0,True,0,,,,,,,,,,,,0,,0.03493057479012803,28.628214852124817,2026-10-08T23:21:15.963886+00:00,pregame,experimental
2026020066,2026-10-09,8479324,Ryan Lindgren,SEA,DET,0,1,2026-10-09T23:00:00Z,effectif actuel ; participation non confirmée,33,5,0.6,0.4,0.11761823115925325,0.2,0.036223160969787456,0.0,-3.139202815737979e-17,0.0,-3.139202815737979e-17,815.4,2.6490066225165565,5,0.0,10,0.5,0.4,0.16817758120350967,0.1,0.01787574951572113,0.0,-2.0052288475052677e-17,0.0,-2.0052288475052677e-17,946.2,1.9023462270133165,10,0.0,True,10,0.4,0.3,0.10778928748621182,0.1,0.01787574951572113,0.0,-2.0052288475052677e-17,0.0,-2.0052288475052677e-17,1008.4,1.4280047600158667,10,0.0,True,0,,,,,,,,,,,,0,,0.03416159206909809,29.272640396188688,2026-10-08T23:21:15.963886+00:00,pregame,experimental
2026020067,2026-10-09,8475795,Dylan McIlrath,WSH,NYR,1,1,2026-10-09T23:00:00Z,effectif actuel ; participation non confirmée,5,5,0.6,0.4,0.11761823115925325,0.2,0.036223160969787456,0.0,-3.139202815737979e-17,0.0,-3.139202815737979e-17,601.6,3.5904255319148937,5,0.0,5,0.6,0.4,0.11761823115925325,0.2,0.036223160969787456,0.0,-3.139202815737979e-17,0.0,-3.139202815737979e-17,601.6,3.5904255319148937,5,0.0,True,3,0.6666666666666666,0.3333333333333333,0.061490315276160515,0.3333333333333333,0.061490315276160515,0.0,0.0,0.0,0.0,503.6666666666667,4.765056254136334,3,0.0,True,0,,,,,,,,,,,,0,,0.030222002848727225,33.088475472833004,2026-10-08T23:21:15.963886+00:00,pregame,experimental
2026020068,2026-10-09,8481161,Jake Christiansen,CBJ,PIT,1,1,2026-10-09T23:00:00Z,effectif actuel ; participation non confirmée,14,5,0.4,0.4,0.11761823115925325,0.0,-3.139202815737979e-17,0.0,-3.139202815737979e-17,0.0,-3.139202815737979e-17,445.6,3.2315978456014363,5,0.0,10,0.4,0.4,0.16817758120350967,0.0,-2.0052288475052677e-17,0.0,-2.0052288475052677e-17,0.0,-2.0052288475052677e-17,554.7,2.5959978366684693,10,0.0,True,9,0.3333333333333333,0.3333333333333333,0.12058159868274292,0.0,0.0,0.0,0.0,0.0,0.0,589.1111111111111,2.036967182195398,9,0.0,True,0,,,,,,,,,,,,0,,0.021819803208548916,45.82992754069403,2026-10-08T23:21:15.963886+00:00,pregame,experimental
2026020066,2026-10-09,8484160,Nate Danielson,DET,SEA,1,0,2026-10-09T23:00:00Z,effectif actuel ; participation non confirmée,3,3,0.6666666666666666,0.6666666666666666,0.20765495512648788,0.0,0.0,0.0,0.0,0.0,0.0,517.3333333333334,4.639175257731959,3,0.0,3,0.6666666666666666,0.6666666666666666,0.20765495512648788,0.0,0.0,0.0,0.0,0.0,0.0,517.3333333333334,4.639175257731959,3,0.0,True,3,0.6666666666666666,0.6666666666666666,0.20765495512648788,0.0,0.0,0.0,0.0,0.0,0.0,517.3333333333334,4.639175257731959,3,0.0,True,0,,,,,,,,,,,,0,,,,2026-10-08T23:21:15.963886+00:00,pregame,historique insuffisant
2026020066,2026-10-09,8477971,Andreas Englund,DET,SEA,1,1,2026-10-09T23:00:00Z,effectif actuel ; participation non confirmée,4,4,0.5,0.5,0.15003570882017145,0.0,0.0,0.0,0.0,0.0,0.0,505.5,3.5608308605341246,4,0.0,4,0.5,0.5,0.15003570882017145,0.0,0.0,0.0,0.0,0.0,0.0,505.5,3.5608308605341246,4,0.0,True,2,0.5,0.5,0.09452865480086611,0.0,0.0,0.0,0.0,0.0,0.0,404.0,4.455445544554456,2,0.0,True,0,,,,,,,,,,,,0,,,,2026-10-08T23:21:15.963886+00:00,pregame,historique insuffisant
2026020066,2026-10-09,8483679,Anton Johansson,DET,SEA,1,1,2026-10-09T23:00:00Z,effectif actuel ; participation non confirmée,3,3,0.0,0.0,0.0,0.0,0.0,0.0,0.0,0.0,0.0,997.6666666666666,0.0,3,0.0,3,0.0,0.0,0.0,0.0,0.0,0.0,0.0,0.0,0.0,997.6666666666666,0.0,3,0.0,True,3,0.0,0.0,0.0,0.0,0.0,0.0,0.0,0.0,0.0,997.6666666666666,0.0,3,0.0,True,0,,,,,,,,,,,,0,,,,2026-10-08T23:21:15.963886+00:00,pregame,historique insuffisant
2026020066,2026-10-09,8482171,William Wallinder,DET,SEA,1,1,2026-10-09T23:00:00Z,effectif actuel ; participation non confirmée,1,1,0.0,0.0,0.0,0.0,0.0,0.0,0.0,0.0,0.0,547.0,0.0,1,0.0,1,0.0,0.0,0.0,0.0,0.0,0.0,0.0,0.0,0.0,547.0,0.0,1,0.0,True,1,0.0,0.0,0.0,0.0,0.0,0.0,0.0,0.0,0.0,547.0,0.0,1,0.0,True,0,,,,,,,,,,,,0,,,,2026-10-08T23:21:15.963886+00:00,pregame,historique insuffisant
2026020066,2026-10-09,8485383,Jake O'Brien,SEA,DET,0,0,2026-10-09T23:00:00Z,effectif actuel ; participation non confirmée,0,0,,,,,,,,,,,,0,,0,,,,,,,,,,,,0,,True,0,,,,,,,,,,,,0,,True,0,,,,,,,,,,,,0,,,,2026-10-08T23:21:15.963886+00:00,pregame,historique insuffisant
2026020066,2026-10-09,8479372,Josh Mahura,SEA,DET,0,1,2026-10-09T23:00:00Z,effectif actuel ; participation non confirmée,4,4,0.75,0.75,0.30063605244263664,0.0,0.0,0.0,0.0,0.0,0.0,999.0,2.7027027027027026,4,0.0,4,0.75,0.75,0.30063605244263664,0.0,0.0,0.0,0.0,0.0,0.0,999.0,2.7027027027027026,4,0.0,True,3,0.6666666666666666,0.6666666666666666,0.20765495512648788,0.0,0.0,0.0,0.0,0.0,0.0,1010.6666666666666,2.37467018469657,3,0.0,True,0,,,,,,,,,,,,0,,,,2026-10-08T23:21:15.963886+00:00,pregame,historique insuffisant
2026020066,2026-10-09,8482866,Ville Ottavainen,SEA,DET,0,1,2026-10-09T23:00:00Z,effectif actuel ; participation non confirmée,1,1,0.0,0.0,0.0,0.0,0.0,0.0,0.0,0.0,0.0,951.0,0.0,1,0.0,1,0.0,0.0,0.0,0.0,0.0,0.0,0.0,0.0,0.0,951.0,0.0,1,0.0,True,0,,,,,,,,,,,,0,,True,0,,,,,,,,,,,,0,,,,2026-10-08T23:21:15.963886+00:00,pregame,historique insuffisant
2026020067,2026-10-09,8484786,Cole Beaudoin,NYR,WSH,0,0,2026-10-09T23:00:00Z,effectif actuel ; participation non confirmée,1,1,0.0,0.0,0.0,0.0,0.0,0.0,0.0,0.0,0.0,597.0,0.0,1,0.0,1,0.0,0.0,0.0,0.0,0.0,0.0,0.0,0.0,0.0,597.0,0.0,1,0.0,True,0,,,,,,,,,,,,0,,True,0,,,,,,,,,,,,0,,,,2026-10-08T23:21:15.963886+00:00,pregame,historique insuffisant
2026020068,2026-10-09,8483432,Luca Del Bel Belluz,CBJ,PIT,1,0,2026-10-09T23:00:00Z,effectif actuel ; participation non confirmée,1,1,0.0,0.0,0.0,0.0,0.0,0.0,0.0,0.0,0.0,798.0,0.0,1,0.0,1,0.0,0.0,0.0,0.0,0.0,0.0,0.0,0.0,0.0,798.0,0.0,1,0.0,True,0,,,,,,,,,,,,0,,True,0,,,,,,,,,,,,0,,,,2026-10-08T23:21:15.963886+00:00,pregame,historique insuffisant
2026020069,2026-10-09,8478398,Kyle Connor,WPG,ANA,1,0,2026-10-10T00:00:00Z,effectif actuel ; participation non confirmée,39,5,6.2,1.0,0.565508505247919,1.0,0.565508505247919,1.0,0.565508505247919,1.0,0.565508505247919,1214.6,18.37642022064877,5,0.6,10,5.1,1.0,0.7224598312333834,1.0,0.7224598312333834,0.9,0.5958436145024278,0.7,0.3967732199795652,1232.7,14.894134825991726,10,0.5,True,10,3.9,1.0,0.7224598312333834,0.9,0.5958436145024278,0.5,0.2365895936154873,0.4,0.16817758120350967,1275.5,11.007448059584476,10,0.6,True,1,0.0,0.0,0.0,0.0,0.0,0.0,0.0,0.0,0.0,1406.0,0.0,1,0.0,0.5448320748866309,1.8354279164054004,2026-10-08T23:21:15.963886+00:00,pregame,experimental
2026020069,2026-10-09,8484153,Leo Carlsson,ANA,WPG,0,0,2026-10-10T00:00:00Z,effectif actuel ; participation non confirmée,29,5,2.8,0.6,0.23071993220883702,0.4,0.11761823115925325,0.4,0.11761823115925325,0.4,0.11761823115925325,1215.4,8.29356590422906,5,0.2,10,3.0,0.8,0.49015684672072346,0.7,0.3967732199795652,0.6,0.3126695474501863,0.4,0.16817758120350967,1167.7,9.248950929177015,10,0.4,True,10,3.3,1.0,0.7224598312333834,0.7,0.3967732199795652,0.5,0.2365895936154873,0.4,0.16817758120350967,1132.6,10.489140031785272,10,0.2,True,1,2.0,1.0,0.20654329147389294,1.0,0.20654329147389294,0.0,0.0,0.0,0.0,972.0,7.407407407407407,1,0.0,0.37424322659191456,2.672059048620881,2026-10-08T23:21:15.963886+00:00,pregame,experimental
2026020069,2026-10-09,8476460,Mark Scheifele,WPG,ANA,1,0,2026-10-10T00:00:00Z,effectif actuel ; participation non confirmée,39,5,1.2,0.6,0.23071993220883702,0.4,0.11761823115925325,0.2,0.036223160969787456,0.0,-3.139202815737979e-17,1233.0,3.5036496350364965,5,0.0,10,1.8,0.8,0.49015684672072346,0.6,0.3126695474501863,0.3,0.10778928748621182,0.1,0.01787574951572113,1250.8,5.180684362008314,10,0.2,True,10,2.4,0.8,0.49015684672072346,0.6,0.3126695474501863,0.6,0.3126695474501863,0.4,0.16817758120350967,1280.3,6.748418339451691,10,0.3,True,1,0.0,0.0,0.0,0.0,0.0,0.0,0.0,0.0,0.0,1428.0,0.0,1,0.0,0.3552636233446285,2.814811126975237,2026-10-08T23:21:15.963886+00:00,pregame,experimental
2026020069,2026-10-09,8483445,Cutter Gauthier,ANA,WPG,0,0,2026-10-10T00:00:00Z,effectif actuel ; participation non confirmée,32,5,5.2,1.0,0.565508505247919,1.0,0.565508505247919,1.0,0.565508505247919,1.0,0.565508505247919,1192.8,15.694164989939638,5,0.4,10,4.4,1.0,0.7224598312333834,0.9,0.5958436145024278,0.9,0.5958436145024278,0.8,0.49015684672072346,1022.6,15.489927635439077,10,0.5,True,10,3.4,0.9,0.5958436145024278,0.9,0.5958436145024278,0.6,0.3126695474501863,0.5,0.2365895936154873,1067.0,11.471415182755388,10,0.5,True,1,6.0,1.0,0.20654329147389294,1.0,0.20654329147389294,1.0,0.20654329147389294,1.0,0.20654329147389294,941.0,22.954303931987248,1,0.0,0.34266255540786333,2.9183229513062,2026-10-08T23:21:15.963886+00:00,pregame,experimental
2026020069,2026-10-09,8475798,Mikael Granlund,ANA,WPG,0,0,2026-10-10T00:00:00Z,effectif actuel ; participation non confirmée,31,5,2.0,0.8,0.37552826411853885,0.8,0.37552826411853885,0.4,0.11761823115925325,0.0,-3.139202815737979e-17,1220.8,5.897771952817824,5,0.2,10,1.9,0.7,0.3967732199795652,0.7,0.3967732199795652,0.5,0.2365895936154873,0.0,-2.0052288475052677e-17,1233.6,5.544747081712062,10,0.1,True,10,2.1,0.8,0.49015684672072346,0.5,0.2365895936154873,0.5,0.2365895936154873,0.1,0.01787574951572113,1133.4,6.670195870831128,10,0.3,True,1,1.0,1.0,0.20654329147389294,0.0,0.0,0.0,0.0,0.0,0.0,1138.0,3.1634446397188047,1,0.0,0.3099406551118179,3.2264241025083593,2026-10-08T23:21:15.963886+00:00,pregame,experimental
2026020069,2026-10-09,8484762,Beckett Sennecke,ANA,WPG,0,0,2026-10-10T00:00:00Z,effectif actuel ; participation non confirmée,37,5,2.8,1.0,0.565508505247919,0.6,0.23071993220883702,0.4,0.11761823115925325,0.2,0.036223160969787456,1131.4,8.90931589181545,5,0.4,10,2.9,1.0,0.7224598312333834,0.7,0.3967732199795652,0.5,0.2365895936154873,0.2,0.05668094798069332,1142.2,9.140255646997023,10,0.3,True,10,2.2,1.0,0.7224598312333834,0.7,0.3967732199795652,0.2,0.05668094798069332,0.1,0.01787574951572113,919.3,8.615250734254325,10,0.2,True,1,2.0,1.0,0.20654329147389294,1.0,0.20654329147389294,0.0,0.0,0.0,0.0,1057.0,6.811731315042573,1,0.0,0.29331827875059013,3.4092658809385163,2026-10-08T23:21:15.963886+00:00,pregame,experimental
2026020069,2026-10-09,8482149,Cole Perfetti,WPG,ANA,1,0,2026-10-10T00:00:00Z,effectif actuel ; participation non confirmée,39,5,2.8,1.0,0.565508505247919,1.0,0.565508505247919,0.4,0.11761823115925325,0.4,0.11761823115925325,1086.6,9.276642738818332,5,0.6,10,1.8,0.9,0.5958436145024278,0.5,0.2365895936154873,0.2,0.05668094798069332,0.2,0.05668094798069332,987.3,6.563354603463993,10,0.3,True,10,2.3,1.0,0.7224598312333834,0.6,0.3126695474501863,0.3,0.10778928748621182,0.2,0.05668094798069332,1053.3,7.861008259755056,10,0.3,True,1,0.0,0.0,0.0,0.0,0.0,0.0,0.0,0.0,0.0,975.0,0.0,1,0.0,0.25454648271849295,3.92855556014858,2026-10-08T23:21:15.963886+00:00,pregame,experimental
2026020069,2026-10-09,8480014,Gabriel Vilardi,WPG,ANA,1,0,2026-10-10T00:00:00Z,effectif actuel ; participation non confirmée,39,5,1.6,0.8,0.37552826411853885,0.6,0.23071993220883702,0.2,0.036223160969787456,0.0,-3.139202815737979e-17,962.4,5.985037406483791,5,0.0,10,1.6,0.9,0.5958436145024278,0.5,0.2365895936154873,0.2,0.05668094798069332,0.0,-2.0052288475052677e-17,998.9,5.766342977275002,10,0.2,True,10,1.4,0.6,0.3126695474501863,0.3,0.10778928748621182,0.2,0.05668094798069332,0.1,0.01787574951572113,1091.6,4.617075851960425,10,0.2,True,1,0.0,0.0,0.0,0.0,0.0,0.0,0.0,0.0,0.0,1230.0,0.0,1,0.0,0.2495758792708281,4.0067974634473655,2026-10-08T23:21:15.963886+00:00,pregame,experimental
2026020069,2026-10-09,8480113,Alex Iafallo,WPG,ANA,1,0,2026-10-10T00:00:00Z,effectif actuel ; participation non confirmée,36,5,1.8,0.8,0.37552826411853885,0.6,0.23071993220883702,0.4,0.11761823115925325,0.0,-3.139202815737979e-17,777.4,8.335477231798302,5,0.2,10,2.0,0.8,0.49015684672072346,0.6,0.3126695474501863,0.5,0.2365895936154873,0.1,0.01787574951572113,942.1,7.642500796093833,10,0.2,True,10,1.8,0.8,0.49015684672072346,0.6,0.3126695474501863,0.3,0.10778928748621182,0.1,0.01787574951572113,953.2,6.798153587914394,10,0.2,True,1,1.0,1.0,0.20654329147389294,0.0,0.0,0.0,0.0,0.0,0.0,838.0,4.2959427207637235,1,0.0,0.19593132059634288,5.103829224221874,2026-10-08T23:21:15.963886+00:00,pregame,experimental
2026020069,2026-10-09,8478421,A.J. Greer,ANA,WPG,0,0,2026-10-10T00:00:00Z,effectif actuel ; participation non confirmée,34,5,1.8,1.0,0.565508505247919,0.4,0.11761823115925325,0.2,0.036223160969787456,0.2,0.036223160969787456,791.4,8.188021228203183,5,0.2,10,1.9,0.9,0.5958436145024278,0.5,0.2365895936154873,0.2,0.05668094798069332,0.2,0.05668094798069332,871.7,7.8467362624756225,10,0.3,True,10,1.9,0.9,0.5958436145024278,0.5,0.2365895936154873,0.2,0.05668094798069332,0.2,0.05668094798069332,915.1,7.474592940662223,10,0.4,True,1,2.0,1.0,0.20654329147389294,1.0,0.20654329147389294,0.0,0.0,0.0,0.0,771.0,9.33852140077821,1,0.0,0.18413008915450652,5.430942897990366,2026-10-08T23:21:15.963886+00:00,pregame,experimental
2026020069,2026-10-09,8473986,Alex Killorn,ANA,WPG,0,0,2026-10-10T00:00:00Z,effectif actuel ; participation non confirmée,37,5,1.8,0.8,0.37552826411853885,0.8,0.37552826411853885,0.2,0.036223160969787456,0.0,-3.139202815737979e-17,975.8,6.64070506251281,5,0.4,10,1.7,0.8,0.49015684672072346,0.7,0.3967732199795652,0.2,0.05668094798069332,0.0,-2.0052288475052677e-17,1001.1,6.11327539706323,10,0.3,True,10,1.7,0.7,0.3967732199795652,0.6,0.3126695474501863,0.3,0.10778928748621182,0.1,0.01787574951572113,1066.1,5.740549667010599,10,0.5,True,1,1.0,1.0,0.20654329147389294,0.0,0.0,0.0,0.0,0.0,0.0,1070.0,3.364485981308411,1,1.0,0.18173574011756558,5.502494992746589,2026-10-08T23:21:15.963886+00:00,pregame,experimental
2026020069,2026-10-09,8476392,Adam Lowry,WPG,ANA,1,0,2026-10-10T00:00:00Z,effectif actuel ; participation non confirmée,39,5,1.2,0.8,0.37552826411853885,0.4,0.11761823115925325,0.0,-3.139202815737979e-17,0.0,-3.139202815737979e-17,920.8,4.691572545612511,5,0.2,10,1.0,0.7,0.3967732199795652,0.3,0.10778928748621182,0.0,-2.0052288475052677e-17,0.0,-2.0052288475052677e-17,930.1,3.8705515535963877,10,0.1,True,10,0.8,0.5,0.2365895936154873,0.3,0.10778928748621182,0.0,-2.0052288475052677e-17,0.0,-2.0052288475052677e-17,978.8,2.942378422558235,10,0.0,True,1,0.0,0.0,0.0,0.0,0.0,0.0,0.0,0.0,0.0,855.0,0.0,1,0.0,0.1794980087907764,5.571092441284984,2026-10-08T23:21:15.963886+00:00,pregame,experimental
2026020069,2026-10-09,8483471,Brad Lambert,WPG,ANA,1,0,2026-10-10T00:00:00Z,effectif actuel ; participation non confirmée,25,5,1.0,0.6,0.23071993220883702,0.4,0.11761823115925325,0.0,-3.139202815737979e-17,0.0,-3.139202815737979e-17,711.4,5.0604441945459655,5,0.0,10,1.1,0.6,0.3126695474501863,0.4,0.16817758120350967,0.1,0.01787574951572113,0.0,-2.0052288475052677e-17,708.8,5.586907449209932,10,0.1,True,10,0.9,0.5,0.2365895936154873,0.3,0.10778928748621182,0.1,0.01787574951572113,0.0,-2.0052288475052677e-17,635.8,5.095942120163573,10,0.1,True,1,0.0,0.0,0.0,0.0,0.0,0.0,0.0,0.0,0.0,705.0,0.0,1,0.0,0.16544633816520085,6.044255866222217,2026-10-08T23:21:15.963886+00:00,pregame,experimental
2026020069,2026-10-09,8477504,Josh Morrissey,WPG,ANA,1,1,2026-10-10T00:00:00Z,effectif actuel ; participation non confirmée,34,5,2.6,0.8,0.37552826411853885,0.4,0.11761823115925325,0.4,0.11761823115925325,0.4,0.11761823115925325,1222.6,7.655815475216751,5,0.0,10,2.7,0.9,0.5958436145024278,0.6,0.3126695474501863,0.5,0.2365895936154873,0.4,0.16817758120350967,1339.7,7.255355676644025,10,0.1,True,10,1.9,0.9,0.5958436145024278,0.5,0.2365895936154873,0.3,0.10778928748621182,0.2,0.05668094798069332,1373.0,4.981791697013838,10,0.1,True,1,0.0,0.0,0.0,0.0,0.0,0.0,0.0,0.0,0.0,1494.0,0.0,1,0.0,0.15580531559090038,6.418266258807949,2026-10-08T23:21:15.963886+00:00,pregame,experimental
2026020069,2026-10-09,8476480,Vladislav Namestnikov,WPG,ANA,1,0,2026-10-10T00:00:00Z,effectif actuel ; participation non confirmée,18,5,1.6,0.8,0.37552826411853885,0.4,0.11761823115925325,0.2,0.036223160969787456,0.2,0.036223160969787456,729.0,7.901234567901234,5,0.0,10,1.6,0.7,0.3967732199795652,0.4,0.16817758120350967,0.3,0.10778928748621182,0.2,0.05668094798069332,692.2,8.321294423577001,10,0.1,True,8,1.5,0.75,0.40926987910258916,0.375,0.13684175946152105,0.25,0.07147768885802765,0.125,0.02241690886329618,806.625,6.694560669456067,8,0.125,True,0,,,,,,,,,,,,0,,0.152091277460482,6.574999018335096,2026-10-08T23:21:15.963886+00:00,pregame,experimental
2026020069,2026-10-09,8480289,Morgan Barron,WPG,ANA,1,0,2026-10-10T00:00:00Z,effectif actuel ; participation non confirmée,31,5,1.0,0.8,0.37552826411853885,0.2,0.036223160969787456,0.0,-3.139202815737979e-17,0.0,-3.139202815737979e-17,959.6,3.751563151313047,5,0.0,10,1.0,0.8,0.49015684672072346,0.2,0.05668094798069332,0.0,-2.0052288475052677e-17,0.0,-2.0052288475052677e-17,890.8,4.041311180960934,10,0.1,True,10,1.1,0.6,0.3126695474501863,0.5,0.2365895936154873,0.0,-2.0052288475052677e-17,0.0,-2.0052288475052677e-17,836.7,4.732879168160631,10,0.1,True,1,2.0,1.0,0.20654329147389294,1.0,0.20654329147389294,0.0,0.0,0.0,0.0,710.0,10.140845070422536,1,1.0,0.14641402499434195,6.8299467898559865,2026-10-08T23:21:15.963886+00:00,pregame,experimental
2026020069,2026-10-09,8482765,Isak Rosen,WPG,ANA,1,0,2026-10-10T00:00:00Z,effectif actuel ; participation non confirmée,28,5,1.0,0.8,0.37552826411853885,0.2,0.036223160969787456,0.0,-3.139202815737979e-17,0.0,-3.139202815737979e-17,713.8,5.043429532081816,5,0.0,10,1.1,0.9,0.5958436145024278,0.2,0.05668094798069332,0.0,-2.0052288475052677e-17,0.0,-2.0052288475052677e-17,690.8,5.732484076433121,10,0.1,True,10,1.0,0.7,0.3967732199795652,0.2,0.05668094798069332,0.1,0.01787574951572113,0.0,-2.0052288475052677e-17,667.0,5.397301349325337,10,0.0,True,1,1.0,1.0,0.20654329147389294,0.0,0.0,0.0,0.0,0.0,0.0,732.0,4.918032786885246,1,0.0,0.14596979599477428,6.850732325718946,2026-10-08T23:21:15.963886+00:00,pregame,experimental
2026020069,2026-10-09,8475799,Nino Niederreiter,WPG,ANA,1,0,2026-10-10T00:00:00Z,effectif actuel ; participation non confirmée,17,5,1.0,0.4,0.11761823115925325,0.2,0.036223160969787456,0.2,0.036223160969787456,0.2,0.036223160969787456,766.2,4.698512137823022,5,0.0,10,1.3,0.5,0.2365895936154873,0.3,0.10778928748621182,0.3,0.10778928748621182,0.2,0.05668094798069332,750.9,6.232520974830204,10,0.0,True,8,1.625,0.625,0.3057378545838018,0.375,0.13684175946152105,0.375,0.13684175946152105,0.25,0.07147768885802765,813.75,7.188940092165899,8,0.0,True,0,,,,,,,,,,,,0,,0.14199986254758085,7.042260337857181,2026-10-08T23:21:15.963886+00:00,pregame,experimental
2026020069,2026-10-09,8481043,Cole Koepke,WPG,ANA,1,0,2026-10-10T00:00:00Z,effectif actuel ; participation non confirmée,36,5,0.8,0.6,0.23071993220883702,0.2,0.036223160969787456,0.0,-3.139202815737979e-17,0.0,-3.139202815737979e-17,743.8,3.8720086044635655,5,0.2,10,1.4,0.7,0.3967732199795652,0.4,0.16817758120350967,0.3,0.10778928748621182,0.0,-2.0052288475052677e-17,736.5,6.843177189409369,10,0.1,True,10,1.8,0.9,0.5958436145024278,0.6,0.3126695474501863,0.3,0.10778928748621182,0.0,-2.0052288475052677e-17,658.8,9.836065573770492,10,0.1,True,1,2.0,1.0,0.20654329147389294,1.0,0.20654329147389294,0.0,0.0,0.0,0.0,597.0,12.06030150753769,1,0.0,0.1334483767922471,7.493534384137196,2026-10-08T23:21:15.963886+00:00,pregame,experimental
2026020069,2026-10-09,8480145,Neal Pionk,WPG,ANA,1,1,2026-10-10T00:00:00Z,effectif actuel ; participation non confirmée,15,5,1.6,0.8,0.37552826411853885,0.6,0.23071993220883702,0.2,0.036223160969787456,0.0,-3.139202815737979e-17,1340.8,4.2959427207637235,5,0.0,10,1.7,0.8,0.49015684672072346,0.5,0.2365895936154873,0.2,0.05668094798069332,0.1,0.01787574951572113,1342.4,4.558998808104887,10,0.0,True,6,1.1666666666666667,0.6666666666666666,0.2999883213415286,0.3333333333333333,0.09676933255921684,0.16666666666666666,0.030052585871730285,0.0,0.0,1316.1666666666667,3.191085222236292,6,0.0,True,0,,,,,,,,,,,,0,,0.1132458509408199,8.830345586105231,2026-10-08T23:21:15.963886+00:00,pregame,experimental
2026020069,2026-10-09,8480068,Ryan Poehling,ANA,WPG,0,0,2026-10-10T00:00:00Z,effectif actuel ; participation non confirmée,37,5,1.2,0.8,0.37552826411853885,0.4,0.11761823115925325,0.0,-3.139202815737979e-17,0.0,-3.139202815737979e-17,893.8,4.833296039382412,5,0.0,10,1.5,0.7,0.3967732199795652,0.5,0.2365895936154873,0.2,0.05668094798069332,0.1,0.01787574951572113,901.4,5.9906811626359,10,0.1,True,10,1.5,0.9,0.5958436145024278,0.4,0.16817758120350967,0.1,0.01787574951572113,0.1,0.01787574951572113,972.4,5.553270259152612,10,0.2,True,1,5.0,1.0,0.20654329147389294,1.0,0.20654329147389294,1.0,0.20654329147389294,1.0,0.20654329147389294,966.0,18.633540372670808,1,1.0,0.11039741168965021,9.05818338215397,2026-10-08T23:21:15.963886+00:00,pregame,experimental
2026020069,2026-10-09,8480049,Dylan Samberg,WPG,ANA,1,1,2026-10-10T00:00:00Z,effectif actuel ; participation non confirmée,39,5,1.6,0.8,0.37552826411853885,0.4,0.11761823115925325,0.2,0.036223160969787456,0.2,0.036223160969787456,1300.2,4.430087678818643,5,0.0,10,1.3,0.7,0.3967732199795652,0.4,0.16817758120350967,0.1,0.01787574951572113,0.1,0.01787574951572113,1322.2,3.539555286643473,10,0.0,True,10,1.5,0.8,0.49015684672072346,0.5,0.2365895936154873,0.1,0.01787574951572113,0.1,0.01787574951572113,1356.2,3.9817136115617164,10,0.0,True,1,1.0,1.0,0.20654329147389294,0.0,0.0,0.0,0.0,0.0,0.0,1180.0,3.0508474576271185,1,0.0,0.1043749703852818,9.580841041761989,2026-10-08T23:21:15.963886+00:00,pregame,experimental
2026020069,2026-10-09,8481605,Jackson LaCombe,ANA,WPG,0,1,2026-10-10T00:00:00Z,effectif actuel ; participation non confirmée,37,5,2.2,0.6,0.23071993220883702,0.6,0.23071993220883702,0.4,0.11761823115925325,0.2,0.036223160969787456,1659.4,4.772809449198506,5,0.2,10,1.5,0.6,0.3126695474501863,0.4,0.16817758120350967,0.2,0.05668094798069332,0.1,0.01787574951572113,1519.9,3.552865320086848,10,0.1,True,10,2.2,0.8,0.49015684672072346,0.6,0.3126695474501863,0.5,0.2365895936154873,0.1,0.01787574951572113,1420.8,5.574324324324325,10,0.1,True,1,4.0,1.0,0.20654329147389294,1.0,0.20654329147389294,1.0,0.20654329147389294,1.0,0.20654329147389294,1641.0,8.775137111517367,1,1.0,0.10301714498623796,9.707122053650291,2026-10-08T23:21:15.963886+00:00,pregame,experimental
2026020069,2026-10-09,8478366,Frank Vatrano,ANA,WPG,0,0,2026-10-10T00:00:00Z,effectif actuel ; participation non confirmée,13,5,1.0,0.8,0.37552826411853885,0.2,0.036223160969787456,0.0,-3.139202815737979e-17,0.0,-3.139202815737979e-17,653.6,5.507955936352509,5,0.2,10,0.9,0.7,0.3967732199795652,0.2,0.05668094798069332,0.0,-2.0052288475052677e-17,0.0,-2.0052288475052677e-17,583.6,5.551747772446881,10,0.1,True,7,0.8571428571428571,0.7142857142857143,0.35892909014821267,0.14285714285714285,0.02567895594897479,0.0,0.0,0.0,0.0,570.8571428571429,5.405405405405405,7,0.0,True,0,,,,,,,,,,,,0,,0.10222249037695436,9.7825830334637,2026-10-08T23:21:15.963886+00:00,pregame,experimental
2026020069,2026-10-09,8479983,Mario Ferraro,WPG,ANA,1,1,2026-10-10T00:00:00Z,effectif actuel ; participation non confirmée,39,5,1.2,0.6,0.23071993220883702,0.4,0.11761823115925325,0.2,0.036223160969787456,0.0,-3.139202815737979e-17,1201.4,3.595804894289995,5,0.2,10,1.4,0.8,0.49015684672072346,0.4,0.16817758120350967,0.2,0.05668094798069332,0.0,-2.0052288475052677e-17,1279.4,3.93934656870408,10,0.2,True,10,1.0,0.6,0.3126695474501863,0.3,0.10778928748621182,0.1,0.01787574951572113,0.0,-2.0052288475052677e-17,1262.7,2.851033499643621,10,0.1,True,1,0.0,0.0,0.0,0.0,0.0,0.0,0.0,0.0,0.0,1248.0,0.0,1,0.0,0.10207137576048826,9.797065950659,2026-10-08T23:21:15.963886+00:00,pregame,experimental
2026020069,2026-10-09,8485512,Tim Washe,ANA,WPG,0,0,2026-10-10T00:00:00Z,effectif actuel ; participation non confirmée,37,5,0.6,0.6,0.23071993220883702,0.0,-3.139202815737979e-17,0.0,-3.139202815737979e-17,0.0,-3.139202815737979e-17,840.8,2.5689819219790677,5,0.0,10,0.4,0.4,0.16817758120350967,0.0,-2.0052288475052677e-17,0.0,-2.0052288475052677e-17,0.0,-2.0052288475052677e-17,807.7,1.782840163427015,10,0.0,True,10,1.1,0.7,0.3967732199795652,0.2,0.05668094798069332,0.2,0.05668094798069332,0.0,-2.0052288475052677e-17,771.6,5.132192846034215,10,0.0,True,1,2.0,1.0,0.20654329147389294,1.0,0.20654329147389294,0.0,0.0,0.0,0.0,784.0,9.183673469387756,1,1.0,0.09658530377594725,10.353542008002993,2026-10-08T23:21:15.963886+00:00,pregame,experimental
2026020069,2026-10-09,8483490,Pavel Mintyukov,ANA,WPG,0,1,2026-10-10T00:00:00Z,effectif actuel ; participation non confirmée,33,5,0.8,0.6,0.23071993220883702,0.2,0.036223160969787456,0.0,-3.139202815737979e-17,0.0,-3.139202815737979e-17,1107.2,2.601156069364162,5,0.0,10,1.2,0.7,0.3967732199795652,0.5,0.2365895936154873,0.0,-2.0052288475052677e-17,0.0,-2.0052288475052677e-17,1115.8,3.8716615880982257,10,0.0,True,10,1.2,0.7,0.3967732199795652,0.2,0.05668094798069332,0.1,0.01787574951572113,0.1,0.01787574951572113,1161.4,3.7196486998450147,10,0.1,True,1,0.0,0.0,0.0,0.0,0.0,0.0,0.0,0.0,0.0,979.0,0.0,1,0.0,0.08354967919712249,11.968926866142183,2026-10-08T23:21:15.963886+00:00,pregame,experimental
2026020069,2026-10-09,8482408,Jeff Malott,ANA,WPG,0,0,2026-10-10T00:00:00Z,effectif actuel ; participation non confirmée,29,5,1.4,0.8,0.37552826411853885,0.4,0.11761823115925325,0.2,0.036223160969787456,0.0,-3.139202815737979e-17,522.0,9.655172413793103,5,0.2,10,1.0,0.6,0.3126695474501863,0.3,0.10778928748621182,0.1,0.01787574951572113,0.0,-2.0052288475052677e-17,490.3,7.342443401998776,10,0.1,True,10,0.8,0.5,0.2365895936154873,0.1,0.01787574951572113,0.1,0.01787574951572113,0.1,0.01787574951572113,518.8,5.551272166538165,10,0.1,True,0,,,,,,,,,,,,0,,0.08111919458063152,12.327538570492239,2026-10-08T23:21:15.963886+00:00,pregame,experimental
2026020069,2026-10-09,8476331,Dylan DeMelo,WPG,ANA,1,1,2026-10-10T00:00:00Z,effectif actuel ; participation non confirmée,39,5,0.4,0.4,0.11761823115925325,0.0,-3.139202815737979e-17,0.0,-3.139202815737979e-17,0.0,-3.139202815737979e-17,1278.6,1.1262318160488034,5,0.2,10,0.6,0.6,0.3126695474501863,0.0,-2.0052288475052677e-17,0.0,-2.0052288475052677e-17,0.0,-2.0052288475052677e-17,1279.1,1.6886873582988038,10,0.1,True,10,0.7,0.7,0.3967732199795652,0.0,-2.0052288475052677e-17,0.0,-2.0052288475052677e-17,0.0,-2.0052288475052677e-17,1270.4,1.9836272040302267,10,0.1,True,1,1.0,1.0,0.20654329147389294,0.0,0.0,0.0,0.0,0.0,0.0,1274.0,2.82574568288854,1,0.0,0.0804067375680175,12.43676873662586,2026-10-08T23:21:15.963886+00:00,pregame,experimental
2026020069,2026-10-09,8475324,Nick Jensen,ANA,WPG,0,1,2026-10-10T00:00:00Z,effectif actuel ; participation non confirmée,16,5,0.6,0.6,0.23071993220883702,0.0,-3.139202815737979e-17,0.0,-3.139202815737979e-17,0.0,-3.139202815737979e-17,1081.0,1.998149861239593,5,0.0,10,0.4,0.4,0.16817758120350967,0.0,-2.0052288475052677e-17,0.0,-2.0052288475052677e-17,0.0,-2.0052288475052677e-17,1076.0,1.338289962825279,10,0.0,True,10,0.5,0.5,0.2365895936154873,0.0,-2.0052288475052677e-17,0.0,-2.0052288475052677e-17,0.0,-2.0052288475052677e-17,1072.2,1.6787912702853944,10,0.0,True,0,,,,,,,,,,,,0,,0.054379010825897266,18.3894481494276,2026-10-08T23:21:15.963886+00:00,pregame,experimental
2026020069,2026-10-09,8481030,Jack St. Ivany,WPG,ANA,1,1,2026-10-10T00:00:00Z,effectif actuel ; participation non confirmée,8,5,0.2,0.2,0.036223160969787456,0.0,-3.139202815737979e-17,0.0,-3.139202815737979e-17,0.0,-3.139202815737979e-17,1067.0,0.6747891283973758,5,0.0,8,0.25,0.25,0.07147768885802765,0.0,0.0,0.0,0.0,0.0,0.0,957.875,0.9395797990343208,8,0.0,True,2,0.0,0.0,0.0,0.0,0.0,0.0,0.0,0.0,0.0,971.5,0.0,2,0.0,True,0,,,,,,,,,,,,0,,0.05232883017955796,19.10992461648122,2026-10-08T23:21:15.963886+00:00,pregame,experimental
2026020069,2026-10-09,8482731,Tyson Hinds,ANA,WPG,0,1,2026-10-10T00:00:00Z,effectif actuel ; participation non confirmée,9,5,1.8,0.8,0.37552826411853885,0.6,0.23071993220883702,0.2,0.036223160969787456,0.2,0.036223160969787456,775.8,8.352668213457077,5,0.0,9,1.6666666666666667,0.6666666666666666,0.35419734749908977,0.5555555555555556,0.26664734574402965,0.2222222222222222,0.0632237623122272,0.2222222222222222,0.0632237623122272,863.7777777777778,6.946231026498585,9,0.0,True,3,1.0,0.6666666666666666,0.20765495512648788,0.3333333333333333,0.061490315276160515,0.0,0.0,0.0,0.0,760.6666666666666,4.732690622261174,3,0.0,True,0,,,,,,,,,,,,0,,0.05086020369876757,19.661738004880064,2026-10-08T23:21:15.963886+00:00,pregame,experimental
2026020069,2026-10-09,8477938,Haydn Fleury,WPG,ANA,1,1,2026-10-10T00:00:00Z,effectif actuel ; participation non confirmée,21,5,0.8,0.8,0.37552826411853885,0.0,-3.139202815737979e-17,0.0,-3.139202815737979e-17,0.0,-3.139202815737979e-17,863.8,3.334105116925214,5,0.2,10,0.5,0.5,0.2365895936154873,0.0,-2.0052288475052677e-17,0.0,-2.0052288475052677e-17,0.0,-2.0052288475052677e-17,768.6,2.34192037470726,10,0.1,True,10,0.7,0.5,0.2365895936154873,0.1,0.01787574951572113,0.1,0.01787574951572113,0.0,-2.0052288475052677e-17,827.8,3.0442135781589754,10,0.2,True,1,1.0,1.0,0.20654329147389294,0.0,0.0,0.0,0.0,0.0,0.0,1061.0,3.393025447690858,1,0.0,0.04675836000361992,21.386549911557683,2026-10-08T23:21:15.963886+00:00,pregame,experimental
2026020069,2026-10-09,8481563,Drew Helleson,ANA,WPG,0,1,2026-10-10T00:00:00Z,effectif actuel ; participation non confirmée,18,5,0.6,0.2,0.036223160969787456,0.2,0.036223160969787456,0.2,0.036223160969787456,0.0,-3.139202815737979e-17,899.2,2.402135231316726,5,0.0,10,0.4,0.2,0.05668094798069332,0.1,0.01787574951572113,0.1,0.01787574951572113,0.0,-2.0052288475052677e-17,888.7,1.6203443231686734,10,0.0,True,10,0.3,0.3,0.10778928748621182,0.0,-2.0052288475052677e-17,0.0,-2.0052288475052677e-17,0.0,-2.0052288475052677e-17,880.2,1.2269938650306749,10,0.0,True,0,,,,,,,,,,,,0,,0.03992168918894038,25.049040266488344,2026-10-08T23:21:15.963886+00:00,pregame,experimental
2026020069,2026-10-09,8482178,Ian Moore,ANA,WPG,0,1,2026-10-10T00:00:00Z,effectif actuel ; participation non confirmée,34,5,0.8,0.6,0.23071993220883702,0.2,0.036223160969787456,0.0,-3.139202815737979e-17,0.0,-3.139202815737979e-17,578.0,4.982698961937716,5,0.0,10,0.9,0.6,0.3126695474501863,0.3,0.10778928748621182,0.0,-2.0052288475052677e-17,0.0,-2.0052288475052677e-17,665.6,4.867788461538462,10,0.0,True,10,0.8,0.5,0.2365895936154873,0.1,0.01787574951572113,0.1,0.01787574951572113,0.1,0.01787574951572113,764.2,3.768646951059932,10,0.1,True,1,1.0,1.0,0.20654329147389294,0.0,0.0,0.0,0.0,0.0,0.0,919.0,3.9173014145810665,1,0.0,0.03217535510437768,31.079688064233455,2026-10-08T23:21:15.963886+00:00,pregame,experimental
2026020069,2026-10-09,8486025,Viggo Björck,WPG,ANA,1,0,2026-10-10T00:00:00Z,effectif actuel ; participation non confirmée,4,4,1.25,1.0,0.5100999795960008,0.25,0.045586062644636216,0.0,0.0,0.0,0.0,843.25,5.336495701156241,4,0.0,4,1.25,1.0,0.5100999795960008,0.25,0.045586062644636216,0.0,0.0,0.0,0.0,843.25,5.336495701156241,4,0.0,True,2,1.5,1.0,0.3423719528896193,0.5,0.09452865480086611,0.0,0.0,0.0,0.0,881.0,6.129398410896708,2,0.0,True,0,,,,,,,,,,,,0,,,,2026-10-08T23:21:15.963886+00:00,pregame,historique insuffisant
2026020069,2026-10-09,8482459,Tyrel Bauer,WPG,ANA,1,1,2026-10-10T00:00:00Z,effectif actuel ; participation non confirmée,2,2,0.0,0.0,0.0,0.0,0.0,0.0,0.0,0.0,0.0,436.5,0.0,2,0.0,2,0.0,0.0,0.0,0.0,0.0,0.0,0.0,0.0,0.0,436.5,0.0,2,0.0,True,1,0.0,0.0,0.0,0.0,0.0,0.0,0.0,0.0,0.0,358.0,0.0,1,0.0,True,0,,,,,,,,,,,,0,,,,2026-10-08T23:21:15.963886+00:00,pregame,historique insuffisant
2026020069,2026-10-09,8481538,Judd Caulfield,ANA,WPG,0,0,2026-10-10T00:00:00Z,effectif actuel ; participation non confirmée,3,3,0.3333333333333333,0.3333333333333333,0.061490315276160515,0.0,0.0,0.0,0.0,0.0,0.0,664.0,1.8072289156626506,3,0.0,3,0.3333333333333333,0.3333333333333333,0.061490315276160515,0.0,0.0,0.0,0.0,0.0,0.0,664.0,1.8072289156626506,3,0.0,True,1,0.0,0.0,0.0,0.0,0.0,0.0,0.0,0.0,0.0,797.0,0.0,1,0.0,True,0,,,,,,,,,,,,0,,,,2026-10-08T23:21:15.963886+00:00,pregame,historique insuffisant
2026020069,2026-10-09,8482118,Sam Colangelo,ANA,WPG,0,0,2026-10-10T00:00:00Z,effectif actuel ; participation non confirmée,2,2,1.0,0.5,0.09452865480086611,0.5,0.09452865480086611,0.0,0.0,0.0,0.0,596.5,6.035205364626991,2,0.0,2,1.0,0.5,0.09452865480086611,0.5,0.09452865480086611,0.0,0.0,0.0,0.0,596.5,6.035205364626991,2,0.0,True,1,2.0,1.0,0.20654329147389294,1.0,0.20654329147389294,0.0,0.0,0.0,0.0,569.0,12.653778558875219,1,0.0,True,0,,,,,,,,,,,,0,,,,2026-10-08T23:21:15.963886+00:00,pregame,historique insuffisant
2026020069,2026-10-09,8486052,Nikita Klepov,ANA,WPG,0,0,2026-10-10T00:00:00Z,effectif actuel ; participation non confirmée,1,1,0.0,0.0,0.0,0.0,0.0,0.0,0.0,0.0,0.0,603.0,0.0,1,0.0,1,0.0,0.0,0.0,0.0,0.0,0.0,0.0,0.0,0.0,603.0,0.0,1,0.0,True,0,,,,,,,,,,,,0,,True,0,,,,,,,,,,,,0,,,,2026-10-08T23:21:15.963886+00:00,pregame,historique insuffisant
2026020069,2026-10-09,8481754,Nikita Nesterenko,ANA,WPG,0,0,2026-10-10T00:00:00Z,effectif actuel ; participation non confirmée,3,3,0.3333333333333333,0.3333333333333333,0.061490315276160515,0.0,0.0,0.0,0.0,0.0,0.0,667.0,1.7991004497751124,3,0.0,3,0.3333333333333333,0.3333333333333333,0.061490315276160515,0.0,0.0,0.0,0.0,0.0,0.0,667.0,1.7991004497751124,3,0.0,True,1,0.0,0.0,0.0,0.0,0.0,0.0,0.0,0.0,0.0,709.0,0.0,1,0.0,True,0,,,,,,,,,,,,0,,,,2026-10-08T23:21:15.963886+00:00,pregame,historique insuffisant
2026020069,2026-10-09,8483482,Tristan Luneau,ANA,WPG,0,1,2026-10-10T00:00:00Z,effectif actuel ; participation non confirmée,4,4,0.75,0.5,0.15003570882017145,0.25,0.045586062644636216,0.0,0.0,0.0,0.0,1301.0,2.07532667179093,4,0.25,4,0.75,0.5,0.15003570882017145,0.25,0.045586062644636216,0.0,0.0,0.0,0.0,1301.0,2.07532667179093,4,0.25,True,2,1.0,0.5,0.09452865480086611,0.5,0.09452865480086611,0.0,0.0,0.0,0.0,1157.5,3.1101511879049677,2,0.5,True,0,,,,,,,,,,,,0,,,,2026-10-08T23:21:15.963886+00:00,pregame,historique insuffisant
2026020069,2026-10-09,8484262,Travis Mitchell,ANA,WPG,0,1,2026-10-10T00:00:00Z,effectif actuel ; participation non confirmée,3,3,0.6666666666666666,0.3333333333333333,0.061490315276160515,0.3333333333333333,0.061490315276160515,0.0,0.0,0.0,0.0,959.3333333333334,2.5017373175816537,3,0.0,3,0.6666666666666666,0.3333333333333333,0.061490315276160515,0.3333333333333333,0.061490315276160515,0.0,0.0,0.0,0.0,959.3333333333334,2.5017373175816537,3,0.0,True,1,0.0,0.0,0.0,0.0,0.0,0.0,0.0,0.0,0.0,1238.0,0.0,1,0.0,True,0,,,,,,,,,,,,0,,,,2026-10-08T23:21:15.963886+00:00,pregame,historique insuffisant
2026020069,2026-10-09,8483521,Noah Warren,ANA,WPG,0,1,2026-10-10T00:00:00Z,effectif actuel ; participation non confirmée,3,3,1.0,0.6666666666666666,0.20765495512648788,0.3333333333333333,0.061490315276160515,0.0,0.0,0.0,0.0,855.6666666666666,4.207245812232178,3,0.0,3,1.0,0.6666666666666666,0.20765495512648788,0.3333333333333333,0.061490315276160515,0.0,0.0,0.0,0.0,855.6666666666666,4.207245812232178,3,0.0,True,1,0.0,0.0,0.0,0.0,0.0,0.0,0.0,0.0,0.0,573.0,0.0,1,0.0,True,0,,,,,,,,,,,,0,,,,2026-10-08T23:21:15.963886+00:00,pregame,historique insuffisant
2026020070,2026-10-10,8477956,David Pastrnak,BOS,PHI,1,0,2026-10-10T17:00:00Z,effectif actuel ; participation non confirmée,37,5,3.6,1.0,0.565508505247919,1.0,0.565508505247919,0.8,0.37552826411853885,0.6,0.23071993220883702,1185.2,10.934863314208572,5,0.0,10,2.9,1.0,0.7224598312333834,0.8,0.49015684672072346,0.6,0.3126695474501863,0.4,0.16817758120350967,1187.5,8.791578947368421,10,0.0,True,10,2.7,1.0,0.7224598312333834,0.9,0.5958436145024278,0.6,0.3126695474501863,0.2,0.05668094798069332,1192.8,8.148893360160965,10,0.2,True,1,1.0,1.0,0.20654329147389294,0.0,0.0,0.0,0.0,0.0,0.0,1360.0,2.6470588235294117,1,0.0,0.3641402475555924,2.746194650859989,2026-10-08T23:21:15.963886+00:00,pregame,experimental
2026020070,2026-10-10,8482159,Tyson Foerster,PHI,BOS,0,0,2026-10-10T17:00:00Z,effectif actuel ; participation non confirmée,12,5,2.4,1.0,0.565508505247919,0.8,0.37552826411853885,0.4,0.11761823115925325,0.2,0.036223160969787456,1102.6,7.836023943406493,5,0.2,10,2.4,0.9,0.5958436145024278,0.8,0.49015684672072346,0.4,0.16817758120350967,0.3,0.10778928748621182,1065.0,8.112676056338028,10,0.2,True,6,3.0,1.0,0.6096569663469354,1.0,0.6096569663469354,0.5,0.1876128068994087,0.5,0.1876128068994087,1014.1666666666666,10.649137222678718,6,0.3333333333333333,True,0,,,,,,,,,,,,0,,0.29088494271011095,3.4377853686176403,2026-10-08T23:21:15.963886+00:00,pregame,experimental
2026020070,2026-10-10,8479987,Morgan Geekie,BOS,PHI,1,0,2026-10-10T17:00:00Z,effectif actuel ; participation non confirmée,37,5,1.4,0.8,0.37552826411853885,0.4,0.11761823115925325,0.2,0.036223160969787456,0.0,-3.139202815737979e-17,1099.2,4.585152838427947,5,0.2,10,1.8,0.9,0.5958436145024278,0.6,0.3126695474501863,0.2,0.05668094798069332,0.1,0.01787574951572113,1076.2,6.0211856532243075,10,0.3,True,10,1.9,0.9,0.5958436145024278,0.5,0.2365895936154873,0.3,0.10778928748621182,0.2,0.05668094798069332,1058.0,6.465028355387524,10,0.2,True,1,0.0,0.0,0.0,0.0,0.0,0.0,0.0,0.0,0.0,1078.0,0.0,1,0.0,0.2908119500812041,3.4386482389075406,2026-10-08T23:21:15.963886+00:00,pregame,experimental
2026020070,2026-10-10,8481533,Trevor Zegras,PHI,BOS,0,0,2026-10-10T17:00:00Z,effectif actuel ; participation non confirmée,38,5,1.2,0.6,0.23071993220883702,0.2,0.036223160969787456,0.2,0.036223160969787456,0.2,0.036223160969787456,1156.2,3.736377789309808,5,0.2,10,1.1,0.6,0.3126695474501863,0.3,0.10778928748621182,0.1,0.01787574951572113,0.1,0.01787574951572113,1054.3,3.7560466660343357,10,0.2,True,10,0.8,0.5,0.2365895936154873,0.2,0.05668094798069332,0.1,0.01787574951572113,0.0,-2.0052288475052677e-17,1020.6,2.821869488536155,10,0.1,True,1,0.0,0.0,0.0,0.0,0.0,0.0,0.0,0.0,0.0,1001.0,0.0,1,0.0,0.24356229971554277,4.105725726715109,2026-10-08T23:21:15.963886+00:00,pregame,experimental
2026020070,2026-10-10,8482175,JJ Peterka,BOS,PHI,1,0,2026-10-10T17:00:00Z,effectif actuel ; participation non confirmée,37,5,2.2,0.8,0.37552826411853885,0.6,0.23071993220883702,0.4,0.11761823115925325,0.2,0.036223160969787456,1130.8,7.003891050583658,5,0.4,10,2.2,0.8,0.49015684672072346,0.7,0.3967732199795652,0.4,0.16817758120350967,0.2,0.05668094798069332,1011.4,7.830729681629425,10,0.4,True,10,1.7,0.8,0.49015684672072346,0.5,0.2365895936154873,0.3,0.10778928748621182,0.1,0.01787574951572113,947.8,6.457058451150032,10,0.3,True,1,1.0,1.0,0.20654329147389294,0.0,0.0,0.0,0.0,0.0,0.0,848.0,4.245283018867925,1,1.0,0.24017146733124545,4.163691928570333,2026-10-08T23:21:15.963886+00:00,pregame,experimental
2026020070,2026-10-10,8477989,Christian Dvorak,PHI,BOS,0,0,2026-10-10T17:00:00Z,effectif actuel ; participation non confirmée,38,5,1.0,0.8,0.37552826411853885,0.2,0.036223160969787456,0.0,-3.139202815737979e-17,0.0,-3.139202815737979e-17,985.6,3.6525974025974026,5,0.0,10,1.6,0.9,0.5958436145024278,0.5,0.2365895936154873,0.2,0.05668094798069332,0.0,-2.0052288475052677e-17,1029.7,5.593862289987375,10,0.2,True,10,2.3,1.0,0.7224598312333834,0.8,0.49015684672072346,0.4,0.16817758120350967,0.1,0.01787574951572113,1141.2,7.255520504731861,10,0.3,True,1,1.0,1.0,0.20654329147389294,0.0,0.0,0.0,0.0,0.0,0.0,937.0,3.84204909284952,1,0.0,0.23680711568882265,4.222846079144235,2026-10-08T23:21:15.963886+00:00,pregame,experimental
2026020070,2026-10-10,8485406,Porter Martone,PHI,BOS,0,0,2026-10-10T17:00:00Z,effectif actuel ; participation non confirmée,13,5,1.4,0.6,0.23071993220883702,0.2,0.036223160969787456,0.2,0.036223160969787456,0.2,0.036223160969787456,837.4,6.018629090040601,5,0.2,10,1.9,0.7,0.3967732199795652,0.5,0.2365895936154873,0.3,0.10778928748621182,0.2,0.05668094798069332,931.0,7.346938775510204,10,0.4,True,7,2.0,0.8571428571428571,0.4868654966809702,0.5714285714285714,0.2504542304090258,0.2857142857142857,0.08221716570901548,0.14285714285714285,0.02567895594897479,943.5714285714286,7.630582891748675,7,0.2857142857142857,True,0,,,,,,,,,,,,0,,0.20539999600680853,4.868549266996346,2026-10-08T23:21:15.963886+00:00,pregame,experimental
2026020070,2026-10-10,8478401,Pavel Zacha,BOS,PHI,1,0,2026-10-10T17:00:00Z,effectif actuel ; participation non confirmée,34,5,1.6,0.8,0.37552826411853885,0.4,0.11761823115925325,0.4,0.11761823115925325,0.0,-3.139202815737979e-17,952.8,6.045340050377834,5,0.0,10,1.5,0.9,0.5958436145024278,0.4,0.16817758120350967,0.2,0.05668094798069332,0.0,-2.0052288475052677e-17,985.0,5.482233502538071,10,0.2,True,10,1.8,0.9,0.5958436145024278,0.5,0.2365895936154873,0.3,0.10778928748621182,0.1,0.01787574951572113,928.9,6.975993110130261,10,0.2,True,1,1.0,1.0,0.20654329147389294,0.0,0.0,0.0,0.0,0.0,0.0,646.0,5.572755417956657,1,1.0,0.1925927559806633,5.192303287359375,2026-10-08T23:21:15.963886+00:00,pregame,experimental
2026020070,2026-10-10,8485395,James Hagens,BOS,PHI,1,0,2026-10-10T17:00:00Z,effectif actuel ; participation non confirmée,6,5,1.6,1.0,0.565508505247919,0.4,0.11761823115925325,0.2,0.036223160969787456,0.0,-3.139202815737979e-17,855.4,6.733691840074819,5,0.4,6,1.5,1.0,0.6096569663469354,0.3333333333333333,0.09676933255921684,0.16666666666666666,0.030052585871730285,0.0,0.0,844.1666666666666,6.396841066140178,6,0.3333333333333333,True,3,1.3333333333333333,1.0,0.4384939195509822,0.3333333333333333,0.061490315276160515,0.0,0.0,0.0,0.0,866.6666666666666,5.538461538461538,3,0.3333333333333333,True,0,,,,,,,,,,,,0,,0.18278609881667732,5.470875556039607,2026-10-08T23:21:15.963886+00:00,pregame,experimental
2026020070,2026-10-10,8477496,Elias Lindholm,BOS,PHI,1,0,2026-10-10T17:00:00Z,effectif actuel ; participation non confirmée,34,5,1.8,0.6,0.23071993220883702,0.6,0.23071993220883702,0.2,0.036223160969787456,0.2,0.036223160969787456,973.2,6.658446362515413,5,0.2,10,1.4,0.6,0.3126695474501863,0.5,0.2365895936154873,0.1,0.01787574951572113,0.1,0.01787574951572113,1035.7,4.866274017572656,10,0.1,True,10,1.4,0.7,0.3967732199795652,0.5,0.2365895936154873,0.2,0.05668094798069332,0.0,-2.0052288475052677e-17,1048.7,4.805950224086965,10,0.3,True,0,,,,,,,,,,,,0,,0.1795639661652208,5.569046069520862,2026-10-08T23:21:15.963886+00:00,pregame,experimental
2026020070,2026-10-10,8480220,Noah Cates,PHI,BOS,0,0,2026-10-10T17:00:00Z,effectif actuel ; participation non confirmée,39,5,1.0,0.6,0.23071993220883702,0.4,0.11761823115925325,0.0,-3.139202815737979e-17,0.0,-3.139202815737979e-17,812.8,4.429133858267717,5,0.0,10,1.9,0.8,0.49015684672072346,0.7,0.3967732199795652,0.3,0.10778928748621182,0.1,0.01787574951572113,838.5,8.15742397137746,10,0.1,True,10,2.0,0.9,0.5958436145024278,0.7,0.3967732199795652,0.3,0.10778928748621182,0.1,0.01787574951572113,933.0,7.717041800643087,10,0.4,True,1,2.0,1.0,0.20654329147389294,1.0,0.20654329147389294,0.0,0.0,0.0,0.0,986.0,7.302231237322515,1,0.0,0.1774207311686249,5.636319912635104,2026-10-08T23:21:15.963886+00:00,pregame,experimental
2026020070,2026-10-10,8484387,Matvei Michkov,PHI,BOS,0,0,2026-10-10T17:00:00Z,effectif actuel ; participation non confirmée,39,5,2.6,1.0,0.565508505247919,0.4,0.11761823115925325,0.2,0.036223160969787456,0.2,0.036223160969787456,939.4,9.963806685118161,5,0.4,10,2.2,0.8,0.49015684672072346,0.5,0.2365895936154873,0.3,0.10778928748621182,0.2,0.05668094798069332,909.7,8.706166868198308,10,0.4,True,10,1.3,0.8,0.49015684672072346,0.3,0.10778928748621182,0.2,0.05668094798069332,0.0,-2.0052288475052677e-17,866.4,5.401662049861496,10,0.2,True,1,2.0,1.0,0.20654329147389294,1.0,0.20654329147389294,0.0,0.0,0.0,0.0,769.0,9.362808842652797,1,1.0,0.1692654973479662,5.907878543872754,2026-10-08T23:21:15.963886+00:00,pregame,experimental
2026020070,2026-10-10,8477948,Travis Sanheim,PHI,BOS,0,1,2026-10-10T17:00:00Z,effectif actuel ; participation non confirmée,38,5,2.0,1.0,0.565508505247919,0.6,0.23071993220883702,0.4,0.11761823115925325,0.0,-3.139202815737979e-17,1469.8,4.898625663355559,5,0.2,10,1.9,0.9,0.5958436145024278,0.6,0.3126695474501863,0.4,0.16817758120350967,0.0,-2.0052288475052677e-17,1452.6,4.708798017348204,10,0.3,True,10,1.9,0.9,0.5958436145024278,0.5,0.2365895936154873,0.4,0.16817758120350967,0.1,0.01787574951572113,1496.6,4.570359481491381,10,0.6,True,1,1.0,1.0,0.20654329147389294,0.0,0.0,0.0,0.0,0.0,0.0,1301.0,2.7671022290545735,1,0.0,0.16482725132504888,6.066957932993386,2026-10-08T23:21:15.963886+00:00,pregame,experimental
2026020070,2026-10-10,8478569,Noel Acciari,PHI,BOS,0,0,2026-10-10T17:00:00Z,effectif actuel ; participation non confirmée,37,5,0.4,0.4,0.11761823115925325,0.0,-3.139202815737979e-17,0.0,-3.139202815737979e-17,0.0,-3.139202815737979e-17,906.6,1.588352084712111,5,0.0,10,0.7,0.5,0.2365895936154873,0.1,0.01787574951572113,0.1,0.01787574951572113,0.0,-2.0052288475052677e-17,901.4,2.7956512092300865,10,0.2,True,10,1.1,0.5,0.2365895936154873,0.3,0.10778928748621182,0.1,0.01787574951572113,0.1,0.01787574951572113,877.1,4.514878577129176,10,0.2,True,1,2.0,1.0,0.20654329147389294,1.0,0.20654329147389294,0.0,0.0,0.0,0.0,766.0,9.399477806788513,1,0.0,0.1559851902138374,6.41086502269297,2026-10-08T23:21:15.963886+00:00,pregame,experimental
2026020070,2026-10-10,8476374,Sean Kuraly,BOS,PHI,1,0,2026-10-10T17:00:00Z,effectif actuel ; participation non confirmée,36,5,2.0,1.0,0.565508505247919,0.8,0.37552826411853885,0.2,0.036223160969787456,0.0,-3.139202815737979e-17,833.2,8.641382621219394,5,0.2,10,1.6,0.8,0.49015684672072346,0.7,0.3967732199795652,0.1,0.01787574951572113,0.0,-2.0052288475052677e-17,757.6,7.602956705385427,10,0.1,True,10,1.0,0.6,0.3126695474501863,0.4,0.16817758120350967,0.0,-2.0052288475052677e-17,0.0,-2.0052288475052677e-17,795.3,4.526593738211996,10,0.0,True,1,2.0,1.0,0.20654329147389294,1.0,0.20654329147389294,0.0,0.0,0.0,0.0,960.0,7.5,1,0.0,0.1526347029075585,6.551590044405818,2026-10-08T23:21:15.963886+00:00,pregame,experimental
2026020070,2026-10-10,8484142,Denver Barkey,PHI,BOS,0,0,2026-10-10T17:00:00Z,effectif actuel ; participation non confirmée,31,5,0.8,0.4,0.11761823115925325,0.2,0.036223160969787456,0.2,0.036223160969787456,0.0,-3.139202815737979e-17,817.6,3.522504892367906,5,0.0,10,0.7,0.3,0.10778928748621182,0.2,0.05668094798069332,0.2,0.05668094798069332,0.0,-2.0052288475052677e-17,828.8,3.0405405405405403,10,0.1,True,10,0.8,0.5,0.2365895936154873,0.2,0.05668094798069332,0.1,0.01787574951572113,0.0,-2.0052288475052677e-17,748.4,3.8482095136290755,10,0.2,True,1,1.0,1.0,0.20654329147389294,0.0,0.0,0.0,0.0,0.0,0.0,986.0,3.6511156186612577,1,0.0,0.1525669575798696,6.55449919079952,2026-10-08T23:21:15.963886+00:00,pregame,experimental
2026020070,2026-10-10,8476461,Sean Couturier,PHI,BOS,0,0,2026-10-10T17:00:00Z,effectif actuel ; participation non confirmée,36,5,0.8,0.6,0.23071993220883702,0.2,0.036223160969787456,0.0,-3.139202815737979e-17,0.0,-3.139202815737979e-17,922.4,3.1222896790980053,5,0.0,10,1.2,0.7,0.3967732199795652,0.3,0.10778928748621182,0.1,0.01787574951572113,0.1,0.01787574951572113,956.3,4.517410854334414,10,0.1,True,10,1.5,0.8,0.49015684672072346,0.4,0.16817758120350967,0.2,0.05668094798069332,0.1,0.01787574951572113,952.4,5.669886602267955,10,0.2,True,1,4.0,1.0,0.20654329147389294,1.0,0.20654329147389294,1.0,0.20654329147389294,1.0,0.20654329147389294,837.0,17.204301075268816,1,0.0,0.14718290722791483,6.794267206935149,2026-10-08T23:21:15.963886+00:00,pregame,experimental
2026020070,2026-10-10,8479999,Casey Mittelstadt,BOS,PHI,1,0,2026-10-10T17:00:00Z,effectif actuel ; participation non confirmée,36,5,1.4,0.8,0.37552826411853885,0.4,0.11761823115925325,0.2,0.036223160969787456,0.0,-3.139202815737979e-17,876.4,5.7507987220447285,5,0.0,10,1.1,0.8,0.49015684672072346,0.2,0.05668094798069332,0.1,0.01787574951572113,0.0,-2.0052288475052677e-17,910.4,4.349736379613357,10,0.1,True,10,1.3,0.7,0.3967732199795652,0.4,0.16817758120350967,0.2,0.05668094798069332,0.0,-2.0052288475052677e-17,900.5,5.197112715158245,10,0.0,True,1,1.0,1.0,0.20654329147389294,0.0,0.0,0.0,0.0,0.0,0.0,894.0,4.026845637583893,1,1.0,0.14655480632212575,6.823385906580311,2026-10-08T23:21:15.963886+00:00,pregame,experimental
2026020070,2026-10-10,8483489,Fraser Minten,BOS,PHI,1,0,2026-10-10T17:00:00Z,effectif actuel ; participation non confirmée,37,5,1.6,0.8,0.37552826411853885,0.4,0.11761823115925325,0.4,0.11761823115925325,0.0,-3.139202815737979e-17,953.2,6.0428031892572385,5,0.2,10,1.5,0.8,0.49015684672072346,0.4,0.16817758120350967,0.3,0.10778928748621182,0.0,-2.0052288475052677e-17,960.9,5.6197315017171405,10,0.1,True,10,2.0,0.8,0.49015684672072346,0.5,0.2365895936154873,0.4,0.16817758120350967,0.3,0.10778928748621182,970.9,7.415799773406118,10,0.3,True,1,3.0,1.0,0.20654329147389294,1.0,0.20654329147389294,1.0,0.20654329147389294,0.0,0.0,900.0,12.0,1,1.0,0.14266932422349365,7.0092152285903095,2026-10-08T23:21:15.963886+00:00,pregame,experimental
2026020070,2026-10-10,8480015,Owen Tippett,PHI,BOS,0,0,2026-10-10T17:00:00Z,effectif actuel ; participation non confirmée,38,5,2.6,0.8,0.37552826411853885,0.8,0.37552826411853885,0.6,0.23071993220883702,0.4,0.11761823115925325,970.2,9.647495361781075,5,0.2,10,2.0,0.8,0.49015684672072346,0.6,0.3126695474501863,0.4,0.16817758120350967,0.2,0.05668094798069332,967.9,7.438784998450253,10,0.2,True,10,2.3,0.8,0.49015684672072346,0.5,0.2365895936154873,0.4,0.16817758120350967,0.2,0.05668094798069332,1013.2,8.172127911567312,10,0.3,True,1,7.0,1.0,0.20654329147389294,1.0,0.20654329147389294,1.0,0.20654329147389294,1.0,0.20654329147389294,968.0,26.03305785123967,1,0.0,0.1418221716184285,7.051083681686193,2026-10-08T23:21:15.963886+00:00,pregame,experimental
2026020070,2026-10-10,8479325,Charlie McAvoy,BOS,PHI,1,1,2026-10-10T17:00:00Z,effectif actuel ; participation non confirmée,32,5,0.6,0.4,0.11761823115925325,0.2,0.036223160969787456,0.0,-3.139202815737979e-17,0.0,-3.139202815737979e-17,1443.2,1.4966740576496673,5,0.0,10,1.5,0.7,0.3967732199795652,0.4,0.16817758120350967,0.2,0.05668094798069332,0.2,0.05668094798069332,1486.4,3.6329386437029063,10,0.1,True,10,1.8,0.8,0.49015684672072346,0.6,0.3126695474501863,0.3,0.10778928748621182,0.1,0.01787574951572113,1433.7,4.519774011299435,10,0.2,True,1,2.0,1.0,0.20654329147389294,1.0,0.20654329147389294,0.0,0.0,0.0,0.0,1254.0,5.741626794258373,1,0.0,0.13498786352456218,7.408073391857495,2026-10-08T23:21:15.963886+00:00,pregame,experimental
2026020070,2026-10-10,8478439,Travis Konecny,PHI,BOS,0,0,2026-10-10T17:00:00Z,effectif actuel ; participation non confirmée,35,5,1.4,1.0,0.565508505247919,0.4,0.11761823115925325,0.0,-3.139202815737979e-17,0.0,-3.139202815737979e-17,1038.8,4.8517520215633425,5,0.0,10,1.3,0.8,0.49015684672072346,0.4,0.16817758120350967,0.1,0.01787574951572113,0.0,-2.0052288475052677e-17,996.1,4.698323461499849,10,0.0,True,10,1.6,0.8,0.49015684672072346,0.5,0.2365895936154873,0.3,0.10778928748621182,0.0,-2.0052288475052677e-17,1083.6,5.3156146179401995,10,0.1,True,1,5.0,1.0,0.20654329147389294,1.0,0.20654329147389294,1.0,0.20654329147389294,1.0,0.20654329147389294,1051.0,17.12654614652712,1,1.0,0.12364816792079812,8.087463136862183,2026-10-08T23:21:15.963886+00:00,pregame,experimental
2026020070,2026-10-10,8480355,Mark Kastelic,BOS,PHI,1,0,2026-10-10T17:00:00Z,effectif actuel ; participation non confirmée,37,5,1.4,0.8,0.37552826411853885,0.2,0.036223160969787456,0.2,0.036223160969787456,0.2,0.036223160969787456,689.8,7.306465642215135,5,0.4,10,1.2,0.7,0.3967732199795652,0.3,0.10778928748621182,0.1,0.01787574951572113,0.1,0.01787574951572113,673.8,6.41139804096171,10,0.3,True,10,1.4,0.8,0.49015684672072346,0.4,0.16817758120350967,0.1,0.01787574951572113,0.1,0.01787574951572113,703.3,7.166216408360586,10,0.2,True,1,2.0,1.0,0.20654329147389294,1.0,0.20654329147389294,0.0,0.0,0.0,0.0,850.0,8.470588235294118,1,0.0,0.1200245608922915,8.331628064837389,2026-10-08T23:21:15.963886+00:00,pregame,experimental
2026020070,2026-10-10,8479336,Carl Grundstrom,PHI,BOS,0,0,2026-10-10T17:00:00Z,effectif actuel ; participation non confirmée,30,5,1.0,1.0,0.565508505247919,0.0,-3.139202815737979e-17,0.0,-3.139202815737979e-17,0.0,-3.139202815737979e-17,691.6,5.205320994794679,5,0.0,10,1.2,0.9,0.5958436145024278,0.1,0.01787574951572113,0.1,0.01787574951572113,0.1,0.01787574951572113,677.9,6.372621330579731,10,0.1,True,10,1.4,0.9,0.5958436145024278,0.2,0.05668094798069332,0.1,0.01787574951572113,0.1,0.01787574951572113,640.3,7.87131032328596,10,0.1,True,0,,,,,,,,,,,,0,,0.1172146006856944,8.53136037788888,2026-10-08T23:21:15.963886+00:00,pregame,experimental
2026020070,2026-10-10,8478047,Michael Bunting,PHI,BOS,0,0,2026-10-10T17:00:00Z,effectif actuel ; participation non confirmée,26,5,1.2,0.4,0.11761823115925325,0.2,0.036223160969787456,0.2,0.036223160969787456,0.2,0.036223160969787456,636.8,6.78391959798995,5,0.0,10,1.4,0.7,0.3967732199795652,0.3,0.10778928748621182,0.2,0.05668094798069332,0.1,0.01787574951572113,737.2,6.83667932718394,10,0.1,True,10,1.8,0.7,0.3967732199795652,0.5,0.2365895936154873,0.2,0.05668094798069332,0.2,0.05668094798069332,790.1,8.201493481837742,10,0.1,True,1,5.0,1.0,0.20654329147389294,1.0,0.20654329147389294,1.0,0.20654329147389294,1.0,0.20654329147389294,942.0,19.10828025477707,1,0.0,0.10330239133292761,9.68031801681294,2026-10-08T23:21:15.963886+00:00,pregame,experimental
2026020070,2026-10-10,8481546,Cam York,PHI,BOS,0,1,2026-10-10T17:00:00Z,effectif actuel ; participation non confirmée,38,5,0.8,0.6,0.23071993220883702,0.2,0.036223160969787456,0.0,-3.139202815737979e-17,0.0,-3.139202815737979e-17,1376.8,2.0918070889018012,5,0.0,10,0.6,0.4,0.16817758120350967,0.2,0.05668094798069332,0.0,-2.0052288475052677e-17,0.0,-2.0052288475052677e-17,1342.6,1.608818709965738,10,0.0,True,10,0.5,0.4,0.16817758120350967,0.1,0.01787574951572113,0.0,-2.0052288475052677e-17,0.0,-2.0052288475052677e-17,1311.5,1.3724742661075104,10,0.0,True,1,0.0,0.0,0.0,0.0,0.0,0.0,0.0,0.0,0.0,1243.0,0.0,1,0.0,0.10188528062546941,9.81496045219724,2026-10-08T23:21:15.963886+00:00,pregame,experimental
2026020070,2026-10-10,8476854,Hampus Lindholm,BOS,PHI,1,1,2026-10-10T17:00:00Z,effectif actuel ; participation non confirmée,36,5,1.0,0.6,0.23071993220883702,0.4,0.11761823115925325,0.0,-3.139202815737979e-17,0.0,-3.139202815737979e-17,1206.0,2.985074626865672,5,0.2,10,1.2,0.7,0.3967732199795652,0.4,0.16817758120350967,0.1,0.01787574951572113,0.0,-2.0052288475052677e-17,1220.9,3.538373331149152,10,0.2,True,10,1.1,0.5,0.2365895936154873,0.3,0.10778928748621182,0.2,0.05668094798069332,0.1,0.01787574951572113,1200.7,3.298076122262014,10,0.0,True,1,0.0,0.0,0.0,0.0,0.0,0.0,0.0,0.0,0.0,1204.0,0.0,1,0.0,0.09648939943570954,10.3638327717678,2026-10-08T23:21:15.963886+00:00,pregame,experimental
2026020070,2026-10-10,8482177,Marat Khusnutdinov,BOS,PHI,1,0,2026-10-10T17:00:00Z,effectif actuel ; participation non confirmée,37,5,0.2,0.2,0.036223160969787456,0.0,-3.139202815737979e-17,0.0,-3.139202815737979e-17,0.0,-3.139202815737979e-17,827.0,0.8706166868198307,5,0.0,10,0.2,0.2,0.05668094798069332,0.0,-2.0052288475052677e-17,0.0,-2.0052288475052677e-17,0.0,-2.0052288475052677e-17,872.7,0.8250257820556892,10,0.0,True,10,0.3,0.2,0.05668094798069332,0.1,0.01787574951572113,0.0,-2.0052288475052677e-17,0.0,-2.0052288475052677e-17,814.1,1.3266183515538632,10,0.1,True,1,2.0,1.0,0.20654329147389294,1.0,0.20654329147389294,0.0,0.0,0.0,0.0,757.0,9.511228533685602,1,1.0,0.09564662977553912,10.455151450153263,2026-10-08T23:21:15.963886+00:00,pregame,experimental
2026020070,2026-10-10,8482142,Jamie Drysdale,PHI,BOS,0,1,2026-10-10T17:00:00Z,effectif actuel ; participation non confirmée,38,5,0.4,0.4,0.11761823115925325,0.0,-3.139202815737979e-17,0.0,-3.139202815737979e-17,0.0,-3.139202815737979e-17,1277.6,1.1271133375078273,5,0.0,10,0.9,0.6,0.3126695474501863,0.1,0.01787574951572113,0.1,0.01787574951572113,0.1,0.01787574951572113,1236.3,2.6207231254549868,10,0.0,True,10,1.1,0.7,0.3967732199795652,0.2,0.05668094798069332,0.1,0.01787574951572113,0.1,0.01787574951572113,1175.0,3.370212765957447,10,0.0,True,1,0.0,0.0,0.0,0.0,0.0,0.0,0.0,0.0,0.0,1386.0,0.0,1,0.0,0.09307489247380639,10.744036049049695,2026-10-08T23:21:15.963886+00:00,pregame,experimental
2026020070,2026-10-10,8477507,Nikita Zadorov,BOS,PHI,1,1,2026-10-10T17:00:00Z,effectif actuel ; participation non confirmée,36,5,1.4,0.8,0.37552826411853885,0.4,0.11761823115925325,0.2,0.036223160969787456,0.0,-3.139202815737979e-17,1168.4,4.313591235878124,5,0.0,10,1.0,0.7,0.3967732199795652,0.2,0.05668094798069332,0.1,0.01787574951572113,0.0,-2.0052288475052677e-17,1207.2,2.982107355864811,10,0.0,True,10,1.7,0.9,0.5958436145024278,0.4,0.16817758120350967,0.3,0.10778928748621182,0.1,0.01787574951572113,1135.7,5.388747028264507,10,0.0,True,1,0.0,0.0,0.0,0.0,0.0,0.0,0.0,0.0,0.0,1246.0,0.0,1,0.0,0.09175881108478597,10.89813597384115,2026-10-08T23:21:15.963886+00:00,pregame,experimental
2026020070,2026-10-10,8479661,Tanner Jeannot,BOS,PHI,1,0,2026-10-10T17:00:00Z,effectif actuel ; participation non confirmée,36,5,0.8,0.6,0.23071993220883702,0.2,0.036223160969787456,0.0,-3.139202815737979e-17,0.0,-3.139202815737979e-17,690.2,4.172703564184294,5,0.2,10,0.5,0.4,0.16817758120350967,0.1,0.01787574951572113,0.0,-2.0052288475052677e-17,0.0,-2.0052288475052677e-17,677.2,2.658003544004725,10,0.1,True,10,0.8,0.5,0.2365895936154873,0.3,0.10778928748621182,0.0,-2.0052288475052677e-17,0.0,-2.0052288475052677e-17,703.5,4.093816631130064,10,0.0,True,1,1.0,1.0,0.20654329147389294,0.0,0.0,0.0,0.0,0.0,0.0,904.0,3.982300884955752,1,1.0,0.08694326805869694,11.501753066435025,2026-10-08T23:21:15.963886+00:00,pregame,experimental
2026020070,2026-10-10,8482511,Mason Lohrei,BOS,PHI,1,1,2026-10-10T17:00:00Z,effectif actuel ; participation non confirmée,33,5,0.6,0.4,0.11761823115925325,0.2,0.036223160969787456,0.0,-3.139202815737979e-17,0.0,-3.139202815737979e-17,1261.6,1.7121116043119848,5,0.0,10,0.7,0.6,0.3126695474501863,0.1,0.01787574951572113,0.0,-2.0052288475052677e-17,0.0,-2.0052288475052677e-17,1097.4,2.2963367960634224,10,0.0,True,10,1.0,0.7,0.3967732199795652,0.3,0.10778928748621182,0.0,-2.0052288475052677e-17,0.0,-2.0052288475052677e-17,1100.7,3.2706459525756335,10,0.1,True,1,1.0,1.0,0.20654329147389294,0.0,0.0,0.0,0.0,0.0,0.0,1235.0,2.91497975708502,1,0.0,0.08238226104147633,12.138535497302485,2026-10-08T23:21:15.963886+00:00,pregame,experimental
2026020070,2026-10-10,8481219,Jonathan Aspirot,BOS,PHI,1,1,2026-10-10T17:00:00Z,effectif actuel ; participation non confirmée,35,5,1.4,0.8,0.37552826411853885,0.4,0.11761823115925325,0.2,0.036223160969787456,0.0,-3.139202815737979e-17,1058.6,4.761005101076894,5,0.0,10,1.3,0.8,0.49015684672072346,0.4,0.16817758120350967,0.1,0.01787574951572113,0.0,-2.0052288475052677e-17,1036.4,4.515631030490158,10,0.0,True,10,1.0,0.6,0.3126695474501863,0.4,0.16817758120350967,0.0,-2.0052288475052677e-17,0.0,-2.0052288475052677e-17,1006.5,3.5767511177347244,10,0.1,True,1,0.0,0.0,0.0,0.0,0.0,0.0,0.0,0.0,0.0,1046.0,0.0,1,0.0,0.0808815704552418,12.363755975205494,2026-10-08T23:21:15.963886+00:00,pregame,experimental
2026020070,2026-10-10,8477365,Connor Clifton,BOS,PHI,1,1,2026-10-10T17:00:00Z,effectif actuel ; participation non confirmée,35,5,1.2,0.8,0.37552826411853885,0.4,0.11761823115925325,0.0,-3.139202815737979e-17,0.0,-3.139202815737979e-17,1179.0,3.66412213740458,5,0.0,10,1.0,0.7,0.3967732199795652,0.3,0.10778928748621182,0.0,-2.0052288475052677e-17,0.0,-2.0052288475052677e-17,1150.0,3.130434782608696,10,0.0,True,10,0.7,0.5,0.2365895936154873,0.2,0.05668094798069332,0.0,-2.0052288475052677e-17,0.0,-2.0052288475052677e-17,1128.8,2.2324592487597448,10,0.0,True,1,1.0,1.0,0.20654329147389294,0.0,0.0,0.0,0.0,0.0,0.0,904.0,3.982300884955752,1,0.0,0.08012321000465328,12.480778040993657,2026-10-08T23:21:15.963886+00:00,pregame,experimental
2026020070,2026-10-10,8477499,Rasmus Ristolainen,PHI,BOS,0,1,2026-10-10T17:00:00Z,effectif actuel ; participation non confirmée,34,5,1.2,0.4,0.11761823115925325,0.4,0.11761823115925325,0.2,0.036223160969787456,0.2,0.036223160969787456,1197.8,3.6066121222240777,5,0.2,10,1.1,0.5,0.2365895936154873,0.4,0.16817758120350967,0.1,0.01787574951572113,0.1,0.01787574951572113,1259.1,3.1451036454610435,10,0.1,True,10,0.8,0.4,0.16817758120350967,0.2,0.05668094798069332,0.1,0.01787574951572113,0.1,0.01787574951572113,1348.3,2.136023140250686,10,0.1,True,1,2.0,1.0,0.20654329147389294,1.0,0.20654329147389294,0.0,0.0,0.0,0.0,1313.0,5.483625285605483,1,0.0,0.07512785019416761,13.310643089287185,2026-10-08T23:21:15.963886+00:00,pregame,experimental
2026020070,2026-10-10,8476372,Nick Seeler,PHI,BOS,0,1,2026-10-10T17:00:00Z,effectif actuel ; participation non confirmée,37,5,0.4,0.4,0.11761823115925325,0.0,-3.139202815737979e-17,0.0,-3.139202815737979e-17,0.0,-3.139202815737979e-17,1186.4,1.2137559002022926,5,0.0,10,0.6,0.5,0.2365895936154873,0.1,0.01787574951572113,0.0,-2.0052288475052677e-17,0.0,-2.0052288475052677e-17,1045.2,2.0665901262916186,10,0.2,True,10,0.5,0.4,0.16817758120350967,0.1,0.01787574951572113,0.0,-2.0052288475052677e-17,0.0,-2.0052288475052677e-17,952.2,1.890359168241966,10,0.2,True,1,2.0,1.0,0.20654329147389294,1.0,0.20654329147389294,0.0,0.0,0.0,0.0,885.0,8.135593220338983,1,0.0,0.0671446939345364,14.893209595608004,2026-10-08T23:21:15.963886+00:00,pregame,experimental
2026020070,2026-10-10,8483733,Nikita Grebenkin,PHI,BOS,0,0,2026-10-10T17:00:00Z,effectif actuel ; participation non confirmée,20,5,0.4,0.2,0.036223160969787456,0.2,0.036223160969787456,0.0,-3.139202815737979e-17,0.0,-3.139202815737979e-17,638.2,2.256345973049201,5,0.0,10,0.3,0.2,0.05668094798069332,0.1,0.01787574951572113,0.0,-2.0052288475052677e-17,0.0,-2.0052288475052677e-17,667.6,1.6177351707609346,10,0.0,True,10,0.6,0.2,0.05668094798069332,0.1,0.01787574951572113,0.1,0.01787574951572113,0.1,0.01787574951572113,635.0,3.4015748031496065,10,0.1,True,1,5.0,1.0,0.20654329147389294,1.0,0.20654329147389294,1.0,0.20654329147389294,1.0,0.20654329147389294,823.0,21.87120291616039,1,1.0,0.06021612775439268,16.606846658735066,2026-10-08T23:21:15.963886+00:00,pregame,experimental
2026020070,2026-10-10,8481122,Simon Benoit,PHI,BOS,0,1,2026-10-10T17:00:00Z,effectif actuel ; participation non confirmée,35,5,1.0,0.6,0.23071993220883702,0.4,0.11761823115925325,0.0,-3.139202815737979e-17,0.0,-3.139202815737979e-17,968.0,3.71900826446281,5,0.0,10,1.2,0.7,0.3967732199795652,0.5,0.2365895936154873,0.0,-2.0052288475052677e-17,0.0,-2.0052288475052677e-17,1028.0,4.202334630350195,10,0.0,True,10,1.3,0.8,0.49015684672072346,0.5,0.2365895936154873,0.0,-2.0052288475052677e-17,0.0,-2.0052288475052677e-17,984.9,4.751751446847396,10,0.0,True,1,2.0,1.0,0.20654329147389294,1.0,0.20654329147389294,0.0,0.0,0.0,0.0,1021.0,7.051909892262488,1,0.0,0.05562401906713738,17.97784512465765,2026-10-08T23:21:15.963886+00:00,pregame,experimental
2026020070,2026-10-10,8478840,Will Borgen,BOS,PHI,1,1,2026-10-10T17:00:00Z,effectif actuel ; participation non confirmée,37,5,0.2,0.2,0.036223160969787456,0.0,-3.139202815737979e-17,0.0,-3.139202815737979e-17,0.0,-3.139202815737979e-17,1071.6,0.671892497200448,5,0.0,10,0.2,0.2,0.05668094798069332,0.0,-2.0052288475052677e-17,0.0,-2.0052288475052677e-17,0.0,-2.0052288475052677e-17,1042.3,0.6907800057565,10,0.0,True,10,0.4,0.4,0.16817758120350967,0.0,-2.0052288475052677e-17,0.0,-2.0052288475052677e-17,0.0,-2.0052288475052677e-17,1038.8,1.386214863303812,10,0.0,True,1,2.0,1.0,0.20654329147389294,1.0,0.20654329147389294,0.0,0.0,0.0,0.0,1138.0,6.3268892794376095,1,0.0,0.049662982600599696,20.135721771731138,2026-10-08T23:21:15.963886+00:00,pregame,experimental
2026020070,2026-10-10,8483460,David Jiricek,PHI,BOS,0,1,2026-10-10T17:00:00Z,effectif actuel ; participation non confirmée,9,5,1.0,0.8,0.37552826411853885,0.2,0.036223160969787456,0.0,-3.139202815737979e-17,0.0,-3.139202815737979e-17,923.6,3.8977912516240796,5,0.0,9,0.7777777777777778,0.6666666666666666,0.35419734749908977,0.1111111111111111,0.019890371327130518,0.0,0.0,0.0,0.0,772.0,3.626943005181347,9,0.0,True,3,0.3333333333333333,0.3333333333333333,0.061490315276160515,0.0,0.0,0.0,0.0,0.0,0.0,887.3333333333334,1.35236664162284,3,0.0,True,0,,,,,,,,,,,,0,,0.04559418137728018,21.93262319428999,2026-10-08T23:21:15.963886+00:00,pregame,experimental
2026020070,2026-10-10,8483505,Matthew Poitras,BOS,PHI,1,0,2026-10-10T17:00:00Z,effectif actuel ; participation non confirmée,4,4,2.0,0.75,0.30063605244263664,0.5,0.15003570882017145,0.25,0.045586062644636216,0.25,0.045586062644636216,717.25,10.038340885325898,4,0.25,4,2.0,0.75,0.30063605244263664,0.5,0.15003570882017145,0.25,0.045586062644636216,0.25,0.045586062644636216,717.25,10.038340885325898,4,0.25,True,2,2.5,0.5,0.09452865480086611,0.5,0.09452865480086611,0.5,0.09452865480086611,0.5,0.09452865480086611,688.0,13.081395348837209,2,0.0,True,1,5.0,1.0,0.20654329147389294,1.0,0.20654329147389294,1.0,0.20654329147389294,1.0,0.20654329147389294,688.0,26.162790697674417,1,0.0,,,2026-10-08T23:21:15.963886+00:00,pregame,historique insuffisant
2026020070,2026-10-10,8483017,Frederic Brunet,BOS,PHI,1,1,2026-10-10T17:00:00Z,effectif actuel ; participation non confirmée,1,1,1.0,1.0,0.20654329147389294,0.0,0.0,0.0,0.0,0.0,0.0,1123.0,3.205699020480855,1,0.0,1,1.0,1.0,0.20654329147389294,0.0,0.0,0.0,0.0,0.0,0.0,1123.0,3.205699020480855,1,0.0,True,1,1.0,1.0,0.20654329147389294,0.0,0.0,0.0,0.0,0.0,0.0,1123.0,3.205699020480855,1,0.0,True,0,,,,,,,,,,,,0,,,,2026-10-08T23:21:15.963886+00:00,pregame,historique insuffisant
2026020070,2026-10-10,8475253,Garrett Wilson,PHI,BOS,0,0,2026-10-10T17:00:00Z,effectif actuel ; participation non confirmée,3,3,1.0,0.6666666666666666,0.20765495512648788,0.3333333333333333,0.061490315276160515,0.0,0.0,0.0,0.0,520.6666666666666,6.914212548015365,3,0.0,3,1.0,0.6666666666666666,0.20765495512648788,0.3333333333333333,0.061490315276160515,0.0,0.0,0.0,0.0,520.6666666666666,6.914212548015365,3,0.0,True,2,1.0,0.5,0.09452865480086611,0.5,0.09452865480086611,0.0,0.0,0.0,0.0,544.5,6.6115702479338845,2,0.0,True,0,,,,,,,,,,,,0,,,,2026-10-08T23:21:15.963886+00:00,pregame,historique insuffisant
2026020071,2026-10-10,8481559,Jack Hughes,NJD,VAN,1,0,2026-10-10T19:30:00Z,effectif actuel ; participation non confirmée,34,5,3.6,1.0,0.565508505247919,1.0,0.565508505247919,0.8,0.37552826411853885,0.4,0.11761823115925325,1380.0,9.391304347826088,5,0.2,10,4.2,1.0,0.7224598312333834,1.0,0.7224598312333834,0.9,0.5958436145024278,0.6,0.3126695474501863,1358.7,11.128284389489954,10,0.4,True,10,4.7,1.0,0.7224598312333834,1.0,0.7224598312333834,0.9,0.5958436145024278,0.8,0.49015684672072346,1378.9,12.270650518529262,10,0.6,True,0,,,,,,,,,,,,0,,0.5073266042722001,1.9711168142553426,2026-10-08T23:21:15.963886+00:00,pregame,experimental
2026020071,2026-10-10,8478414,Timo Meier,NJD,VAN,1,0,2026-10-10T19:30:00Z,effectif actuel ; participation non confirmée,37,5,4.2,0.8,0.37552826411853885,0.8,0.37552826411853885,0.8,0.37552826411853885,0.6,0.23071993220883702,1050.2,14.397257665206627,5,0.0,10,3.9,0.9,0.5958436145024278,0.8,0.49015684672072346,0.8,0.49015684672072346,0.5,0.2365895936154873,1092.6,12.8500823723229,10,0.2,True,10,4.3,0.9,0.5958436145024278,0.9,0.5958436145024278,0.8,0.49015684672072346,0.5,0.2365895936154873,1088.3,14.224019112377102,10,0.2,True,0,,,,,,,,,,,,0,,0.35334956228495107,2.8300586918332495,2026-10-08T23:21:15.963886+00:00,pregame,experimental
2026020071,2026-10-10,8479407,Jesper Bratt,NJD,VAN,1,0,2026-10-10T19:30:00Z,effectif actuel ; participation non confirmée,37,5,3.2,0.8,0.37552826411853885,0.8,0.37552826411853885,0.4,0.11761823115925325,0.4,0.11761823115925325,1141.0,10.096406660823838,5,0.0,10,2.6,0.8,0.49015684672072346,0.7,0.3967732199795652,0.4,0.16817758120350967,0.3,0.10778928748621182,1119.4,8.36162229765946,10,0.1,True,10,2.5,0.8,0.49015684672072346,0.7,0.3967732199795652,0.3,0.10778928748621182,0.3,0.10778928748621182,1137.1,7.914871163486061,10,0.2,True,0,,,,,,,,,,,,0,,0.2896396283417008,3.4525662310968555,2026-10-08T23:21:15.963886+00:00,pregame,experimental
2026020071,2026-10-10,8478498,Jake DeBrusk,VAN,NJD,0,0,2026-10-10T19:30:00Z,effectif actuel ; participation non confirmée,36,5,2.8,0.8,0.37552826411853885,0.8,0.37552826411853885,0.4,0.11761823115925325,0.4,0.11761823115925325,1002.4,10.05586592178771,5,0.4,10,3.4,0.9,0.5958436145024278,0.8,0.49015684672072346,0.5,0.2365895936154873,0.4,0.16817758120350967,1016.4,12.04250295159386,10,0.5,True,10,2.8,0.9,0.5958436145024278,0.7,0.3967732199795652,0.4,0.16817758120350967,0.2,0.05668094798069332,986.4,10.218978102189782,10,0.5,True,0,,,,,,,,,,,,0,,0.28538613142924213,3.5040245123051372,2026-10-08T23:21:15.963886+00:00,pregame,experimental
2026020071,2026-10-10,8480002,Nico Hischier,NJD,VAN,1,0,2026-10-10T19:30:00Z,effectif actuel ; participation non confirmée,37,5,2.0,0.6,0.23071993220883702,0.6,0.23071993220883702,0.4,0.11761823115925325,0.2,0.036223160969787456,1222.0,5.8919803600654665,5,0.2,10,2.2,0.7,0.3967732199795652,0.7,0.3967732199795652,0.6,0.3126695474501863,0.1,0.01787574951572113,1233.6,6.42023346303502,10,0.1,True,10,2.1,0.7,0.3967732199795652,0.7,0.3967732199795652,0.4,0.16817758120350967,0.2,0.05668094798069332,1257.5,6.01192842942346,10,0.2,True,0,,,,,,,,,,,,0,,0.271758121917036,3.679742827724156,2026-10-08T23:21:15.963886+00:00,pregame,experimental
2026020071,2026-10-10,8477015,Connor Brown,NJD,VAN,1,0,2026-10-10T19:30:00Z,effectif actuel ; participation non confirmée,34,5,1.6,1.0,0.565508505247919,0.6,0.23071993220883702,0.0,-3.139202815737979e-17,0.0,-3.139202815737979e-17,1126.8,5.111821086261981,5,0.2,10,2.0,0.9,0.5958436145024278,0.7,0.3967732199795652,0.3,0.10778928748621182,0.1,0.01787574951572113,1180.4,6.099627245001694,10,0.4,True,10,2.0,0.9,0.5958436145024278,0.7,0.3967732199795652,0.3,0.10778928748621182,0.1,0.01787574951572113,1155.4,6.231608101090531,10,0.3,True,0,,,,,,,,,,,,0,,0.26861534920749686,3.7227954506335066,2026-10-08T23:21:15.963886+00:00,pregame,experimental
2026020071,2026-10-10,8481721,Arseny Gritsyuk,NJD,VAN,1,0,2026-10-10T19:30:00Z,effectif actuel ; participation non confirmée,25,5,2.4,1.0,0.565508505247919,0.8,0.37552826411853885,0.2,0.036223160969787456,0.2,0.036223160969787456,928.8,9.30232558139535,5,0.0,10,2.7,1.0,0.7224598312333834,0.9,0.5958436145024278,0.4,0.16817758120350967,0.2,0.05668094798069332,912.3,10.654390003288391,10,0.2,True,10,2.3,1.0,0.7224598312333834,0.7,0.3967732199795652,0.4,0.16817758120350967,0.1,0.01787574951572113,908.0,9.118942731277533,10,0.3,True,0,,,,,,,,,,,,0,,0.2534556691226786,3.94546313941779,2026-10-08T23:21:15.963886+00:00,pregame,experimental
2026020071,2026-10-10,8482146,Luke Evangelista,NJD,VAN,1,0,2026-10-10T19:30:00Z,effectif actuel ; participation non confirmée,37,5,3.0,1.0,0.565508505247919,1.0,0.565508505247919,0.8,0.37552826411853885,0.2,0.036223160969787456,1066.2,10.129431626336522,5,0.4,10,2.7,1.0,0.7224598312333834,0.8,0.49015684672072346,0.6,0.3126695474501863,0.2,0.05668094798069332,981.0,9.908256880733944,10,0.2,True,10,2.7,1.0,0.7224598312333834,0.9,0.5958436145024278,0.5,0.2365895936154873,0.3,0.10778928748621182,1006.7,9.655309426840171,10,0.3,True,0,,,,,,,,,,,,0,,0.24100663805232023,4.149263306942233,2026-10-08T23:21:15.963886+00:00,pregame,experimental
2026020071,2026-10-10,8482110,Dawson Mercer,NJD,VAN,1,0,2026-10-10T19:30:00Z,effectif actuel ; participation non confirmée,37,5,3.0,1.0,0.565508505247919,1.0,0.565508505247919,0.6,0.23071993220883702,0.2,0.036223160969787456,931.0,11.600429645542427,5,0.2,10,2.3,0.9,0.5958436145024278,0.7,0.3967732199795652,0.5,0.2365895936154873,0.1,0.01787574951572113,1062.0,7.796610169491525,10,0.3,True,10,2.4,0.9,0.5958436145024278,0.6,0.3126695474501863,0.4,0.16817758120350967,0.2,0.05668094798069332,1092.8,7.906295754026354,10,0.3,True,0,,,,,,,,,,,,0,,0.22674216323853855,4.410295754953941,2026-10-08T23:21:15.963886+00:00,pregame,experimental
2026020071,2026-10-10,8480012,Elias Pettersson,VAN,NJD,0,0,2026-10-10T19:30:00Z,effectif actuel ; participation non confirmée,38,5,1.4,0.8,0.37552826411853885,0.4,0.11761823115925325,0.2,0.036223160969787456,0.0,-3.139202815737979e-17,1150.2,4.381846635367762,5,0.4,10,2.0,0.9,0.5958436145024278,0.4,0.16817758120350967,0.3,0.10778928748621182,0.1,0.01787574951572113,1163.8,6.186630005155525,10,0.2,True,10,2.3,0.9,0.5958436145024278,0.5,0.2365895936154873,0.4,0.16817758120350967,0.2,0.05668094798069332,1123.2,7.371794871794871,10,0.1,True,0,,,,,,,,,,,,0,,0.21913025381324713,4.5634958322653425,2026-10-08T23:21:15.963886+00:00,pregame,experimental
2026020071,2026-10-10,8478444,Brock Boeser,VAN,NJD,0,0,2026-10-10T19:30:00Z,effectif actuel ; participation non confirmée,33,5,1.4,0.8,0.37552826411853885,0.4,0.11761823115925325,0.2,0.036223160969787456,0.0,-3.139202815737979e-17,1051.8,4.791785510553337,5,0.2,10,1.6,0.8,0.49015684672072346,0.6,0.3126695474501863,0.2,0.05668094798069332,0.0,-2.0052288475052677e-17,1161.0,4.961240310077519,10,0.2,True,10,2.4,1.0,0.7224598312333834,0.7,0.3967732199795652,0.5,0.2365895936154873,0.2,0.05668094798069332,1152.3,7.498047383493882,10,0.3,True,0,,,,,,,,,,,,0,,0.21467410665750358,4.658223646857536,2026-10-08T23:21:15.963886+00:00,pregame,experimental
2026020071,2026-10-10,8482079,Marco Rossi,VAN,NJD,0,0,2026-10-10T19:30:00Z,effectif actuel ; participation non confirmée,29,5,1.6,1.0,0.565508505247919,0.2,0.036223160969787456,0.2,0.036223160969787456,0.2,0.036223160969787456,986.2,5.84060028391807,5,0.4,10,1.4,0.9,0.5958436145024278,0.3,0.10778928748621182,0.1,0.01787574951572113,0.1,0.01787574951572113,1025.2,4.916113928989465,10,0.4,True,10,1.0,0.7,0.3967732199795652,0.2,0.05668094798069332,0.1,0.01787574951572113,0.0,-2.0052288475052677e-17,1003.2,3.588516746411483,10,0.3,True,0,,,,,,,,,,,,0,,0.18443387806738953,5.42199736013041,2026-10-08T23:21:15.963886+00:00,pregame,experimental
2026020071,2026-10-10,8477511,Anthony Mantha,NJD,VAN,1,0,2026-10-10T19:30:00Z,effectif actuel ; participation non confirmée,37,5,1.6,0.8,0.37552826411853885,0.6,0.23071993220883702,0.2,0.036223160969787456,0.0,-3.139202815737979e-17,920.4,6.258148631029987,5,0.4,10,1.7,0.8,0.49015684672072346,0.5,0.2365895936154873,0.3,0.10778928748621182,0.1,0.01787574951572113,904.9,6.7631782517405235,10,0.4,True,10,1.3,0.8,0.49015684672072346,0.3,0.10778928748621182,0.1,0.01787574951572113,0.1,0.01787574951572113,881.1,5.3115423901940755,10,0.4,True,0,,,,,,,,,,,,0,,0.1754978335562455,5.698076037386005,2026-10-08T23:21:15.963886+00:00,pregame,experimental
2026020071,2026-10-10,8480078,Filip Chytil,VAN,NJD,0,0,2026-10-10T19:30:00Z,effectif actuel ; participation non confirmée,6,5,1.4,1.0,0.565508505247919,0.4,0.11761823115925325,0.0,-3.139202815737979e-17,0.0,-3.139202815737979e-17,813.2,6.197737333989179,5,0.0,6,1.5,1.0,0.6096569663469354,0.5,0.1876128068994087,0.0,0.0,0.0,0.0,862.5,6.260869565217392,6,0.0,True,1,1.0,1.0,0.20654329147389294,0.0,0.0,0.0,0.0,0.0,0.0,456.0,7.894736842105263,1,0.0,True,0,,,,,,,,,,,,0,,0.1659459942696217,6.026056877126207,2026-10-08T23:21:15.963886+00:00,pregame,experimental
2026020071,2026-10-10,8478542,Evan Rodrigues,NJD,VAN,1,0,2026-10-10T19:30:00Z,effectif actuel ; participation non confirmée,25,5,0.8,0.6,0.23071993220883702,0.2,0.036223160969787456,0.0,-3.139202815737979e-17,0.0,-3.139202815737979e-17,838.4,3.435114503816794,5,0.0,10,1.4,0.7,0.3967732199795652,0.4,0.16817758120350967,0.3,0.10778928748621182,0.0,-2.0052288475052677e-17,928.9,5.425772418990204,10,0.0,True,10,2.4,0.7,0.3967732199795652,0.4,0.16817758120350967,0.3,0.10778928748621182,0.3,0.10778928748621182,977.6,8.8379705400982,10,0.2,True,0,,,,,,,,,,,,0,,0.16452955262933353,6.07793544697035,2026-10-08T23:21:15.963886+00:00,pregame,experimental
2026020071,2026-10-10,8482055,Drew O'Connor,VAN,NJD,0,0,2026-10-10T19:30:00Z,effectif actuel ; participation non confirmée,38,5,1.6,0.6,0.23071993220883702,0.6,0.23071993220883702,0.4,0.11761823115925325,0.0,-3.139202815737979e-17,919.6,6.2635928664636795,5,0.2,10,1.8,0.8,0.49015684672072346,0.6,0.3126695474501863,0.4,0.16817758120350967,0.0,-2.0052288475052677e-17,966.8,6.702523789822093,10,0.1,True,10,2.3,0.9,0.5958436145024278,0.8,0.49015684672072346,0.6,0.3126695474501863,0.0,-2.0052288475052677e-17,936.0,8.846153846153847,10,0.0,True,0,,,,,,,,,,,,0,,0.16402272625717002,6.096716124764976,2026-10-08T23:21:15.963886+00:00,pregame,experimental
2026020071,2026-10-10,8483499,Liam Ohgren,VAN,NJD,0,0,2026-10-10T19:30:00Z,effectif actuel ; participation non confirmée,38,5,1.4,0.8,0.37552826411853885,0.4,0.11761823115925325,0.2,0.036223160969787456,0.0,-3.139202815737979e-17,1039.2,4.849884526558891,5,0.2,10,0.9,0.6,0.3126695474501863,0.2,0.05668094798069332,0.1,0.01787574951572113,0.0,-2.0052288475052677e-17,1034.1,3.133159268929504,10,0.1,True,10,1.3,0.7,0.3967732199795652,0.2,0.05668094798069332,0.2,0.05668094798069332,0.2,0.05668094798069332,1027.1,4.556518352643365,10,0.2,True,0,,,,,,,,,,,,0,,0.16051085686243288,6.230108165562022,2026-10-08T23:21:15.963886+00:00,pregame,experimental
2026020071,2026-10-10,8484136,Max Sasson,VAN,NJD,0,0,2026-10-10T19:30:00Z,effectif actuel ; participation non confirmée,25,5,1.4,0.6,0.23071993220883702,0.4,0.11761823115925325,0.2,0.036223160969787456,0.2,0.036223160969787456,855.0,5.894736842105263,5,0.2,10,1.3,0.6,0.3126695474501863,0.4,0.16817758120350967,0.2,0.05668094798069332,0.1,0.01787574951572113,815.1,5.741626794258373,10,0.3,True,9,1.3333333333333333,0.5555555555555556,0.26664734574402965,0.5555555555555556,0.26664734574402965,0.2222222222222222,0.0632237623122272,0.0,0.0,826.5555555555555,5.807232154859524,9,0.3333333333333333,True,0,,,,,,,,,,,,0,,0.1594031351993277,6.273402331450615,2026-10-08T23:21:15.963886+00:00,pregame,experimental
2026020071,2026-10-10,8481024,Linus Karlsson,VAN,NJD,0,0,2026-10-10T19:30:00Z,effectif actuel ; participation non confirmée,38,5,1.8,1.0,0.565508505247919,0.8,0.37552826411853885,0.0,-3.139202815737979e-17,0.0,-3.139202815737979e-17,904.6,7.163387132434225,5,0.0,10,1.4,0.8,0.49015684672072346,0.6,0.3126695474501863,0.0,-2.0052288475052677e-17,0.0,-2.0052288475052677e-17,872.3,5.777828728648401,10,0.0,True,10,1.4,0.8,0.49015684672072346,0.5,0.2365895936154873,0.1,0.01787574951572113,0.0,-2.0052288475052677e-17,940.6,5.358281947692962,10,0.1,True,0,,,,,,,,,,,,0,,0.15115403289676368,6.615767907978926,2026-10-08T23:21:15.963886+00:00,pregame,experimental
2026020071,2026-10-10,8479425,Filip Hronek,VAN,NJD,0,1,2026-10-10T19:30:00Z,effectif actuel ; participation non confirmée,38,5,1.2,1.0,0.565508505247919,0.2,0.036223160969787456,0.0,-3.139202815737979e-17,0.0,-3.139202815737979e-17,1574.2,2.744251048151442,5,0.0,10,2.3,1.0,0.7224598312333834,0.5,0.2365895936154873,0.3,0.10778928748621182,0.2,0.05668094798069332,1600.5,5.173383317713214,10,0.0,True,10,2.5,0.9,0.5958436145024278,0.6,0.3126695474501863,0.4,0.16817758120350967,0.3,0.10778928748621182,1646.1,5.467468562055768,10,0.0,True,0,,,,,,,,,,,,0,,0.15038712766272355,6.649505283741582,2026-10-08T23:21:15.963886+00:00,pregame,experimental
2026020071,2026-10-10,8480003,Jesper Boqvist,NJD,VAN,1,0,2026-10-10T19:30:00Z,effectif actuel ; participation non confirmée,27,5,1.6,0.8,0.37552826411853885,0.6,0.23071993220883702,0.2,0.036223160969787456,0.0,-3.139202815737979e-17,867.2,6.642066420664206,5,0.4,10,1.5,0.7,0.3967732199795652,0.6,0.3126695474501863,0.2,0.05668094798069332,0.0,-2.0052288475052677e-17,867.3,6.226219301279834,10,0.2,True,10,1.1,0.7,0.3967732199795652,0.3,0.10778928748621182,0.1,0.01787574951572113,0.0,-2.0052288475052677e-17,808.5,4.8979591836734695,10,0.1,True,0,,,,,,,,,,,,0,,0.14899642570995802,6.711570396639159,2026-10-08T23:21:15.963886+00:00,pregame,experimental
2026020071,2026-10-10,8482684,Luke Hughes,NJD,VAN,1,1,2026-10-10T19:30:00Z,effectif actuel ; participation non confirmée,23,5,2.6,0.8,0.37552826411853885,0.8,0.37552826411853885,0.6,0.23071993220883702,0.2,0.036223160969787456,1433.6,6.529017857142857,5,0.2,10,2.3,0.8,0.49015684672072346,0.6,0.3126695474501863,0.5,0.2365895936154873,0.3,0.10778928748621182,1446.6,5.723766072169225,10,0.1,True,10,2.7,1.0,0.7224598312333834,0.6,0.3126695474501863,0.5,0.2365895936154873,0.4,0.16817758120350967,1437.7,6.760798497600334,10,0.2,True,0,,,,,,,,,,,,0,,0.14514431114623239,6.889694760358217,2026-10-08T23:21:15.963886+00:00,pregame,experimental
2026020071,2026-10-10,8479996,Cody Glass,NJD,VAN,1,0,2026-10-10T19:30:00Z,effectif actuel ; participation non confirmée,36,5,1.2,0.6,0.23071993220883702,0.4,0.11761823115925325,0.2,0.036223160969787456,0.0,-3.139202815737979e-17,724.8,5.960264900662252,5,0.0,10,1.2,0.7,0.3967732199795652,0.3,0.10778928748621182,0.2,0.05668094798069332,0.0,-2.0052288475052677e-17,758.5,5.695451549110086,10,0.3,True,10,1.3,0.7,0.3967732199795652,0.4,0.16817758120350967,0.2,0.05668094798069332,0.0,-2.0052288475052677e-17,781.1,5.991550377672513,10,0.3,True,0,,,,,,,,,,,,0,,0.13867505657519513,7.211102159945831,2026-10-08T23:21:15.963886+00:00,pregame,experimental
2026020071,2026-10-10,8483476,Jonathan Lekkerimäki,VAN,NJD,0,0,2026-10-10T19:30:00Z,effectif actuel ; participation non confirmée,9,5,0.8,0.8,0.37552826411853885,0.0,-3.139202815737979e-17,0.0,-3.139202815737979e-17,0.0,-3.139202815737979e-17,712.6,4.04153802975021,5,0.4,9,1.1111111111111112,0.6666666666666666,0.35419734749908977,0.2222222222222222,0.0632237623122272,0.1111111111111111,0.019890371327130518,0.1111111111111111,0.019890371327130518,741.1111111111111,5.397301349325337,9,0.3333333333333333,True,3,0.3333333333333333,0.3333333333333333,0.061490315276160515,0.0,0.0,0.0,0.0,0.0,0.0,752.0,1.5957446808510638,3,0.3333333333333333,True,0,,,,,,,,,,,,0,,0.12863933602644104,7.773671964495029,2026-10-08T23:21:15.963886+00:00,pregame,experimental
2026020071,2026-10-10,8481032,Paul Cotter,VAN,NJD,0,0,2026-10-10T19:30:00Z,effectif actuel ; participation non confirmée,38,5,2.2,1.0,0.565508505247919,0.6,0.23071993220883702,0.4,0.11761823115925325,0.2,0.036223160969787456,881.0,8.989784335981838,5,0.6,10,1.2,0.6,0.3126695474501863,0.3,0.10778928748621182,0.2,0.05668094798069332,0.1,0.01787574951572113,736.0,5.869565217391305,10,0.4,True,10,0.9,0.4,0.16817758120350967,0.2,0.05668094798069332,0.2,0.05668094798069332,0.1,0.01787574951572113,544.0,5.955882352941177,10,0.1,True,0,,,,,,,,,,,,0,,0.12304572858367444,8.127059846047178,2026-10-08T23:21:15.963886+00:00,pregame,experimental
2026020071,2026-10-10,8476462,Dougie Hamilton,NJD,VAN,1,1,2026-10-10T19:30:00Z,effectif actuel ; participation non confirmée,37,5,3.2,1.0,0.565508505247919,0.8,0.37552826411853885,0.8,0.37552826411853885,0.2,0.036223160969787456,1314.2,8.765789073200427,5,0.2,10,2.5,0.9,0.5958436145024278,0.7,0.3967732199795652,0.6,0.3126695474501863,0.1,0.01787574951572113,1284.5,7.006617360840794,10,0.1,True,10,3.0,1.0,0.7224598312333834,0.8,0.49015684672072346,0.7,0.3967732199795652,0.3,0.10778928748621182,1281.2,8.42959725257571,10,0.3,True,0,,,,,,,,,,,,0,,0.11861532080134413,8.430614133521512,2026-10-08T23:21:15.963886+00:00,pregame,experimental
2026020071,2026-10-10,8482691,Aatu Räty,VAN,NJD,0,0,2026-10-10T19:30:00Z,effectif actuel ; participation non confirmée,28,5,1.6,0.6,0.23071993220883702,0.6,0.23071993220883702,0.4,0.11761823115925325,0.0,-3.139202815737979e-17,667.8,8.625336927223719,5,0.2,10,1.5,0.7,0.3967732199795652,0.5,0.2365895936154873,0.3,0.10778928748621182,0.0,-2.0052288475052677e-17,705.5,7.6541459957476965,10,0.1,True,10,1.2,0.7,0.3967732199795652,0.3,0.10778928748621182,0.2,0.05668094798069332,0.0,-2.0052288475052677e-17,717.4,6.0217451909673825,10,0.0,True,0,,,,,,,,,,,,0,,0.11407461754551133,8.766192002362304,2026-10-08T23:21:15.963886+00:00,pregame,experimental
2026020071,2026-10-10,8475848,Brendan Gallagher,VAN,NJD,0,0,2026-10-10T19:30:00Z,effectif actuel ; participation non confirmée,32,5,1.0,0.8,0.37552826411853885,0.2,0.036223160969787456,0.0,-3.139202815737979e-17,0.0,-3.139202815737979e-17,615.6,5.847953216374269,5,0.2,10,1.1,0.6,0.3126695474501863,0.3,0.10778928748621182,0.1,0.01787574951572113,0.1,0.01787574951572113,606.3,6.531420089064819,10,0.1,True,10,1.5,0.8,0.49015684672072346,0.4,0.16817758120350967,0.2,0.05668094798069332,0.1,0.01787574951572113,625.0,8.64,10,0.1,True,1,4.0,1.0,0.20654329147389294,1.0,0.20654329147389294,1.0,0.20654329147389294,1.0,0.20654329147389294,588.0,24.489795918367346,1,0.0,0.08621919073517782,11.598345930565495,2026-10-08T23:21:15.963886+00:00,pregame,experimental
2026020071,2026-10-10,8484798,Zeev Buium,VAN,NJD,0,1,2026-10-10T19:30:00Z,effectif actuel ; participation non confirmée,33,5,1.0,0.6,0.23071993220883702,0.2,0.036223160969787456,0.2,0.036223160969787456,0.0,-3.139202815737979e-17,1299.6,2.770083102493075,5,0.0,10,1.2,0.6,0.3126695474501863,0.4,0.16817758120350967,0.2,0.05668094798069332,0.0,-2.0052288475052677e-17,1313.7,3.2884220141584835,10,0.1,True,10,0.9,0.6,0.3126695474501863,0.2,0.05668094798069332,0.1,0.01787574951572113,0.0,-2.0052288475052677e-17,1251.0,2.5899280575539567,10,0.0,True,0,,,,,,,,,,,,0,,0.08465109997319048,11.813195579463304,2026-10-08T23:21:15.963886+00:00,pregame,experimental
2026020071,2026-10-10,8477488,Brett Pesce,NJD,VAN,1,1,2026-10-10T19:30:00Z,effectif actuel ; participation non confirmée,16,5,1.2,0.8,0.37552826411853885,0.4,0.11761823115925325,0.0,-3.139202815737979e-17,0.0,-3.139202815737979e-17,1197.2,3.608419645840294,5,0.0,10,0.9,0.6,0.3126695474501863,0.3,0.10778928748621182,0.0,-2.0052288475052677e-17,0.0,-2.0052288475052677e-17,1180.1,2.745530039827133,10,0.0,True,8,1.0,0.625,0.3057378545838018,0.375,0.13684175946152105,0.0,0.0,0.0,0.0,1211.125,2.9724429765713696,8,0.0,True,0,,,,,,,,,,,,0,,0.07635134495643271,13.097346229730674,2026-10-08T23:21:15.963886+00:00,pregame,experimental
2026020071,2026-10-10,8484240,Tom Willander,VAN,NJD,0,1,2026-10-10T19:30:00Z,effectif actuel ; participation non confirmée,37,5,0.2,0.2,0.036223160969787456,0.0,-3.139202815737979e-17,0.0,-3.139202815737979e-17,0.0,-3.139202815737979e-17,1207.6,0.5962239152037099,5,0.0,10,0.6,0.4,0.16817758120350967,0.1,0.01787574951572113,0.1,0.01787574951572113,0.0,-2.0052288475052677e-17,1216.3,1.7758776617610788,10,0.0,True,10,0.7,0.5,0.2365895936154873,0.2,0.05668094798069332,0.0,-2.0052288475052677e-17,0.0,-2.0052288475052677e-17,1204.0,2.0930232558139537,10,0.1,True,0,,,,,,,,,,,,0,,0.060067897190734805,16.64782765450703,2026-10-08T23:21:15.963886+00:00,pregame,experimental
2026020071,2026-10-10,8476467,Jamie Oleksiak,VAN,NJD,0,1,2026-10-10T19:30:00Z,effectif actuel ; participation non confirmée,37,5,0.6,0.4,0.11761823115925325,0.2,0.036223160969787456,0.0,-3.139202815737979e-17,0.0,-3.139202815737979e-17,1190.0,1.815126050420168,5,0.2,10,1.0,0.6,0.3126695474501863,0.3,0.10778928748621182,0.1,0.01787574951572113,0.0,-2.0052288475052677e-17,1110.1,3.242951085487794,10,0.1,True,10,1.1,0.6,0.3126695474501863,0.4,0.16817758120350967,0.1,0.01787574951572113,0.0,-2.0052288475052677e-17,928.9,4.26310690063516,10,0.1,True,0,,,,,,,,,,,,0,,0.059390200222818795,16.83779472452059,2026-10-08T23:21:15.963886+00:00,pregame,experimental
2026020071,2026-10-10,8478399,Jonas Siegenthaler,NJD,VAN,1,1,2026-10-10T19:30:00Z,effectif actuel ; participation non confirmée,37,5,0.8,0.4,0.11761823115925325,0.4,0.11761823115925325,0.0,-3.139202815737979e-17,0.0,-3.139202815737979e-17,1161.4,2.4797657998966764,5,0.0,10,0.5,0.3,0.10778928748621182,0.2,0.05668094798069332,0.0,-2.0052288475052677e-17,0.0,-2.0052288475052677e-17,1171.8,1.5360983102918586,10,0.0,True,10,0.7,0.5,0.2365895936154873,0.2,0.05668094798069332,0.0,-2.0052288475052677e-17,0.0,-2.0052288475052677e-17,1135.7,2.218895835167738,10,0.0,True,0,,,,,,,,,,,,0,,0.0569213145122567,17.568111498631552,2026-10-08T23:21:15.963886+00:00,pregame,experimental
2026020071,2026-10-10,8474568,Luke Schenn,VAN,NJD,0,1,2026-10-10T19:30:00Z,effectif actuel ; participation non confirmée,21,5,0.6,0.4,0.11761823115925325,0.2,0.036223160969787456,0.0,-3.139202815737979e-17,0.0,-3.139202815737979e-17,747.8,2.888472853704199,5,0.0,10,0.6,0.4,0.16817758120350967,0.2,0.05668094798069332,0.0,-2.0052288475052677e-17,0.0,-2.0052288475052677e-17,773.1,2.7939464493597206,10,0.0,True,9,0.6666666666666666,0.4444444444444444,0.188775429471914,0.2222222222222222,0.0632237623122272,0.0,0.0,0.0,0.0,821.5555555555555,2.9212875304300785,9,0.0,True,1,0.0,0.0,0.0,0.0,0.0,0.0,0.0,0.0,0.0,844.0,0.0,1,0.0,0.04513242310288346,22.157019970330623,2026-10-08T23:21:15.963886+00:00,pregame,experimental
2026020071,2026-10-10,8475455,Brenden Dillon,NJD,VAN,1,1,2026-10-10T19:30:00Z,effectif actuel ; participation non confirmée,37,5,0.4,0.2,0.036223160969787456,0.2,0.036223160969787456,0.0,-3.139202815737979e-17,0.0,-3.139202815737979e-17,965.4,1.4916096954630205,5,0.0,10,0.5,0.3,0.10778928748621182,0.2,0.05668094798069332,0.0,-2.0052288475052677e-17,0.0,-2.0052288475052677e-17,1017.7,1.768694114179031,10,0.0,True,10,0.5,0.4,0.16817758120350967,0.1,0.01787574951572113,0.0,-2.0052288475052677e-17,0.0,-2.0052288475052677e-17,1031.6,1.7448623497479643,10,0.0,True,0,,,,,,,,,,,,0,,0.041888763727805936,23.872750375208515,2026-10-08T23:21:15.963886+00:00,pregame,experimental
2026020071,2026-10-10,8483768,Victor Mancini,VAN,NJD,0,1,2026-10-10T19:30:00Z,effectif actuel ; participation non confirmée,15,5,1.2,0.8,0.37552826411853885,0.2,0.036223160969787456,0.2,0.036223160969787456,0.0,-3.139202815737979e-17,799.4,5.404053039779835,5,0.0,10,0.8,0.5,0.2365895936154873,0.2,0.05668094798069332,0.1,0.01787574951572113,0.0,-2.0052288475052677e-17,857.1,3.36016800840042,10,0.0,True,5,0.8,0.4,0.11761823115925325,0.2,0.036223160969787456,0.2,0.036223160969787456,0.0,-3.139202815737979e-17,781.2,3.686635944700461,5,0.0,True,0,,,,,,,,,,,,0,,0.040417758487821726,24.741599668405907,2026-10-08T23:21:15.963886+00:00,pregame,experimental
2026020071,2026-10-10,8480990,Declan Chisholm,NJD,VAN,1,1,2026-10-10T19:30:00Z,effectif actuel ; participation non confirmée,12,5,0.4,0.2,0.036223160969787456,0.2,0.036223160969787456,0.0,-3.139202815737979e-17,0.0,-3.139202815737979e-17,815.0,1.7668711656441718,5,0.0,10,0.6,0.4,0.16817758120350967,0.2,0.05668094798069332,0.0,-2.0052288475052677e-17,0.0,-2.0052288475052677e-17,758.8,2.846599894570374,10,0.1,True,6,0.5,0.3333333333333333,0.09676933255921684,0.16666666666666666,0.030052585871730285,0.0,0.0,0.0,0.0,798.0,2.255639097744361,6,0.0,True,0,,,,,,,,,,,,0,,0.04037371779793729,24.768588441738462,2026-10-08T23:21:15.963886+00:00,pregame,experimental
2026020071,2026-10-10,8483678,Elias Pettersson,VAN,NJD,0,1,2026-10-10T19:30:00Z,effectif actuel ; participation non confirmée,36,5,0.8,0.6,0.23071993220883702,0.2,0.036223160969787456,0.0,-3.139202815737979e-17,0.0,-3.139202815737979e-17,948.4,3.036693378321383,5,0.2,10,0.7,0.5,0.2365895936154873,0.2,0.05668094798069332,0.0,-2.0052288475052677e-17,0.0,-2.0052288475052677e-17,916.1,2.750791398318961,10,0.2,True,10,0.7,0.5,0.2365895936154873,0.2,0.05668094798069332,0.0,-2.0052288475052677e-17,0.0,-2.0052288475052677e-17,949.3,2.6545875908564205,10,0.0,True,0,,,,,,,,,,,,0,,0.04029397510390815,24.817606042125366,2026-10-08T23:21:15.963886+00:00,pregame,experimental
2026020071,2026-10-10,8483695,Amadeus Lombardi,NJD,VAN,1,0,2026-10-10T19:30:00Z,effectif actuel ; participation non confirmée,3,3,1.3333333333333333,0.6666666666666666,0.20765495512648788,0.3333333333333333,0.061490315276160515,0.3333333333333333,0.061490315276160515,0.0,0.0,529.3333333333334,9.06801007556675,3,0.0,3,1.3333333333333333,0.6666666666666666,0.20765495512648788,0.3333333333333333,0.061490315276160515,0.3333333333333333,0.061490315276160515,0.0,0.0,529.3333333333334,9.06801007556675,3,0.0,True,2,1.5,0.5,0.09452865480086611,0.5,0.09452865480086611,0.5,0.09452865480086611,0.0,0.0,547.5,9.863013698630137,2,0.0,True,0,,,,,,,,,,,,0,,,,2026-10-08T23:21:15.963886+00:00,pregame,historique insuffisant
2026020071,2026-10-10,8476474,Stefan Noesen,NJD,VAN,1,0,2026-10-10T19:30:00Z,effectif actuel ; participation non confirmée,2,2,1.0,0.5,0.09452865480086611,0.5,0.09452865480086611,0.0,0.0,0.0,0.0,444.0,8.108108108108109,2,0.0,2,1.0,0.5,0.09452865480086611,0.5,0.09452865480086611,0.0,0.0,0.0,0.0,444.0,8.108108108108109,2,0.0,True,1,0.0,0.0,0.0,0.0,0.0,0.0,0.0,0.0,0.0,360.0,0.0,1,0.0,True,0,,,,,,,,,,,,0,,,,2026-10-08T23:21:15.963886+00:00,pregame,historique insuffisant
2026020071,2026-10-10,8483395,Arshdeep Bains,VAN,NJD,0,0,2026-10-10T19:30:00Z,effectif actuel ; participation non confirmée,4,4,0.75,0.5,0.15003570882017145,0.25,0.045586062644636216,0.0,0.0,0.0,0.0,712.25,3.790803790803791,4,0.25,4,0.75,0.5,0.15003570882017145,0.25,0.045586062644636216,0.0,0.0,0.0,0.0,712.25,3.790803790803791,4,0.25,True,1,0.0,0.0,0.0,0.0,0.0,0.0,0.0,0.0,0.0,652.0,0.0,1,0.0,True,0,,,,,,,,,,,,0,,,,2026-10-08T23:21:15.963886+00:00,pregame,historique insuffisant
2026020071,2026-10-10,8478465,Guillaume Brisebois,VAN,NJD,0,1,2026-10-10T19:30:00Z,effectif actuel ; participation non confirmée,0,0,,,,,,,,,,,,0,,0,,,,,,,,,,,,0,,True,0,,,,,,,,,,,,0,,True,0,,,,,,,,,,,,0,,,,2026-10-08T23:21:15.963886+00:00,pregame,historique insuffisant
2026020072,2026-10-10,8478402,Connor McDavid,EDM,SJS,0,0,2026-10-10T20:00:00Z,effectif actuel ; participation non confirmée,37,5,2.2,0.8,0.37552826411853885,0.6,0.23071993220883702,0.6,0.23071993220883702,0.2,0.036223160969787456,1367.6,5.791167007897046,5,0.6,10,3.4,0.9,0.5958436145024278,0.7,0.3967732199795652,0.7,0.3967732199795652,0.5,0.2365895936154873,1412.3,8.666713870990582,10,0.6,True,10,3.3,1.0,0.7224598312333834,0.7,0.3967732199795652,0.6,0.3126695474501863,0.5,0.2365895936154873,1366.3,8.695015735929152,10,0.8,True,2,5.5,1.0,0.3423719528896193,1.0,0.3423719528896193,1.0,0.3423719528896193,0.5,0.09452865480086611,1282.0,15.444617784711388,2,0.5,0.27056243161254856,3.6960046302068363,2026-10-08T23:21:15.963886+00:00,pregame,experimental
2026020072,2026-10-10,8475786,Zach Hyman,EDM,SJS,0,0,2026-10-10T20:00:00Z,effectif actuel ; participation non confirmée,29,5,1.6,0.8,0.37552826411853885,0.4,0.11761823115925325,0.4,0.11761823115925325,0.0,-3.139202815737979e-17,1089.6,5.286343612334802,5,0.2,10,1.5,0.8,0.49015684672072346,0.4,0.16817758120350967,0.3,0.10778928748621182,0.0,-2.0052288475052677e-17,1124.7,4.80128034142438,10,0.3,True,10,2.0,0.8,0.49015684672072346,0.6,0.3126695474501863,0.3,0.10778928748621182,0.1,0.01787574951572113,1218.5,5.908904390644235,10,0.3,True,1,1.0,1.0,0.20654329147389294,0.0,0.0,0.0,0.0,0.0,0.0,1257.0,2.863961813842482,1,0.0,0.26944481056904623,3.7113351631752667,2026-10-08T23:21:15.963886+00:00,pregame,experimental
2026020072,2026-10-10,8484994,Igor Chernyshov,SJS,EDM,1,0,2026-10-10T20:00:00Z,effectif actuel ; participation non confirmée,17,5,1.0,0.6,0.23071993220883702,0.4,0.11761823115925325,0.0,-3.139202815737979e-17,0.0,-3.139202815737979e-17,895.0,4.022346368715084,5,0.4,10,1.5,0.7,0.3967732199795652,0.5,0.2365895936154873,0.2,0.05668094798069332,0.1,0.01787574951572113,880.3,6.134272407133931,10,0.4,True,8,1.5,0.75,0.40926987910258916,0.5,0.2152125268244419,0.125,0.02241690886329618,0.125,0.02241690886329618,901.5,5.990016638935108,8,0.25,True,1,0.0,0.0,0.0,0.0,0.0,0.0,0.0,0.0,0.0,625.0,0.0,1,0.0,0.23297482765106436,4.292309216761133,2026-10-08T23:21:15.963886+00:00,pregame,experimental
2026020072,2026-10-10,8483512,Matt Savoie,EDM,SJS,0,0,2026-10-10T20:00:00Z,effectif actuel ; participation non confirmée,33,5,2.6,0.8,0.37552826411853885,0.6,0.23071993220883702,0.6,0.23071993220883702,0.2,0.036223160969787456,1038.2,9.015603929878637,5,0.2,10,3.0,0.9,0.5958436145024278,0.7,0.3967732199795652,0.7,0.3967732199795652,0.4,0.16817758120350967,1108.3,9.744653974555625,10,0.4,True,10,2.4,0.7,0.3967732199795652,0.7,0.3967732199795652,0.6,0.3126695474501863,0.3,0.10778928748621182,970.8,8.899876390605685,10,0.2,True,2,3.0,1.0,0.3423719528896193,1.0,0.3423719528896193,1.0,0.3423719528896193,0.0,0.0,904.5,11.940298507462687,2,0.0,0.2324107230905376,4.302727458966863,2026-10-08T23:21:15.963886+00:00,pregame,experimental
2026020072,2026-10-10,8481617,Vasily Podkolzin,EDM,SJS,0,0,2026-10-10T20:00:00Z,effectif actuel ; participation non confirmée,37,5,3.8,1.0,0.565508505247919,1.0,0.565508505247919,0.8,0.37552826411853885,0.4,0.11761823115925325,1104.2,12.389059952907083,5,0.6,10,3.0,1.0,0.7224598312333834,0.9,0.5958436145024278,0.6,0.3126695474501863,0.2,0.05668094798069332,1054.8,10.238907849829351,10,0.5,True,10,2.0,0.9,0.5958436145024278,0.6,0.3126695474501863,0.4,0.16817758120350967,0.1,0.01787574951572113,1003.0,7.178464606181455,10,0.4,True,2,1.5,0.5,0.09452865480086611,0.5,0.09452865480086611,0.5,0.09452865480086611,0.0,0.0,929.0,5.8127018299246505,2,0.5,0.22906182179336385,4.365633662435889,2026-10-08T23:21:15.963886+00:00,pregame,experimental
2026020072,2026-10-10,8477934,Leon Draisaitl,EDM,SJS,0,0,2026-10-10T20:00:00Z,effectif actuel ; participation non confirmée,21,5,4.0,1.0,0.565508505247919,1.0,0.565508505247919,0.6,0.23071993220883702,0.6,0.23071993220883702,1058.4,13.605442176870747,5,0.6,10,3.0,0.8,0.49015684672072346,0.8,0.49015684672072346,0.5,0.2365895936154873,0.4,0.16817758120350967,1153.1,9.366056716676784,10,0.4,True,10,3.1,0.9,0.5958436145024278,0.8,0.49015684672072346,0.6,0.3126695474501863,0.4,0.16817758120350967,1229.0,9.080553295362083,10,0.5,True,1,5.0,1.0,0.20654329147389294,1.0,0.20654329147389294,1.0,0.20654329147389294,1.0,0.20654329147389294,1307.0,13.771996939556235,1,1.0,0.21462182820034276,4.659358315904994,2026-10-08T23:21:15.963886+00:00,pregame,experimental
2026020072,2026-10-10,8484801,Macklin Celebrini,SJS,EDM,1,0,2026-10-10T20:00:00Z,effectif actuel ; participation non confirmée,37,5,3.4,1.0,0.565508505247919,1.0,0.565508505247919,0.6,0.23071993220883702,0.2,0.036223160969787456,1173.6,10.429447852760736,5,0.4,10,3.6,1.0,0.7224598312333834,1.0,0.7224598312333834,0.7,0.3967732199795652,0.4,0.16817758120350967,1258.9,10.294701723727064,10,0.4,True,10,4.4,1.0,0.7224598312333834,1.0,0.7224598312333834,0.9,0.5958436145024278,0.7,0.3967732199795652,1343.1,11.793611793611793,10,0.4,True,2,5.5,1.0,0.3423719528896193,1.0,0.3423719528896193,1.0,0.3423719528896193,1.0,0.3423719528896193,1292.5,15.319148936170214,2,1.0,0.21118054007532502,4.73528479301793,2026-10-08T23:21:15.963886+00:00,pregame,experimental
2026020072,2026-10-10,8476454,Ryan Nugent-Hopkins,EDM,SJS,0,0,2026-10-10T20:00:00Z,effectif actuel ; participation non confirmée,32,5,2.2,1.0,0.565508505247919,0.6,0.23071993220883702,0.4,0.11761823115925325,0.2,0.036223160969787456,1124.6,7.042504001422728,5,0.4,10,2.3,1.0,0.7224598312333834,0.6,0.3126695474501863,0.4,0.16817758120350967,0.3,0.10778928748621182,1130.4,7.32484076433121,10,0.2,True,10,2.3,1.0,0.7224598312333834,0.8,0.49015684672072346,0.4,0.16817758120350967,0.1,0.01787574951572113,1104.0,7.5,10,0.2,True,2,2.0,1.0,0.3423719528896193,1.0,0.3423719528896193,0.0,0.0,0.0,0.0,1114.0,6.4631956912028725,2,0.0,0.21029288709989638,4.755272580974008,2026-10-08T23:21:15.963886+00:00,pregame,experimental
2026020072,2026-10-10,8477505,Alexander Wennberg,SJS,EDM,1,0,2026-10-10T20:00:00Z,effectif actuel ; participation non confirmée,36,5,1.0,0.6,0.23071993220883702,0.2,0.036223160969787456,0.2,0.036223160969787456,0.0,-3.139202815737979e-17,1186.4,3.034389750505732,5,0.0,10,1.1,0.7,0.3967732199795652,0.3,0.10778928748621182,0.1,0.01787574951572113,0.0,-2.0052288475052677e-17,1180.4,3.354794984750932,10,0.1,True,10,1.4,0.9,0.5958436145024278,0.4,0.16817758120350967,0.1,0.01787574951572113,0.0,-2.0052288475052677e-17,1236.9,4.074702886247878,10,0.3,True,2,0.5,0.5,0.09452865480086611,0.0,0.0,0.0,0.0,0.0,0.0,1181.0,1.5241320914479255,2,0.5,0.20746195752026647,4.820160823471997,2026-10-08T23:21:15.963886+00:00,pregame,experimental
2026020072,2026-10-10,8478975,Mason Marchment,SJS,EDM,1,0,2026-10-10T20:00:00Z,effectif actuel ; participation non confirmée,35,5,2.2,1.0,0.565508505247919,0.6,0.23071993220883702,0.4,0.11761823115925325,0.2,0.036223160969787456,1010.0,7.841584158415841,5,0.4,10,1.7,0.8,0.49015684672072346,0.5,0.2365895936154873,0.3,0.10778928748621182,0.1,0.01787574951572113,1027.7,5.955045246667315,10,0.2,True,10,1.9,0.9,0.5958436145024278,0.7,0.3967732199795652,0.2,0.05668094798069332,0.1,0.01787574951572113,1001.4,6.8304373876572795,10,0.3,True,0,,,,,,,,,,,,0,,0.1907138949189074,5.24345643732569,2026-10-08T23:21:15.963886+00:00,pregame,experimental
2026020072,2026-10-10,8484227,Will Smith,SJS,EDM,1,0,2026-10-10T20:00:00Z,effectif actuel ; participation non confirmée,38,5,2.0,0.6,0.23071993220883702,0.6,0.23071993220883702,0.4,0.11761823115925325,0.2,0.036223160969787456,1055.0,6.8246445497630335,5,0.4,10,1.9,0.7,0.3967732199795652,0.6,0.3126695474501863,0.3,0.10778928748621182,0.2,0.05668094798069332,1081.4,6.325134085444794,10,0.3,True,10,2.6,1.0,0.7224598312333834,0.8,0.49015684672072346,0.5,0.2365895936154873,0.2,0.05668094798069332,1166.9,8.021252892278687,10,0.3,True,2,2.0,1.0,0.3423719528896193,0.5,0.09452865480086611,0.5,0.09452865480086611,0.0,0.0,1121.5,6.4199732501114575,2,0.0,0.1893628828555278,5.280865948597426,2026-10-08T23:21:15.963886+00:00,pregame,experimental
2026020072,2026-10-10,8477450,Jason Dickinson,EDM,SJS,0,0,2026-10-10T20:00:00Z,effectif actuel ; participation non confirmée,30,5,1.2,0.8,0.37552826411853885,0.4,0.11761823115925325,0.0,-3.139202815737979e-17,0.0,-3.139202815737979e-17,793.8,5.442176870748299,5,0.0,10,1.2,0.8,0.49015684672072346,0.4,0.16817758120350967,0.0,-2.0052288475052677e-17,0.0,-2.0052288475052677e-17,858.2,5.033791656956421,10,0.0,True,10,1.0,0.7,0.3967732199795652,0.3,0.10778928748621182,0.0,-2.0052288475052677e-17,0.0,-2.0052288475052677e-17,864.1,4.166184469390117,10,0.1,True,1,0.0,0.0,0.0,0.0,0.0,0.0,0.0,0.0,0.0,726.0,0.0,1,0.0,0.1753775643288596,5.701983625025422,2026-10-08T23:21:15.963886+00:00,pregame,experimental
2026020072,2026-10-10,8482703,Colton Dach,EDM,SJS,0,0,2026-10-10T20:00:00Z,effectif actuel ; participation non confirmée,17,5,1.2,0.8,0.37552826411853885,0.4,0.11761823115925325,0.0,-3.139202815737979e-17,0.0,-3.139202815737979e-17,788.0,5.482233502538071,5,0.2,10,1.1,0.6,0.3126695474501863,0.4,0.16817758120350967,0.1,0.01787574951572113,0.0,-2.0052288475052677e-17,670.5,5.906040268456376,10,0.2,True,10,1.0,0.5,0.2365895936154873,0.4,0.16817758120350967,0.1,0.01787574951572113,0.0,-2.0052288475052677e-17,560.5,6.422836752899197,10,0.1,True,1,0.0,0.0,0.0,0.0,0.0,0.0,0.0,0.0,0.0,747.0,0.0,1,0.0,0.17352734103356987,5.762780631822994,2026-10-08T23:21:15.963886+00:00,pregame,experimental
2026020072,2026-10-10,8477953,Kasperi Kapanen,EDM,SJS,0,0,2026-10-10T20:00:00Z,effectif actuel ; participation non confirmée,32,5,1.8,1.0,0.565508505247919,0.4,0.11761823115925325,0.4,0.11761823115925325,0.0,-3.139202815737979e-17,1010.0,6.415841584158416,5,0.4,10,1.5,1.0,0.7224598312333834,0.3,0.10778928748621182,0.2,0.05668094798069332,0.0,-2.0052288475052677e-17,973.2,5.548705302096177,10,0.2,True,10,1.3,0.8,0.49015684672072346,0.3,0.10778928748621182,0.2,0.05668094798069332,0.0,-2.0052288475052677e-17,966.9,4.840210983555694,10,0.3,True,2,0.5,0.5,0.09452865480086611,0.0,0.0,0.0,0.0,0.0,0.0,908.5,1.9812878370941112,2,0.0,0.1730942817761398,5.77719835536384,2026-10-08T23:21:15.963886+00:00,pregame,experimental
2026020072,2026-10-10,8478874,Adam Gaudette,SJS,EDM,1,0,2026-10-10T20:00:00Z,effectif actuel ; participation non confirmée,28,5,1.0,0.4,0.11761823115925325,0.4,0.11761823115925325,0.2,0.036223160969787456,0.0,-3.139202815737979e-17,605.4,5.946481665014867,5,0.0,10,1.2,0.5,0.2365895936154873,0.4,0.16817758120350967,0.3,0.10778928748621182,0.0,-2.0052288475052677e-17,600.2,7.197600799733422,10,0.2,True,10,1.2,0.5,0.2365895936154873,0.4,0.16817758120350967,0.3,0.10778928748621182,0.0,-2.0052288475052677e-17,637.5,6.776470588235294,10,0.2,True,1,0.0,0.0,0.0,0.0,0.0,0.0,0.0,0.0,0.0,627.0,0.0,1,0.0,0.15300355122488737,6.535796012539487,2026-10-08T23:21:15.963886+00:00,pregame,experimental
2026020072,2026-10-10,8480848,Ty Dellandrea,SJS,EDM,1,0,2026-10-10T20:00:00Z,effectif actuel ; participation non confirmée,5,5,1.2,0.4,0.11761823115925325,0.4,0.11761823115925325,0.4,0.11761823115925325,0.0,-3.139202815737979e-17,745.2,5.797101449275362,5,0.0,5,1.2,0.4,0.11761823115925325,0.4,0.11761823115925325,0.4,0.11761823115925325,0.0,-3.139202815737979e-17,745.2,5.797101449275362,5,0.0,True,2,1.5,0.5,0.09452865480086611,0.5,0.09452865480086611,0.5,0.09452865480086611,0.0,0.0,568.0,9.507042253521126,2,0.0,True,0,,,,,,,,,,,,0,,0.14722332515962402,6.792401943888779,2026-10-08T23:21:15.963886+00:00,pregame,experimental
2026020072,2026-10-10,8475726,Tyler Toffoli,SJS,EDM,1,0,2026-10-10T20:00:00Z,effectif actuel ; participation non confirmée,35,5,1.6,0.8,0.37552826411853885,0.4,0.11761823115925325,0.4,0.11761823115925325,0.0,-3.139202815737979e-17,768.4,7.496095783446122,5,0.2,10,1.9,0.9,0.5958436145024278,0.6,0.3126695474501863,0.3,0.10778928748621182,0.1,0.01787574951572113,784.9,8.714485921773475,10,0.2,True,10,1.9,1.0,0.7224598312333834,0.5,0.2365895936154873,0.3,0.10778928748621182,0.1,0.01787574951572113,721.2,9.484193011647255,10,0.2,True,2,1.5,1.0,0.3423719528896193,0.5,0.09452865480086611,0.0,0.0,0.0,0.0,735.5,7.341944255608429,2,0.0,0.13758974269817745,7.267983647542981,2026-10-08T23:21:15.963886+00:00,pregame,experimental
2026020072,2026-10-10,8484911,Collin Graf,SJS,EDM,1,0,2026-10-10T20:00:00Z,effectif actuel ; participation non confirmée,38,5,0.8,0.6,0.23071993220883702,0.2,0.036223160969787456,0.0,-3.139202815737979e-17,0.0,-3.139202815737979e-17,950.2,3.030940854556935,5,0.2,10,0.8,0.6,0.3126695474501863,0.2,0.05668094798069332,0.0,-2.0052288475052677e-17,0.0,-2.0052288475052677e-17,992.8,2.9008863819500403,10,0.1,True,10,1.2,0.8,0.49015684672072346,0.3,0.10778928748621182,0.1,0.01787574951572113,0.0,-2.0052288475052677e-17,948.0,4.556962025316456,10,0.1,True,2,1.0,0.5,0.09452865480086611,0.5,0.09452865480086611,0.0,0.0,0.0,0.0,1019.0,3.5328753680078506,2,0.0,0.1345629442870452,7.431466406285175,2026-10-08T23:21:15.963886+00:00,pregame,experimental
2026020072,2026-10-10,8480748,Kiefer Sherwood,SJS,EDM,1,0,2026-10-10T20:00:00Z,effectif actuel ; participation non confirmée,31,5,1.6,0.8,0.37552826411853885,0.4,0.11761823115925325,0.2,0.036223160969787456,0.2,0.036223160969787456,878.8,6.554392353208922,5,0.2,10,1.7,0.9,0.5958436145024278,0.5,0.2365895936154873,0.2,0.05668094798069332,0.1,0.01787574951572113,942.8,6.491302503182011,10,0.3,True,10,1.9,1.0,0.7224598312333834,0.5,0.2365895936154873,0.2,0.05668094798069332,0.1,0.01787574951572113,933.7,7.325693477562386,10,0.3,True,2,3.5,1.0,0.3423719528896193,1.0,0.3423719528896193,0.5,0.09452865480086611,0.5,0.09452865480086611,1110.5,11.34624043223773,2,0.5,0.1274813342113723,7.844285645316005,2026-10-08T23:21:15.963886+00:00,pregame,experimental
2026020072,2026-10-10,8483455,Isaac Howard,EDM,SJS,0,0,2026-10-10T20:00:00Z,effectif actuel ; participation non confirmée,9,5,1.6,0.8,0.37552826411853885,0.4,0.11761823115925325,0.4,0.11761823115925325,0.0,-3.139202815737979e-17,605.4,9.514370664023787,5,0.0,9,1.4444444444444444,0.7777777777777778,0.4525833436728054,0.3333333333333333,0.12058159868274292,0.3333333333333333,0.12058159868274292,0.0,0.0,673.2222222222222,7.724046872421192,9,0.0,True,2,1.5,0.5,0.09452865480086611,0.5,0.09452865480086611,0.5,0.09452865480086611,0.0,0.0,631.5,8.551068883610451,2,0.0,True,0,,,,,,,,,,,,0,,0.1250069179756516,7.999557274060435,2026-10-08T23:21:15.963886+00:00,pregame,experimental
2026020072,2026-10-10,8479368,Max Jones,EDM,SJS,0,0,2026-10-10T20:00:00Z,effectif actuel ; participation non confirmée,17,5,0.8,0.6,0.23071993220883702,0.2,0.036223160969787456,0.0,-3.139202815737979e-17,0.0,-3.139202815737979e-17,517.8,5.5619930475086905,5,0.0,10,0.8,0.5,0.2365895936154873,0.2,0.05668094798069332,0.1,0.01787574951572113,0.0,-2.0052288475052677e-17,551.2,5.2249637155297535,10,0.1,True,8,0.375,0.25,0.07147768885802765,0.125,0.02241690886329618,0.0,0.0,0.0,0.0,487.0,2.7720739219712525,8,0.0,True,1,0.0,0.0,0.0,0.0,0.0,0.0,0.0,0.0,0.0,622.0,0.0,1,0.0,0.11949324761146851,8.368673711601623,2026-10-08T23:21:15.963886+00:00,pregame,experimental
2026020072,2026-10-10,8480803,Evan Bouchard,EDM,SJS,0,1,2026-10-10T20:00:00Z,effectif actuel ; participation non confirmée,37,5,3.6,1.0,0.565508505247919,1.0,0.565508505247919,0.6,0.23071993220883702,0.6,0.23071993220883702,1464.8,8.847624249044237,5,0.6,10,2.6,0.8,0.49015684672072346,0.7,0.3967732199795652,0.5,0.2365895936154873,0.4,0.16817758120350967,1496.6,6.254176132567152,10,0.4,True,10,2.7,0.8,0.49015684672072346,0.7,0.3967732199795652,0.6,0.3126695474501863,0.4,0.16817758120350967,1461.3,6.651611578731266,10,0.4,True,2,1.5,0.5,0.09452865480086611,0.5,0.09452865480086611,0.5,0.09452865480086611,0.0,0.0,1378.0,3.918722786647315,2,0.5,0.11751598792555419,8.509480434555808,2026-10-08T23:21:15.963886+00:00,pregame,experimental
2026020072,2026-10-10,8478472,Mathieu Joseph,EDM,SJS,0,0,2026-10-10T20:00:00Z,effectif actuel ; participation non confirmée,20,5,0.8,0.6,0.23071993220883702,0.2,0.036223160969787456,0.0,-3.139202815737979e-17,0.0,-3.139202815737979e-17,820.8,3.508771929824561,5,0.0,10,0.6,0.5,0.2365895936154873,0.1,0.01787574951572113,0.0,-2.0052288475052677e-17,0.0,-2.0052288475052677e-17,632.1,3.4171808258186998,10,0.0,True,10,0.8,0.6,0.3126695474501863,0.2,0.05668094798069332,0.0,-2.0052288475052677e-17,0.0,-2.0052288475052677e-17,689.6,4.176334106728539,10,0.0,True,0,,,,,,,,,,,,0,,0.11496159618245451,8.698557024320618,2026-10-08T23:21:15.963886+00:00,pregame,experimental
2026020072,2026-10-10,8484152,Luca Cagnoni,SJS,EDM,1,1,2026-10-10T20:00:00Z,effectif actuel ; participation non confirmée,6,5,1.8,0.8,0.37552826411853885,0.6,0.23071993220883702,0.4,0.11761823115925325,0.0,-3.139202815737979e-17,1210.2,5.354486861675756,5,0.2,6,1.6666666666666667,0.8333333333333334,0.4364905634363539,0.5,0.1876128068994087,0.3333333333333333,0.09676933255921684,0.0,0.0,1157.3333333333333,5.184331797235023,6,0.16666666666666666,True,2,3.0,1.0,0.3423719528896193,1.0,0.3423719528896193,1.0,0.3423719528896193,0.0,0.0,1279.0,8.444096950742768,2,0.5,True,0,,,,,,,,,,,,0,,0.10885811031715444,9.186270063723628,2026-10-08T23:21:15.963886+00:00,pregame,experimental
2026020072,2026-10-10,8482859,Zack Ostapchuk,SJS,EDM,1,0,2026-10-10T20:00:00Z,effectif actuel ; participation non confirmée,37,5,1.4,0.8,0.37552826411853885,0.4,0.11761823115925325,0.2,0.036223160969787456,0.0,-3.139202815737979e-17,706.2,7.13678844519966,5,0.0,10,0.9,0.6,0.3126695474501863,0.2,0.05668094798069332,0.1,0.01787574951572113,0.0,-2.0052288475052677e-17,657.7,4.926258172419036,10,0.0,True,10,0.8,0.5,0.2365895936154873,0.2,0.05668094798069332,0.1,0.01787574951572113,0.0,-2.0052288475052677e-17,629.4,4.575786463298379,10,0.1,True,2,0.5,0.5,0.09452865480086611,0.0,0.0,0.0,0.0,0.0,0.0,651.5,2.762854950115119,2,0.0,0.10397337156661807,9.617847194262405,2026-10-08T23:21:15.963886+00:00,pregame,experimental
2026020072,2026-10-10,8485402,Michael Misa,SJS,EDM,1,0,2026-10-10T20:00:00Z,effectif actuel ; participation non confirmée,38,5,2.2,0.6,0.23071993220883702,0.6,0.23071993220883702,0.4,0.11761823115925325,0.4,0.11761823115925325,832.2,9.516943042537852,5,0.4,10,1.6,0.6,0.3126695474501863,0.4,0.16817758120350967,0.3,0.10778928748621182,0.2,0.05668094798069332,781.5,7.370441458733206,10,0.2,True,10,1.1,0.5,0.2365895936154873,0.3,0.10778928748621182,0.2,0.05668094798069332,0.1,0.01787574951572113,778.5,5.086705202312139,10,0.0,True,2,2.0,1.0,0.3423719528896193,0.5,0.09452865480086611,0.5,0.09452865480086611,0.0,0.0,715.0,10.06993006993007,2,0.5,0.10316939583619726,9.692796898682111,2026-10-08T23:21:15.963886+00:00,pregame,experimental
2026020072,2026-10-10,8484509,Josh Samanski,EDM,SJS,0,0,2026-10-10T20:00:00Z,effectif actuel ; participation non confirmée,27,5,0.4,0.4,0.11761823115925325,0.0,-3.139202815737979e-17,0.0,-3.139202815737979e-17,0.0,-3.139202815737979e-17,628.2,2.292263610315186,5,0.2,10,0.6,0.5,0.2365895936154873,0.1,0.01787574951572113,0.0,-2.0052288475052677e-17,0.0,-2.0052288475052677e-17,632.6,3.414479924122668,10,0.1,True,10,0.3,0.2,0.05668094798069332,0.1,0.01787574951572113,0.0,-2.0052288475052677e-17,0.0,-2.0052288475052677e-17,616.3,1.7523933149440207,10,0.0,True,1,2.0,1.0,0.20654329147389294,1.0,0.20654329147389294,0.0,0.0,0.0,0.0,679.0,10.603829160530191,1,0.0,0.09265972925047504,10.792174854049374,2026-10-08T23:21:15.963886+00:00,pregame,experimental
2026020072,2026-10-10,8477498,Darnell Nurse,SJS,EDM,1,1,2026-10-10T20:00:00Z,effectif actuel ; participation non confirmée,36,5,1.4,0.6,0.23071993220883702,0.6,0.23071993220883702,0.2,0.036223160969787456,0.0,-3.139202815737979e-17,1272.0,3.9622641509433962,5,0.0,10,1.8,0.8,0.49015684672072346,0.6,0.3126695474501863,0.2,0.05668094798069332,0.1,0.01787574951572113,1285.9,5.039272105140369,10,0.0,True,10,1.9,0.7,0.3967732199795652,0.6,0.3126695474501863,0.3,0.10778928748621182,0.2,0.05668094798069332,1269.7,5.387099314798771,10,0.0,True,0,,,,,,,,,,,,0,,0.09203255700630208,10.86572005091115,2026-10-08T23:21:15.963886+00:00,pregame,experimental
2026020072,2026-10-10,8479365,Trent Frederic,EDM,SJS,0,0,2026-10-10T20:00:00Z,effectif actuel ; participation non confirmée,31,5,0.8,0.6,0.23071993220883702,0.2,0.036223160969787456,0.0,-3.139202815737979e-17,0.0,-3.139202815737979e-17,656.2,4.388905821395916,5,0.2,10,1.3,0.8,0.49015684672072346,0.4,0.16817758120350967,0.1,0.01787574951572113,0.0,-2.0052288475052677e-17,740.7,6.318347509113001,10,0.1,True,10,1.4,0.8,0.49015684672072346,0.6,0.3126695474501863,0.0,-2.0052288475052677e-17,0.0,-2.0052288475052677e-17,721.9,6.981576395622662,10,0.3,True,2,1.5,1.0,0.3423719528896193,0.5,0.09452865480086611,0.0,0.0,0.0,0.0,834.0,6.474820143884892,2,0.5,0.08981846409681761,11.133568248529329,2026-10-08T23:21:15.963886+00:00,pregame,experimental
2026020072,2026-10-10,8476624,Barclay Goodrow,SJS,EDM,1,0,2026-10-10T20:00:00Z,effectif actuel ; participation non confirmée,38,5,0.2,0.2,0.036223160969787456,0.0,-3.139202815737979e-17,0.0,-3.139202815737979e-17,0.0,-3.139202815737979e-17,763.2,0.9433962264150944,5,0.0,10,0.4,0.3,0.10778928748621182,0.1,0.01787574951572113,0.0,-2.0052288475052677e-17,0.0,-2.0052288475052677e-17,719.4,2.0016680567139282,10,0.0,True,10,0.4,0.4,0.16817758120350967,0.0,-2.0052288475052677e-17,0.0,-2.0052288475052677e-17,0.0,-2.0052288475052677e-17,696.9,2.0662935858803273,10,0.0,True,2,0.5,0.5,0.09452865480086611,0.0,0.0,0.0,0.0,0.0,0.0,678.0,2.6548672566371683,2,0.5,0.085047890156718,11.758081219384714,2026-10-08T23:21:15.963886+00:00,pregame,experimental
2026020072,2026-10-10,8476885,Jacob Trouba,SJS,EDM,1,1,2026-10-10T20:00:00Z,effectif actuel ; participation non confirmée,37,5,1.0,0.6,0.23071993220883702,0.4,0.11761823115925325,0.0,-3.139202815737979e-17,0.0,-3.139202815737979e-17,1254.4,2.8698979591836733,5,0.0,10,1.6,0.7,0.3967732199795652,0.6,0.3126695474501863,0.2,0.05668094798069332,0.1,0.01787574951572113,1300.0,4.430769230769231,10,0.0,True,10,2.0,0.9,0.5958436145024278,0.8,0.49015684672072346,0.2,0.05668094798069332,0.1,0.01787574951572113,1386.2,5.194055691819362,10,0.0,True,1,4.0,1.0,0.20654329147389294,1.0,0.20654329147389294,1.0,0.20654329147389294,1.0,0.20654329147389294,1198.0,12.020033388981636,1,0.0,0.07900959303244458,12.656690936116568,2026-10-08T23:21:15.963886+00:00,pregame,experimental
2026020072,2026-10-10,8478854,Ryan Shea,EDM,SJS,0,1,2026-10-10T20:00:00Z,effectif actuel ; participation non confirmée,37,5,0.8,0.6,0.23071993220883702,0.2,0.036223160969787456,0.0,-3.139202815737979e-17,0.0,-3.139202815737979e-17,1365.0,2.10989010989011,5,0.2,10,0.8,0.6,0.3126695474501863,0.2,0.05668094798069332,0.0,-2.0052288475052677e-17,0.0,-2.0052288475052677e-17,1268.2,2.2709351837249647,10,0.2,True,10,0.9,0.7,0.3967732199795652,0.2,0.05668094798069332,0.0,-2.0052288475052677e-17,0.0,-2.0052288475052677e-17,1214.7,2.6673252654976536,10,0.2,True,0,,,,,,,,,,,,0,,0.07862052167658885,12.719325421339375,2026-10-08T23:21:15.963886+00:00,pregame,experimental
2026020072,2026-10-10,8476473,Connor Murphy,EDM,SJS,0,1,2026-10-10T20:00:00Z,effectif actuel ; participation non confirmée,36,5,1.0,0.6,0.23071993220883702,0.4,0.11761823115925325,0.0,-3.139202815737979e-17,0.0,-3.139202815737979e-17,1182.4,3.044654939106901,5,0.0,10,0.9,0.6,0.3126695474501863,0.3,0.10778928748621182,0.0,-2.0052288475052677e-17,0.0,-2.0052288475052677e-17,1232.7,2.62837673399854,10,0.0,True,10,0.7,0.6,0.3126695474501863,0.1,0.01787574951572113,0.0,-2.0052288475052677e-17,0.0,-2.0052288475052677e-17,1288.9,1.9551555590038017,10,0.0,True,1,1.0,1.0,0.20654329147389294,0.0,0.0,0.0,0.0,0.0,0.0,1208.0,2.980132450331126,1,0.0,0.07794369831258299,12.829773562830326,2026-10-08T23:21:15.963886+00:00,pregame,experimental
2026020072,2026-10-10,8477406,Mattias Janmark,EDM,SJS,0,0,2026-10-10T20:00:00Z,effectif actuel ; participation non confirmée,10,5,0.0,0.0,-3.139202815737979e-17,0.0,-3.139202815737979e-17,0.0,-3.139202815737979e-17,0.0,-3.139202815737979e-17,468.4,0.0,5,0.0,10,0.1,0.1,0.01787574951572113,0.0,-2.0052288475052677e-17,0.0,-2.0052288475052677e-17,0.0,-2.0052288475052677e-17,632.0,0.569620253164557,10,0.0,True,2,0.0,0.0,0.0,0.0,0.0,0.0,0.0,0.0,0.0,241.0,0.0,2,0.0,True,0,,,,,,,,,,,,0,,0.07237390386569435,13.81713499738413,2026-10-08T23:21:15.963886+00:00,pregame,experimental
2026020072,2026-10-10,8475218,Mattias Ekholm,EDM,SJS,0,1,2026-10-10T20:00:00Z,effectif actuel ; participation non confirmée,37,5,0.6,0.4,0.11761823115925325,0.2,0.036223160969787456,0.0,-3.139202815737979e-17,0.0,-3.139202815737979e-17,1263.2,1.7099430018999366,5,0.0,10,0.7,0.6,0.3126695474501863,0.1,0.01787574951572113,0.0,-2.0052288475052677e-17,0.0,-2.0052288475052677e-17,1240.4,2.0316027088036117,10,0.0,True,10,1.2,0.6,0.3126695474501863,0.3,0.10778928748621182,0.2,0.05668094798069332,0.1,0.01787574951572113,1215.7,3.5535082668421487,10,0.0,True,2,0.0,0.0,0.0,0.0,0.0,0.0,0.0,0.0,0.0,1092.0,0.0,2,0.0,0.06937676610677103,14.414047470315888,2026-10-08T23:21:15.963886+00:00,pregame,experimental
2026020072,2026-10-10,8480891,Michael Kesselring,SJS,EDM,1,1,2026-10-10T20:00:00Z,effectif actuel ; participation non confirmée,20,5,1.0,0.6,0.23071993220883702,0.2,0.036223160969787456,0.2,0.036223160969787456,0.0,-3.139202815737979e-17,1050.2,3.4279184917158636,5,0.0,10,1.4,0.8,0.49015684672072346,0.4,0.16817758120350967,0.2,0.05668094798069332,0.0,-2.0052288475052677e-17,860.8,5.855018587360595,10,0.0,True,10,1.1,0.7,0.3967732199795652,0.3,0.10778928748621182,0.1,0.01787574951572113,0.0,-2.0052288475052677e-17,782.1,5.063291139240507,10,0.0,True,0,,,,,,,,,,,,0,,0.06097090336002816,16.4012659299975,2026-10-08T23:21:15.963886+00:00,pregame,experimental
2026020072,2026-10-10,8475200,Dmitry Orlov,SJS,EDM,1,1,2026-10-10T20:00:00Z,effectif actuel ; participation non confirmée,38,5,0.6,0.6,0.23071993220883702,0.0,-3.139202815737979e-17,0.0,-3.139202815737979e-17,0.0,-3.139202815737979e-17,1085.0,1.9907834101382489,5,0.0,10,1.2,0.6,0.3126695474501863,0.3,0.10778928748621182,0.2,0.05668094798069332,0.1,0.01787574951572113,1176.2,3.6728447542934877,10,0.0,True,10,1.7,0.7,0.3967732199795652,0.4,0.16817758120350967,0.4,0.16817758120350967,0.2,0.05668094798069332,1227.4,4.986149584487535,10,0.1,True,2,1.5,0.5,0.09452865480086611,0.5,0.09452865480086611,0.5,0.09452865480086611,0.0,0.0,1317.5,4.098671726755218,2,0.0,0.0560377038283406,17.845128042064037,2026-10-08T23:21:15.963886+00:00,pregame,experimental
2026020072,2026-10-10,8484806,Sam Dickinson,SJS,EDM,1,1,2026-10-10T20:00:00Z,effectif actuel ; participation non confirmée,35,5,0.4,0.4,0.11761823115925325,0.0,-3.139202815737979e-17,0.0,-3.139202815737979e-17,0.0,-3.139202815737979e-17,1091.4,1.319406267179769,5,0.0,10,0.7,0.5,0.2365895936154873,0.2,0.05668094798069332,0.0,-2.0052288475052677e-17,0.0,-2.0052288475052677e-17,1069.1,2.357122813581517,10,0.0,True,10,0.9,0.6,0.3126695474501863,0.3,0.10778928748621182,0.0,-2.0052288475052677e-17,0.0,-2.0052288475052677e-17,1100.1,2.945186801199891,10,0.0,True,2,0.5,0.5,0.09452865480086611,0.0,0.0,0.0,0.0,0.0,0.0,875.5,2.055968018275271,2,0.0,0.05246385157384421,19.060743159363252,2026-10-08T23:21:15.963886+00:00,pregame,experimental
2026020072,2026-10-10,8482166,Shakir Mukhamadullin,EDM,SJS,0,1,2026-10-10T20:00:00Z,effectif actuel ; participation non confirmée,29,5,0.4,0.4,0.11761823115925325,0.0,-3.139202815737979e-17,0.0,-3.139202815737979e-17,0.0,-3.139202815737979e-17,990.6,1.45366444579043,5,0.0,10,0.9,0.6,0.3126695474501863,0.3,0.10778928748621182,0.0,-2.0052288475052677e-17,0.0,-2.0052288475052677e-17,1014.9,3.1924327519952707,10,0.1,True,10,1.4,0.8,0.49015684672072346,0.5,0.2365895936154873,0.1,0.01787574951572113,0.0,-2.0052288475052677e-17,1078.1,4.674891011965495,10,0.1,True,0,,,,,,,,,,,,0,,0.052127970490355,19.183559048880014,2026-10-08T23:21:15.963886+00:00,pregame,experimental
2026020072,2026-10-10,8478013,Jake Walman,EDM,SJS,0,1,2026-10-10T20:00:00Z,effectif actuel ; participation non confirmée,37,5,1.6,1.0,0.565508505247919,0.4,0.11761823115925325,0.2,0.036223160969787456,0.0,-3.139202815737979e-17,941.6,6.117247238742566,5,0.0,10,1.5,0.8,0.49015684672072346,0.5,0.2365895936154873,0.2,0.05668094798069332,0.0,-2.0052288475052677e-17,956.3,5.6467635679180175,10,0.0,True,10,1.8,0.8,0.49015684672072346,0.5,0.2365895936154873,0.4,0.16817758120350967,0.1,0.01787574951572113,998.8,6.487785342410893,10,0.0,True,2,0.5,0.5,0.09452865480086611,0.0,0.0,0.0,0.0,0.0,0.0,1172.5,1.535181236673774,2,0.5,0.0451120735124278,22.167014773207285,2026-10-08T23:21:15.963886+00:00,pregame,experimental
2026020072,2026-10-10,8480834,Ty Emberson,EDM,SJS,0,1,2026-10-10T20:00:00Z,effectif actuel ; participation non confirmée,30,5,0.6,0.2,0.036223160969787456,0.2,0.036223160969787456,0.2,0.036223160969787456,0.0,-3.139202815737979e-17,753.2,2.867764206054169,5,0.0,10,0.6,0.4,0.16817758120350967,0.1,0.01787574951572113,0.1,0.01787574951572113,0.0,-2.0052288475052677e-17,823.5,2.622950819672131,10,0.0,True,10,0.7,0.6,0.3126695474501863,0.1,0.01787574951572113,0.0,-2.0052288475052677e-17,0.0,-2.0052288475052677e-17,829.4,3.038340969375452,10,0.1,True,2,0.5,0.5,0.09452865480086611,0.0,0.0,0.0,0.0,0.0,0.0,981.0,1.834862385321101,2,0.0,0.03212744564975839,31.12603506987865,2026-10-08T23:21:15.963886+00:00,pregame,experimental
2026020072,2026-10-10,8479718,Alex Barré-Boulet,SJS,EDM,1,0,2026-10-10T20:00:00Z,effectif actuel ; participation non confirmée,2,2,0.0,0.0,0.0,0.0,0.0,0.0,0.0,0.0,0.0,504.0,0.0,2,0.0,2,0.0,0.0,0.0,0.0,0.0,0.0,0.0,0.0,0.0,504.0,0.0,2,0.0,True,2,0.0,0.0,0.0,0.0,0.0,0.0,0.0,0.0,0.0,504.0,0.0,2,0.0,True,0,,,,,,,,,,,,0,,,,2026-10-08T23:21:15.963886+00:00,pregame,historique insuffisant
2026020072,2026-10-10,8481517,Brett Leason,SJS,EDM,1,0,2026-10-10T20:00:00Z,effectif actuel ; participation non confirmée,0,0,,,,,,,,,,,,0,,0,,,,,,,,,,,,0,,True,0,,,,,,,,,,,,0,,True,0,,,,,,,,,,,,0,,,,2026-10-08T23:21:15.963886+00:00,pregame,historique insuffisant
2026020072,2026-10-10,8486103,Ivar Stenberg,SJS,EDM,1,0,2026-10-10T20:00:00Z,effectif actuel ; participation non confirmée,3,3,0.3333333333333333,0.3333333333333333,0.061490315276160515,0.0,0.0,0.0,0.0,0.0,0.0,859.0,1.3969732246798603,3,0.0,3,0.3333333333333333,0.3333333333333333,0.061490315276160515,0.0,0.0,0.0,0.0,0.0,0.0,859.0,1.3969732246798603,3,0.0,True,2,0.0,0.0,0.0,0.0,0.0,0.0,0.0,0.0,0.0,876.0,0.0,2,0.0,True,0,,,,,,,,,,,,0,,,,2026-10-08T23:21:15.963886+00:00,pregame,historique insuffisant
2026020072,2026-10-10,8482700,Nolan Allan,SJS,EDM,1,1,2026-10-10T20:00:00Z,effectif actuel ; participation non confirmée,2,2,1.5,1.0,0.3423719528896193,0.5,0.09452865480086611,0.0,0.0,0.0,0.0,1102.0,4.900181488203267,2,0.5,2,1.5,1.0,0.3423719528896193,0.5,0.09452865480086611,0.0,0.0,0.0,0.0,1102.0,4.900181488203267,2,0.5,True,2,1.5,1.0,0.3423719528896193,0.5,0.09452865480086611,0.0,0.0,0.0,0.0,1102.0,4.900181488203267,2,0.5,True,0,,,,,,,,,,,,0,,,,2026-10-08T23:21:15.963886+00:00,pregame,historique insuffisant
2026020072,2026-10-10,8480029,Alex Formenton,EDM,SJS,0,0,2026-10-10T20:00:00Z,effectif actuel ; participation non confirmée,4,4,1.0,0.5,0.15003570882017145,0.5,0.15003570882017145,0.0,0.0,0.0,0.0,911.0,3.951701427003293,4,0.0,4,1.0,0.5,0.15003570882017145,0.5,0.15003570882017145,0.0,0.0,0.0,0.0,911.0,3.951701427003293,4,0.0,True,2,0.0,0.0,0.0,0.0,0.0,0.0,0.0,0.0,0.0,946.0,0.0,2,0.0,True,0,,,,,,,,,,,,0,,,,2026-10-08T23:21:15.963886+00:00,pregame,historique insuffisant
2026020072,2026-10-10,8480842,Filip Hallander,EDM,SJS,0,0,2026-10-10T20:00:00Z,effectif actuel ; participation non confirmée,2,2,1.5,0.5,0.09452865480086611,0.5,0.09452865480086611,0.5,0.09452865480086611,0.0,0.0,617.0,8.752025931928687,2,0.5,2,1.5,0.5,0.09452865480086611,0.5,0.09452865480086611,0.5,0.09452865480086611,0.0,0.0,617.0,8.752025931928687,2,0.5,True,1,3.0,1.0,0.20654329147389294,1.0,0.20654329147389294,1.0,0.20654329147389294,0.0,0.0,655.0,16.48854961832061,1,1.0,True,0,,,,,,,,,,,,0,,,,2026-10-08T23:21:15.963886+00:00,pregame,historique insuffisant
2026020072,2026-10-10,8486161,Owen Michaels,EDM,SJS,0,0,2026-10-10T20:00:00Z,effectif actuel ; participation non confirmée,4,4,1.25,0.75,0.30063605244263664,0.25,0.045586062644636216,0.25,0.045586062644636216,0.0,0.0,741.0,6.0728744939271255,4,0.5,4,1.25,0.75,0.30063605244263664,0.25,0.045586062644636216,0.25,0.045586062644636216,0.0,0.0,741.0,6.0728744939271255,4,0.5,True,2,1.0,1.0,0.3423719528896193,0.0,0.0,0.0,0.0,0.0,0.0,812.0,4.433497536945813,2,0.5,True,0,,,,,,,,,,,,0,,,,2026-10-08T23:21:15.963886+00:00,pregame,historique insuffisant
2026020072,2026-10-10,8480831,Alec Regula,EDM,SJS,0,1,2026-10-10T20:00:00Z,effectif actuel ; participation non confirmée,1,1,0.0,0.0,0.0,0.0,0.0,0.0,0.0,0.0,0.0,155.0,0.0,1,0.0,1,0.0,0.0,0.0,0.0,0.0,0.0,0.0,0.0,0.0,155.0,0.0,1,0.0,True,0,,,,,,,,,,,,0,,True,0,,,,,,,,,,,,0,,,,2026-10-08T23:21:15.963886+00:00,pregame,historique insuffisant
2026020073,2026-10-10,8481557,Matt Boldy,MIN,FLA,0,0,2026-10-10T22:00:00Z,effectif actuel ; participation non confirmée,31,5,5.0,1.0,0.565508505247919,1.0,0.565508505247919,1.0,0.565508505247919,1.0,0.565508505247919,1239.8,14.518470721084046,5,0.0,10,4.2,1.0,0.7224598312333834,0.9,0.5958436145024278,0.8,0.49015684672072346,0.7,0.3967732199795652,1142.0,13.239929947460595,10,0.3,True,10,3.7,1.0,0.7224598312333834,0.9,0.5958436145024278,0.7,0.3967732199795652,0.5,0.2365895936154873,1194.5,11.151109250732524,10,0.1,True,1,1.0,1.0,0.20654329147389294,0.0,0.0,0.0,0.0,0.0,0.0,915.0,3.9344262295081966,1,0.0,0.491370401798126,2.035124615444051,2026-10-08T23:21:15.963886+00:00,pregame,experimental
2026020073,2026-10-10,8478864,Kirill Kaprizov,MIN,FLA,0,0,2026-10-10T22:00:00Z,effectif actuel ; participation non confirmée,32,5,2.6,0.8,0.37552826411853885,0.8,0.37552826411853885,0.8,0.37552826411853885,0.2,0.036223160969787456,1300.2,7.198892478080295,5,0.6,10,3.3,0.9,0.5958436145024278,0.9,0.5958436145024278,0.8,0.49015684672072346,0.4,0.16817758120350967,1241.1,9.572153734590282,10,0.6,True,10,2.9,0.9,0.5958436145024278,0.8,0.49015684672072346,0.6,0.3126695474501863,0.3,0.10778928748621182,1254.0,8.325358851674642,10,0.4,True,1,1.0,1.0,0.20654329147389294,0.0,0.0,0.0,0.0,0.0,0.0,1096.0,3.2846715328467155,1,0.0,0.4198296505535056,2.38191847260334,2026-10-08T23:21:15.963886+00:00,pregame,experimental
2026020073,2026-10-10,8477935,Sam Bennett,FLA,MIN,1,0,2026-10-10T22:00:00Z,effectif actuel ; participation non confirmée,33,5,2.0,1.0,0.565508505247919,0.4,0.11761823115925325,0.4,0.11761823115925325,0.2,0.036223160969787456,1188.4,6.058566139347021,5,0.0,10,2.8,1.0,0.7224598312333834,0.6,0.3126695474501863,0.6,0.3126695474501863,0.3,0.10778928748621182,1160.2,8.688157214273401,10,0.1,True,10,2.5,0.8,0.49015684672072346,0.7,0.3967732199795652,0.5,0.2365895936154873,0.2,0.05668094798069332,1057.3,8.512248179324695,10,0.3,True,1,0.0,0.0,0.0,0.0,0.0,0.0,0.0,0.0,0.0,1132.0,0.0,1,0.0,0.39030743576764393,2.56208288226237,2026-10-08T23:21:15.963886+00:00,pregame,experimental
2026020073,2026-10-10,8477933,Sam Reinhart,FLA,MIN,1,0,2026-10-10T22:00:00Z,effectif actuel ; participation non confirmée,21,5,2.6,1.0,0.565508505247919,1.0,0.565508505247919,0.6,0.23071993220883702,0.0,-3.139202815737979e-17,1268.4,7.379375591296121,5,0.2,10,2.6,1.0,0.7224598312333834,0.8,0.49015684672072346,0.5,0.2365895936154873,0.2,0.05668094798069332,1267.9,7.382285669216815,10,0.2,True,8,2.5,0.875,0.5291051942301385,0.875,0.5291051942301385,0.375,0.13684175946152105,0.125,0.02241690886329618,1275.625,7.055365017148457,8,0.125,True,0,,,,,,,,,,,,0,,0.34375346667595197,2.9090615715671477,2026-10-08T23:21:15.963886+00:00,pregame,experimental
2026020073,2026-10-10,8477409,Carter Verhaeghe,FLA,MIN,1,0,2026-10-10T22:00:00Z,effectif actuel ; participation non confirmée,35,5,1.6,0.8,0.37552826411853885,0.4,0.11761823115925325,0.4,0.11761823115925325,0.0,-3.139202815737979e-17,1103.0,5.222121486854035,5,0.2,10,2.5,0.9,0.5958436145024278,0.6,0.3126695474501863,0.5,0.2365895936154873,0.2,0.05668094798069332,1131.4,7.954746331978081,10,0.4,True,10,3.3,0.9,0.5958436145024278,0.6,0.3126695474501863,0.6,0.3126695474501863,0.4,0.16817758120350967,1065.7,11.147602514779019,10,0.4,True,1,1.0,1.0,0.20654329147389294,0.0,0.0,0.0,0.0,0.0,0.0,1091.0,3.299725022914757,1,0.0,0.33769998981765087,2.961208262221073,2026-10-08T23:21:15.963886+00:00,pregame,experimental
2026020073,2026-10-10,8482113,Anton Lundell,FLA,MIN,1,0,2026-10-10T22:00:00Z,effectif actuel ; participation non confirmée,21,5,2.4,1.0,0.565508505247919,0.8,0.37552826411853885,0.6,0.23071993220883702,0.0,-3.139202815737979e-17,1108.6,7.793613566660653,5,0.2,10,1.8,0.8,0.49015684672072346,0.6,0.3126695474501863,0.4,0.16817758120350967,0.0,-2.0052288475052677e-17,1134.6,5.7112638815441565,10,0.1,True,6,2.5,0.8333333333333334,0.4364905634363539,0.5,0.1876128068994087,0.5,0.1876128068994087,0.3333333333333333,0.09676933255921684,1079.0,8.341056533827619,6,0.16666666666666666,True,0,,,,,,,,,,,,0,,0.24878214076057162,4.01958113610093,2026-10-08T23:21:15.963886+00:00,pregame,experimental
2026020073,2026-10-10,8476399,Blake Coleman,MIN,FLA,0,0,2026-10-10T22:00:00Z,effectif actuel ; participation non confirmée,28,5,1.8,0.8,0.37552826411853885,0.6,0.23071993220883702,0.2,0.036223160969787456,0.2,0.036223160969787456,940.8,6.887755102040816,5,0.4,10,2.2,0.9,0.5958436145024278,0.7,0.3967732199795652,0.5,0.2365895936154873,0.1,0.01787574951572113,1066.9,7.423376136470147,10,0.3,True,10,2.9,1.0,0.7224598312333834,0.8,0.49015684672072346,0.6,0.3126695474501863,0.3,0.10778928748621182,1094.9,9.535117362316193,10,0.3,True,0,,,,,,,,,,,,0,,0.21027189967316978,4.755747208991415,2026-10-08T23:21:15.963886+00:00,pregame,experimental
2026020073,2026-10-10,8479314,Matthew Tkachuk,FLA,MIN,1,0,2026-10-10T22:00:00Z,effectif actuel ; participation non confirmée,35,5,1.4,0.8,0.37552826411853885,0.6,0.23071993220883702,0.0,-3.139202815737979e-17,0.0,-3.139202815737979e-17,1200.0,4.2,5,0.4,10,2.0,0.8,0.49015684672072346,0.7,0.3967732199795652,0.3,0.10778928748621182,0.1,0.01787574951572113,1148.3,6.270138465557781,10,0.3,True,10,3.0,0.9,0.5958436145024278,0.8,0.49015684672072346,0.6,0.3126695474501863,0.5,0.2365895936154873,1063.1,10.1589690527702,10,0.5,True,1,4.0,1.0,0.20654329147389294,1.0,0.20654329147389294,1.0,0.20654329147389294,1.0,0.20654329147389294,1099.0,13.102820746132847,1,1.0,0.20560464552762464,4.86370333429865,2026-10-08T23:21:15.963886+00:00,pregame,experimental
2026020073,2026-10-10,8477495,Seth Jones,FLA,MIN,1,1,2026-10-10T22:00:00Z,effectif actuel ; participation non confirmée,16,5,2.0,1.0,0.565508505247919,0.6,0.23071993220883702,0.2,0.036223160969787456,0.2,0.036223160969787456,1683.4,4.277058334323393,5,0.2,10,1.5,1.0,0.7224598312333834,0.3,0.10778928748621182,0.1,0.01787574951572113,0.1,0.01787574951572113,1582.9,3.4114599785204374,10,0.2,True,4,1.25,1.0,0.5100999795960008,0.25,0.045586062644636216,0.0,0.0,0.0,0.0,1454.75,3.0933150025777625,4,0.0,True,1,1.0,1.0,0.20654329147389294,0.0,0.0,0.0,0.0,0.0,0.0,1313.0,2.7418126428027416,1,0.0,0.20373659782330797,4.9082983159817815,2026-10-08T23:21:15.963886+00:00,pregame,experimental
2026020073,2026-10-10,8477446,Michael McCarron,MIN,FLA,0,0,2026-10-10T22:00:00Z,effectif actuel ; participation non confirmée,35,5,2.6,0.8,0.37552826411853885,0.8,0.37552826411853885,0.6,0.23071993220883702,0.4,0.11761823115925325,936.4,9.995728321230244,5,0.2,10,2.0,0.8,0.49015684672072346,0.6,0.3126695474501863,0.4,0.16817758120350967,0.2,0.05668094798069332,841.0,8.561236623067776,10,0.2,True,10,1.4,0.6,0.3126695474501863,0.4,0.16817758120350967,0.3,0.10778928748621182,0.1,0.01787574951572113,792.4,6.360424028268551,10,0.2,True,1,2.0,1.0,0.20654329147389294,1.0,0.20654329147389294,0.0,0.0,0.0,0.0,1040.0,6.923076923076923,1,0.0,0.19991449816194518,5.002138460162743,2026-10-08T23:21:15.963886+00:00,pregame,experimental
2026020073,2026-10-10,8480185,Eetu Luostarinen,FLA,MIN,1,0,2026-10-10T22:00:00Z,effectif actuel ; participation non confirmée,38,5,1.4,0.8,0.37552826411853885,0.4,0.11761823115925325,0.2,0.036223160969787456,0.0,-3.139202815737979e-17,904.2,5.57398805573988,5,0.2,10,1.4,0.8,0.49015684672072346,0.4,0.16817758120350967,0.2,0.05668094798069332,0.0,-2.0052288475052677e-17,955.3,5.275829582330158,10,0.3,True,10,1.4,0.9,0.5958436145024278,0.4,0.16817758120350967,0.1,0.01787574951572113,0.0,-2.0052288475052677e-17,930.3,5.417607223476298,10,0.1,True,1,1.0,1.0,0.20654329147389294,0.0,0.0,0.0,0.0,0.0,0.0,1008.0,3.5714285714285716,1,0.0,0.1971392111360284,5.07255758120077,2026-10-08T23:21:15.963886+00:00,pregame,experimental
2026020073,2026-10-10,8480801,Brady Tkachuk,FLA,MIN,1,0,2026-10-10T22:00:00Z,effectif actuel ; participation non confirmée,37,5,2.4,1.0,0.565508505247919,0.6,0.23071993220883702,0.4,0.11761823115925325,0.4,0.11761823115925325,957.8,9.020672374190854,5,0.0,10,2.8,0.9,0.5958436145024278,0.6,0.3126695474501863,0.5,0.2365895936154873,0.4,0.16817758120350967,973.3,10.356519058871879,10,0.1,True,10,3.5,0.9,0.5958436145024278,0.8,0.49015684672072346,0.7,0.3967732199795652,0.4,0.16817758120350967,1015.9,12.402795550743184,10,0.3,True,1,7.0,1.0,0.20654329147389294,1.0,0.20654329147389294,1.0,0.20654329147389294,1.0,0.20654329147389294,1019.0,24.730127576054954,1,0.0,0.18052350488127353,5.539444853221074,2026-10-08T23:21:15.963886+00:00,pregame,experimental
2026020073,2026-10-10,8478493,Joel Eriksson Ek,MIN,FLA,0,0,2026-10-10T22:00:00Z,effectif actuel ; participation non confirmée,28,5,2.8,0.8,0.37552826411853885,0.8,0.37552826411853885,0.6,0.23071993220883702,0.2,0.036223160969787456,1078.4,9.347181008902076,5,0.2,10,2.3,0.7,0.3967732199795652,0.6,0.3126695474501863,0.5,0.2365895936154873,0.2,0.05668094798069332,1063.2,7.787810383747178,10,0.2,True,10,2.5,0.7,0.3967732199795652,0.6,0.3126695474501863,0.6,0.3126695474501863,0.3,0.10778928748621182,1148.3,7.8376730819472264,10,0.1,True,1,5.0,1.0,0.20654329147389294,1.0,0.20654329147389294,1.0,0.20654329147389294,1.0,0.20654329147389294,865.0,20.809248554913296,1,1.0,0.17585203986699607,5.686598806339352,2026-10-08T23:21:15.963886+00:00,pregame,experimental
2026020073,2026-10-10,8473419,Brad Marchand,FLA,MIN,1,0,2026-10-10T22:00:00Z,effectif actuel ; participation non confirmée,13,5,1.6,1.0,0.565508505247919,0.4,0.11761823115925325,0.2,0.036223160969787456,0.0,-3.139202815737979e-17,738.0,7.804878048780488,5,0.2,10,1.8,0.9,0.5958436145024278,0.5,0.2365895936154873,0.3,0.10778928748621182,0.1,0.01787574951572113,781.8,8.288564850345358,10,0.2,True,4,2.5,0.75,0.30063605244263664,0.75,0.30063605244263664,0.75,0.30063605244263664,0.25,0.045586062644636216,901.0,9.988901220865705,4,0.25,True,0,,,,,,,,,,,,0,,0.16938385214737273,5.903750489332054,2026-10-08T23:21:15.963886+00:00,pregame,experimental
2026020073,2026-10-10,8481553,Bobby Brink,MIN,FLA,0,0,2026-10-10T22:00:00Z,effectif actuel ; participation non confirmée,30,5,1.8,1.0,0.565508505247919,0.8,0.37552826411853885,0.0,-3.139202815737979e-17,0.0,-3.139202815737979e-17,859.4,7.5401442867116595,5,0.0,10,1.2,0.7,0.3967732199795652,0.5,0.2365895936154873,0.0,-2.0052288475052677e-17,0.0,-2.0052288475052677e-17,820.8,5.2631578947368425,10,0.0,True,10,1.6,0.9,0.5958436145024278,0.6,0.3126695474501863,0.1,0.01787574951572113,0.0,-2.0052288475052677e-17,854.1,6.743940990516333,10,0.0,True,1,2.0,1.0,0.20654329147389294,1.0,0.20654329147389294,0.0,0.0,0.0,0.0,960.0,7.5,1,0.0,0.1573332392742624,6.3559360031786145,2026-10-08T23:21:15.963886+00:00,pregame,experimental
2026020073,2026-10-10,8485702,Maxim Shabanov,MIN,FLA,0,0,2026-10-10T22:00:00Z,effectif actuel ; participation non confirmée,12,5,0.8,0.6,0.23071993220883702,0.2,0.036223160969787456,0.0,-3.139202815737979e-17,0.0,-3.139202815737979e-17,888.0,3.2432432432432434,5,0.4,10,1.3,0.7,0.3967732199795652,0.4,0.16817758120350967,0.1,0.01787574951572113,0.1,0.01787574951572113,770.1,6.077132839890924,10,0.2,True,7,1.2857142857142858,0.7142857142857143,0.35892909014821267,0.5714285714285714,0.2504542304090258,0.0,0.0,0.0,0.0,793.4285714285714,5.83363341735686,7,0.2857142857142857,True,0,,,,,,,,,,,,0,,0.15263333372900834,6.5516488146386305,2026-10-08T23:21:15.963886+00:00,pregame,experimental
2026020073,2026-10-10,8478508,Yakov Trenin,MIN,FLA,0,0,2026-10-10T22:00:00Z,effectif actuel ; participation non confirmée,36,5,1.2,0.4,0.11761823115925325,0.4,0.11761823115925325,0.2,0.036223160969787456,0.2,0.036223160969787456,877.6,4.922515952597995,5,0.0,10,1.2,0.6,0.3126695474501863,0.3,0.10778928748621182,0.2,0.05668094798069332,0.1,0.01787574951572113,846.6,5.102763997165131,10,0.0,True,10,1.2,0.7,0.3967732199795652,0.4,0.16817758120350967,0.1,0.01787574951572113,0.0,-2.0052288475052677e-17,805.9,5.360466559126443,10,0.0,True,1,2.0,1.0,0.20654329147389294,1.0,0.20654329147389294,0.0,0.0,0.0,0.0,790.0,9.113924050632912,1,0.0,0.15128545033571547,6.610020975453447,2026-10-08T23:21:15.963886+00:00,pregame,experimental
2026020073,2026-10-10,8480800,Quinn Hughes,MIN,FLA,0,1,2026-10-10T22:00:00Z,effectif actuel ; participation non confirmée,34,5,2.4,0.8,0.37552826411853885,0.6,0.23071993220883702,0.4,0.11761823115925325,0.4,0.11761823115925325,1694.4,5.09915014164306,5,0.4,10,2.4,0.9,0.5958436145024278,0.7,0.3967732199795652,0.4,0.16817758120350967,0.3,0.10778928748621182,1640.8,5.2657240370550955,10,0.2,True,10,2.1,0.8,0.49015684672072346,0.6,0.3126695474501863,0.3,0.10778928748621182,0.2,0.05668094798069332,1705.2,4.433497536945813,10,0.1,True,1,5.0,1.0,0.20654329147389294,1.0,0.20654329147389294,1.0,0.20654329147389294,1.0,0.20654329147389294,1615.0,11.145510835913313,1,0.0,0.14500988921935482,6.89608140095405,2026-10-08T23:21:15.963886+00:00,pregame,experimental
2026020073,2026-10-10,8477451,Ryan Hartman,MIN,FLA,0,0,2026-10-10T22:00:00Z,effectif actuel ; participation non confirmée,34,5,0.6,0.4,0.11761823115925325,0.2,0.036223160969787456,0.0,-3.139202815737979e-17,0.0,-3.139202815737979e-17,880.0,2.4545454545454546,5,0.2,10,1.8,0.7,0.3967732199795652,0.5,0.2365895936154873,0.4,0.16817758120350967,0.1,0.01787574951572113,947.1,6.841938549255622,10,0.4,True,10,1.9,0.8,0.49015684672072346,0.5,0.2365895936154873,0.4,0.16817758120350967,0.2,0.05668094798069332,954.3,7.16755737189563,10,0.5,True,1,4.0,1.0,0.20654329147389294,1.0,0.20654329147389294,1.0,0.20654329147389294,1.0,0.20654329147389294,890.0,16.179775280898877,1,1.0,0.14153240872658232,7.065519544232713,2026-10-08T23:21:15.963886+00:00,pregame,experimental
2026020073,2026-10-10,8483771,Sandis Vilmanis,FLA,MIN,1,0,2026-10-10T22:00:00Z,effectif actuel ; participation non confirmée,19,5,1.4,0.6,0.23071993220883702,0.4,0.11761823115925325,0.2,0.036223160969787456,0.2,0.036223160969787456,716.6,7.033212391850404,5,0.0,10,1.2,0.6,0.3126695474501863,0.4,0.16817758120350967,0.1,0.01787574951572113,0.1,0.01787574951572113,691.5,6.247288503253796,10,0.1,True,7,0.8571428571428571,0.5714285714285714,0.2504542304090258,0.2857142857142857,0.08221716570901548,0.0,0.0,0.0,0.0,548.0,5.630865484880084,7,0.2857142857142857,True,0,,,,,,,,,,,,0,,0.13798230343948703,7.247306176755891,2026-10-08T23:21:15.963886+00:00,pregame,experimental
2026020073,2026-10-10,8474189,Lars Eller,FLA,MIN,1,0,2026-10-10T22:00:00Z,effectif actuel ; participation non confirmée,39,5,1.0,0.6,0.23071993220883702,0.4,0.11761823115925325,0.0,-3.139202815737979e-17,0.0,-3.139202815737979e-17,785.4,4.583651642475172,5,0.0,10,0.6,0.4,0.16817758120350967,0.2,0.05668094798069332,0.0,-2.0052288475052677e-17,0.0,-2.0052288475052677e-17,745.5,2.89738430583501,10,0.0,True,10,1.2,0.6,0.3126695474501863,0.4,0.16817758120350967,0.2,0.05668094798069332,0.0,-2.0052288475052677e-17,698.1,6.188225182638591,10,0.1,True,1,1.0,1.0,0.20654329147389294,0.0,0.0,0.0,0.0,0.0,0.0,755.0,4.768211920529802,1,0.0,0.13208079511437504,7.571123410743041,2026-10-08T23:21:15.963886+00:00,pregame,experimental
2026020073,2026-10-10,8483525,Danila Yurov,MIN,FLA,0,0,2026-10-10T22:00:00Z,effectif actuel ; participation non confirmée,34,5,2.0,1.0,0.565508505247919,0.6,0.23071993220883702,0.2,0.036223160969787456,0.2,0.036223160969787456,903.6,7.968127490039841,5,0.6,10,1.1,0.6,0.3126695474501863,0.3,0.10778928748621182,0.1,0.01787574951572113,0.1,0.01787574951572113,840.5,4.711481261154075,10,0.3,True,10,1.3,0.6,0.3126695474501863,0.4,0.16817758120350967,0.2,0.05668094798069332,0.1,0.01787574951572113,826.1,5.665173707783561,10,0.2,True,0,,,,,,,,,,,,0,,0.12938376182747327,7.728945161862349,2026-10-08T23:21:15.963886+00:00,pregame,experimental
2026020073,2026-10-10,8475220,Marcus Foligno,MIN,FLA,0,0,2026-10-10T22:00:00Z,effectif actuel ; participation non confirmée,20,5,1.2,1.0,0.565508505247919,0.2,0.036223160969787456,0.0,-3.139202815737979e-17,0.0,-3.139202815737979e-17,733.4,5.890373602399782,5,0.0,10,1.1,0.8,0.49015684672072346,0.3,0.10778928748621182,0.0,-2.0052288475052677e-17,0.0,-2.0052288475052677e-17,740.1,5.3506282934738545,10,0.1,True,10,1.1,0.8,0.49015684672072346,0.3,0.10778928748621182,0.0,-2.0052288475052677e-17,0.0,-2.0052288475052677e-17,719.0,5.507649513212796,10,0.1,True,1,2.0,1.0,0.20654329147389294,1.0,0.20654329147389294,0.0,0.0,0.0,0.0,722.0,9.97229916897507,1,1.0,0.117645597351556,8.500105592661805,2026-10-08T23:21:15.963886+00:00,pregame,experimental
2026020073,2026-10-10,8482122,Brock Faber,MIN,FLA,0,1,2026-10-10T22:00:00Z,effectif actuel ; participation non confirmée,31,5,1.0,1.0,0.565508505247919,0.0,-3.139202815737979e-17,0.0,-3.139202815737979e-17,0.0,-3.139202815737979e-17,1466.2,2.4553266948574546,5,0.0,10,2.2,1.0,0.7224598312333834,0.4,0.16817758120350967,0.4,0.16817758120350967,0.2,0.05668094798069332,1475.4,5.368035786905246,10,0.1,True,10,1.9,0.9,0.5958436145024278,0.3,0.10778928748621182,0.3,0.10778928748621182,0.2,0.05668094798069332,1451.0,4.713990351481737,10,0.1,True,1,5.0,1.0,0.20654329147389294,1.0,0.20654329147389294,1.0,0.20654329147389294,1.0,0.20654329147389294,1493.0,12.056262558606832,1,0.0,0.11503534117288981,8.692980694489984,2026-10-08T23:21:15.963886+00:00,pregame,experimental
2026020073,2026-10-10,8478055,Gustav Forsling,FLA,MIN,1,1,2026-10-10T22:00:00Z,effectif actuel ; participation non confirmée,36,5,1.4,0.8,0.37552826411853885,0.6,0.23071993220883702,0.0,-3.139202815737979e-17,0.0,-3.139202815737979e-17,1203.8,4.186741983718226,5,0.2,10,1.7,0.9,0.5958436145024278,0.5,0.2365895936154873,0.2,0.05668094798069332,0.1,0.01787574951572113,1359.9,4.500330906684315,10,0.1,True,10,1.5,0.8,0.49015684672072346,0.5,0.2365895936154873,0.2,0.05668094798069332,0.0,-2.0052288475052677e-17,1378.7,3.916733154420831,10,0.0,True,1,0.0,0.0,0.0,0.0,0.0,0.0,0.0,0.0,0.0,1246.0,0.0,1,0.0,0.11002292967667085,9.089014471244706,2026-10-08T23:21:15.963886+00:00,pregame,experimental
2026020073,2026-10-10,8481477,Nico Sturm,MIN,FLA,0,0,2026-10-10T22:00:00Z,effectif actuel ; participation non confirmée,22,5,0.8,0.6,0.23071993220883702,0.2,0.036223160969787456,0.0,-3.139202815737979e-17,0.0,-3.139202815737979e-17,710.2,4.05519571951563,5,0.2,10,0.7,0.6,0.3126695474501863,0.1,0.01787574951572113,0.0,-2.0052288475052677e-17,0.0,-2.0052288475052677e-17,635.1,3.9678790741615493,10,0.2,True,10,0.5,0.4,0.16817758120350967,0.1,0.01787574951572113,0.0,-2.0052288475052677e-17,0.0,-2.0052288475052677e-17,631.5,2.8503562945368173,10,0.1,True,0,,,,,,,,,,,,0,,0.10375082207977006,9.638477844841924,2026-10-08T23:21:15.963886+00:00,pregame,experimental
2026020073,2026-10-10,8473422,Nick Foligno,MIN,FLA,0,0,2026-10-10T22:00:00Z,effectif actuel ; participation non confirmée,31,5,1.0,0.6,0.23071993220883702,0.4,0.11761823115925325,0.0,-3.139202815737979e-17,0.0,-3.139202815737979e-17,755.2,4.766949152542373,5,0.4,10,0.9,0.5,0.2365895936154873,0.3,0.10778928748621182,0.1,0.01787574951572113,0.0,-2.0052288475052677e-17,736.9,4.396797394490433,10,0.2,True,10,1.4,0.6,0.3126695474501863,0.5,0.2365895936154873,0.2,0.05668094798069332,0.1,0.01787574951572113,696.3,7.238259370960793,10,0.2,True,1,4.0,1.0,0.20654329147389294,1.0,0.20654329147389294,1.0,0.20654329147389294,1.0,0.20654329147389294,757.0,19.022457067371203,1,0.0,0.09799661126418684,10.204434491149115,2026-10-08T23:21:15.963886+00:00,pregame,experimental
2026020073,2026-10-10,8478859,Niko Mikkola,FLA,MIN,1,1,2026-10-10T22:00:00Z,effectif actuel ; participation non confirmée,25,5,2.2,1.0,0.565508505247919,0.8,0.37552826411853885,0.2,0.036223160969787456,0.2,0.036223160969787456,1196.4,6.619859578736208,5,0.0,10,1.7,0.9,0.5958436145024278,0.5,0.2365895936154873,0.2,0.05668094798069332,0.1,0.01787574951572113,1202.9,5.087704713608779,10,0.1,True,9,0.3333333333333333,0.3333333333333333,0.12058159868274292,0.0,0.0,0.0,0.0,0.0,0.0,1197.5555555555557,1.0020411950269066,9,0.1111111111111111,True,0,,,,,,,,,,,,0,,0.09068586546410486,11.027076765296114,2026-10-08T23:21:15.963886+00:00,pregame,experimental
2026020073,2026-10-10,8476874,Olli Maatta,MIN,FLA,0,1,2026-10-10T22:00:00Z,effectif actuel ; participation non confirmée,27,5,0.8,0.6,0.23071993220883702,0.2,0.036223160969787456,0.0,-3.139202815737979e-17,0.0,-3.139202815737979e-17,1328.6,2.16769531838025,5,0.0,10,0.6,0.5,0.2365895936154873,0.1,0.01787574951572113,0.0,-2.0052288475052677e-17,0.0,-2.0052288475052677e-17,1375.1,1.570794851283543,10,0.0,True,10,0.8,0.6,0.3126695474501863,0.2,0.05668094798069332,0.0,-2.0052288475052677e-17,0.0,-2.0052288475052677e-17,1335.6,2.1563342318059298,10,0.0,True,0,,,,,,,,,,,,0,,0.0794894864040373,12.580280050082317,2026-10-08T23:21:15.963886+00:00,pregame,experimental
2026020073,2026-10-10,8475752,Tyler Pitlick,MIN,FLA,0,0,2026-10-10T22:00:00Z,effectif actuel ; participation non confirmée,7,5,0.2,0.2,0.036223160969787456,0.0,-3.139202815737979e-17,0.0,-3.139202815737979e-17,0.0,-3.139202815737979e-17,491.0,1.4663951120162932,5,0.2,7,0.2857142857142857,0.2857142857142857,0.08221716570901548,0.0,0.0,0.0,0.0,0.0,0.0,467.57142857142856,2.1998166819431715,7,0.14285714285714285,True,4,0.5,0.5,0.15003570882017145,0.0,0.0,0.0,0.0,0.0,0.0,478.25,3.7637219027705173,4,0.25,True,0,,,,,,,,,,,,0,,0.07622173142526036,13.119618005273937,2026-10-08T23:21:15.963886+00:00,pregame,experimental
2026020073,2026-10-10,8477903,Garnet Hathaway,FLA,MIN,1,0,2026-10-10T22:00:00Z,effectif actuel ; participation non confirmée,29,5,0.2,0.2,0.036223160969787456,0.0,-3.139202815737979e-17,0.0,-3.139202815737979e-17,0.0,-3.139202815737979e-17,549.0,1.3114754098360655,5,0.0,10,0.3,0.3,0.10778928748621182,0.0,-2.0052288475052677e-17,0.0,-2.0052288475052677e-17,0.0,-2.0052288475052677e-17,600.8,1.7976031957390146,10,0.0,True,9,0.6666666666666666,0.4444444444444444,0.188775429471914,0.2222222222222222,0.0632237623122272,0.0,0.0,0.0,0.0,632.8888888888889,3.792134831460674,9,0.0,True,0,,,,,,,,,,,,0,,0.07571169135158208,13.207999744138643,2026-10-08T23:21:15.963886+00:00,pregame,experimental
2026020073,2026-10-10,8476463,Jonas Brodin,MIN,FLA,0,1,2026-10-10T22:00:00Z,effectif actuel ; participation non confirmée,23,5,0.8,0.6,0.23071993220883702,0.2,0.036223160969787456,0.0,-3.139202815737979e-17,0.0,-3.139202815737979e-17,1180.6,2.439437574114857,5,0.0,10,1.2,0.7,0.3967732199795652,0.5,0.2365895936154873,0.0,-2.0052288475052677e-17,0.0,-2.0052288475052677e-17,1114.4,3.8765254845656854,10,0.1,True,10,1.5,0.8,0.49015684672072346,0.5,0.2365895936154873,0.1,0.01787574951572113,0.1,0.01787574951572113,1100.8,4.905523255813954,10,0.1,True,1,4.0,1.0,0.20654329147389294,1.0,0.20654329147389294,1.0,0.20654329147389294,1.0,0.20654329147389294,1170.0,12.307692307692308,1,0.0,0.06923384201947487,14.443803360193542,2026-10-08T23:21:15.963886+00:00,pregame,experimental
2026020073,2026-10-10,8474716,Jared Spurgeon,MIN,FLA,0,1,2026-10-10T22:00:00Z,effectif actuel ; participation non confirmée,33,5,0.8,0.6,0.23071993220883702,0.2,0.036223160969787456,0.0,-3.139202815737979e-17,0.0,-3.139202815737979e-17,1164.2,2.473801752276241,5,0.2,10,0.9,0.6,0.3126695474501863,0.2,0.05668094798069332,0.1,0.01787574951572113,0.0,-2.0052288475052677e-17,1075.8,3.011712214166202,10,0.1,True,10,0.7,0.6,0.3126695474501863,0.1,0.01787574951572113,0.0,-2.0052288475052677e-17,0.0,-2.0052288475052677e-17,1091.8,2.3081150393845027,10,0.0,True,1,1.0,1.0,0.20654329147389294,0.0,0.0,0.0,0.0,0.0,0.0,872.0,4.128440366972477,1,0.0,0.06912671522648879,14.466187156782595,2026-10-08T23:21:15.963886+00:00,pregame,experimental
2026020073,2026-10-10,8475179,Dmitry Kulikov,FLA,MIN,1,1,2026-10-10T22:00:00Z,effectif actuel ; participation non confirmée,21,5,0.4,0.4,0.11761823115925325,0.0,-3.139202815737979e-17,0.0,-3.139202815737979e-17,0.0,-3.139202815737979e-17,975.8,1.4757122361139579,5,0.0,10,0.9,0.7,0.3967732199795652,0.2,0.05668094798069332,0.0,-2.0052288475052677e-17,0.0,-2.0052288475052677e-17,1053.8,3.074587208198899,10,0.0,True,5,0.6,0.6,0.23071993220883702,0.0,-3.139202815737979e-17,0.0,-3.139202815737979e-17,0.0,-3.139202815737979e-17,1161.2,1.8601446779193938,5,0.0,True,1,1.0,1.0,0.20654329147389294,0.0,0.0,0.0,0.0,0.0,0.0,1263.0,2.8503562945368173,1,0.0,0.06487259972672497,15.414828513308972,2026-10-08T23:21:15.963886+00:00,pregame,experimental
2026020073,2026-10-10,8477932,Aaron Ekblad,FLA,MIN,1,1,2026-10-10T22:00:00Z,effectif actuel ; participation non confirmée,28,5,0.6,0.4,0.11761823115925325,0.2,0.036223160969787456,0.0,-3.139202815737979e-17,0.0,-3.139202815737979e-17,1296.0,1.6666666666666667,5,0.0,10,1.3,0.7,0.3967732199795652,0.3,0.10778928748621182,0.1,0.01787574951572113,0.1,0.01787574951572113,1296.9,3.6086051353226924,10,0.1,True,10,1.8,0.8,0.49015684672072346,0.5,0.2365895936154873,0.3,0.10778928748621182,0.1,0.01787574951572113,1322.6,4.899440495992741,10,0.1,True,1,5.0,1.0,0.20654329147389294,1.0,0.20654329147389294,1.0,0.20654329147389294,1.0,0.20654329147389294,1359.0,13.245033112582782,1,1.0,0.06290544856535768,15.89687416283213,2026-10-08T23:21:15.963886+00:00,pregame,experimental
2026020073,2026-10-10,8484304,Uvis Balinskis,FLA,MIN,1,1,2026-10-10T22:00:00Z,effectif actuel ; participation non confirmée,19,5,1.0,0.6,0.23071993220883702,0.2,0.036223160969787456,0.2,0.036223160969787456,0.0,-3.139202815737979e-17,893.0,4.031354983202688,5,0.0,10,1.5,0.8,0.49015684672072346,0.3,0.10778928748621182,0.2,0.05668094798069332,0.1,0.01787574951572113,982.4,5.496742671009772,10,0.0,True,8,2.25,1.0,0.6755843804891231,0.875,0.5291051942301385,0.375,0.13684175946152105,0.0,0.0,1129.25,7.1729023688288684,8,0.25,True,0,,,,,,,,,,,,0,,0.05970141465031074,16.750021852200703,2026-10-08T23:21:15.963886+00:00,pregame,experimental
2026020073,2026-10-10,8482094,Daemon Hunt,MIN,FLA,0,1,2026-10-10T22:00:00Z,effectif actuel ; participation non confirmée,18,5,0.8,0.4,0.11761823115925325,0.2,0.036223160969787456,0.2,0.036223160969787456,0.0,-3.139202815737979e-17,933.0,3.0868167202572345,5,0.0,10,0.8,0.5,0.2365895936154873,0.2,0.05668094798069332,0.1,0.01787574951572113,0.0,-2.0052288475052677e-17,839.8,3.4293879495117885,10,0.0,True,10,1.0,0.6,0.3126695474501863,0.3,0.10778928748621182,0.1,0.01787574951572113,0.0,-2.0052288475052677e-17,770.1,4.674717569146864,10,0.0,True,0,,,,,,,,,,,,0,,0.045361774992080516,22.04499273175675,2026-10-08T23:21:15.963886+00:00,pregame,experimental
2026020073,2026-10-10,8474567,Zach Bogosian,MIN,FLA,0,1,2026-10-10T22:00:00Z,effectif actuel ; participation non confirmée,21,5,0.4,0.4,0.11761823115925325,0.0,-3.139202815737979e-17,0.0,-3.139202815737979e-17,0.0,-3.139202815737979e-17,900.6,1.5989340439706863,5,0.0,10,0.4,0.4,0.16817758120350967,0.0,-2.0052288475052677e-17,0.0,-2.0052288475052677e-17,0.0,-2.0052288475052677e-17,820.3,1.7554553212239425,10,0.0,True,10,0.5,0.4,0.16817758120350967,0.1,0.01787574951572113,0.0,-2.0052288475052677e-17,0.0,-2.0052288475052677e-17,885.5,2.0327498588368154,10,0.1,True,0,,,,,,,,,,,,0,,0.038528396423582155,25.95488244581931,2026-10-08T23:21:15.963886+00:00,pregame,experimental
2026020073,2026-10-10,8475462,Radko Gudas,FLA,MIN,1,1,2026-10-10T22:00:00Z,effectif actuel ; participation non confirmée,25,5,0.4,0.4,0.11761823115925325,0.0,-3.139202815737979e-17,0.0,-3.139202815737979e-17,0.0,-3.139202815737979e-17,747.2,1.9271948608137044,5,0.0,10,0.6,0.5,0.2365895936154873,0.1,0.01787574951572113,0.0,-2.0052288475052677e-17,0.0,-2.0052288475052677e-17,715.7,3.0180243118625123,10,0.0,True,10,1.1,0.6,0.3126695474501863,0.5,0.2365895936154873,0.0,-2.0052288475052677e-17,0.0,-2.0052288475052677e-17,890.6,4.446440601841455,10,0.1,True,0,,,,,,,,,,,,0,,0.03310557585312228,30.20639195151433,2026-10-08T23:21:15.963886+00:00,pregame,experimental
2026020073,2026-10-10,8477493,Aleksander Barkov,FLA,MIN,1,0,2026-10-10T22:00:00Z,effectif actuel ; participation non confirmée,2,2,1.0,1.0,0.3423719528896193,0.0,0.0,0.0,0.0,0.0,0.0,893.5,4.029099048684947,2,0.0,2,1.0,1.0,0.3423719528896193,0.0,0.0,0.0,0.0,0.0,0.0,893.5,4.029099048684947,2,0.0,True,0,,,,,,,,,,,,0,,True,0,,,,,,,,,,,,0,,,,2026-10-08T23:21:15.963886+00:00,pregame,historique insuffisant
2026020073,2026-10-10,8479981,Jonah Gadjovich,FLA,MIN,1,0,2026-10-10T22:00:00Z,effectif actuel ; participation non confirmée,0,0,,,,,,,,,,,,0,,0,,,,,,,,,,,,0,,True,0,,,,,,,,,,,,0,,True,0,,,,,,,,,,,,0,,,,2026-10-08T23:21:15.963886+00:00,pregame,historique insuffisant
2026020073,2026-10-10,8478147,Bokondji Imama,FLA,MIN,1,0,2026-10-10T22:00:00Z,effectif actuel ; participation non confirmée,4,4,0.25,0.25,0.045586062644636216,0.0,0.0,0.0,0.0,0.0,0.0,380.5,2.3653088042049935,4,0.0,4,0.25,0.25,0.045586062644636216,0.0,0.0,0.0,0.0,0.0,0.0,380.5,2.3653088042049935,4,0.0,True,0,,,,,,,,,,,,0,,True,0,,,,,,,,,,,,0,,,,2026-10-08T23:21:15.963886+00:00,pregame,historique insuffisant
2026020073,2026-10-10,8486166,Viking Gustafsson Nyberg,MIN,FLA,0,1,2026-10-10T22:00:00Z,effectif actuel ; participation non confirmée,2,2,0.0,0.0,0.0,0.0,0.0,0.0,0.0,0.0,0.0,1277.5,0.0,2,0.0,2,0.0,0.0,0.0,0.0,0.0,0.0,0.0,0.0,0.0,1277.5,0.0,2,0.0,True,1,0.0,0.0,0.0,0.0,0.0,0.0,0.0,0.0,0.0,1317.0,0.0,1,0.0,True,0,,,,,,,,,,,,0,,,,2026-10-08T23:21:15.963886+00:00,pregame,historique insuffisant
2026020073,2026-10-10,8483766,David Spacek,MIN,FLA,0,1,2026-10-10T22:00:00Z,effectif actuel ; participation non confirmée,1,1,0.0,0.0,0.0,0.0,0.0,0.0,0.0,0.0,0.0,571.0,0.0,1,0.0,1,0.0,0.0,0.0,0.0,0.0,0.0,0.0,0.0,0.0,571.0,0.0,1,0.0,True,1,0.0,0.0,0.0,0.0,0.0,0.0,0.0,0.0,0.0,571.0,0.0,1,0.0,True,0,,,,,,,,,,,,0,,,,2026-10-08T23:21:15.963886+00:00,pregame,historique insuffisant
2026020080,2026-10-10,8480039,Martin Necas,COL,TOR,1,0,2026-10-10T23:00:00Z,effectif actuel ; participation non confirmée,35,5,3.8,1.0,0.565508505247919,1.0,0.565508505247919,1.0,0.565508505247919,0.6,0.23071993220883702,1329.8,10.287261242292074,5,0.2,10,3.6,1.0,0.7224598312333834,1.0,0.7224598312333834,0.9,0.5958436145024278,0.6,0.3126695474501863,1303.5,9.94246260069045,10,0.4,True,10,3.0,1.0,0.7224598312333834,0.9,0.5958436145024278,0.6,0.3126695474501863,0.5,0.2365895936154873,1308.8,8.251833740831296,10,0.3,True,0,,,,,,,,,,,,0,,0.42984455275467265,2.3264224091976224,2026-10-08T23:21:15.963886+00:00,pregame,experimental
2026020080,2026-10-10,8477492,Nathan MacKinnon,COL,TOR,1,0,2026-10-10T23:00:00Z,effectif actuel ; participation non confirmée,37,5,3.8,1.0,0.565508505247919,0.8,0.37552826411853885,0.6,0.23071993220883702,0.6,0.23071993220883702,1263.2,10.829639012032933,5,0.4,10,3.8,0.9,0.5958436145024278,0.8,0.49015684672072346,0.6,0.3126695474501863,0.6,0.3126695474501863,1277.0,10.712607674236493,10,0.4,True,10,5.3,1.0,0.7224598312333834,1.0,0.7224598312333834,1.0,0.7224598312333834,0.9,0.5958436145024278,1303.5,14.637514384349828,10,0.5,True,0,,,,,,,,,,,,0,,0.41684492227297526,2.398973686778268,2026-10-08T23:21:15.963886+00:00,pregame,experimental
2026020077,2026-10-10,8476483,Rickard Rakell,PIT,DAL,1,0,2026-10-10T23:00:00Z,effectif actuel ; participation non confirmée,37,5,2.2,1.0,0.565508505247919,1.0,0.565508505247919,0.2,0.036223160969787456,0.0,-3.139202815737979e-17,1148.8,6.894150417827298,5,0.0,10,3.2,1.0,0.7224598312333834,1.0,0.7224598312333834,0.5,0.2365895936154873,0.2,0.05668094798069332,1108.6,10.391484755547538,10,0.3,True,10,2.3,0.9,0.5958436145024278,0.8,0.49015684672072346,0.3,0.10778928748621182,0.2,0.05668094798069332,1147.8,7.213800313643492,10,0.5,True,1,1.0,1.0,0.20654329147389294,0.0,0.0,0.0,0.0,0.0,0.0,1305.0,2.7586206896551726,1,0.0,0.39248470468815627,2.5478699884484346,2026-10-08T23:21:15.963886+00:00,pregame,experimental
2026020080,2026-10-10,8479318,Auston Matthews,TOR,COL,0,0,2026-10-10T23:00:00Z,effectif actuel ; participation non confirmée,22,5,3.2,1.0,0.565508505247919,0.8,0.37552826411853885,0.6,0.23071993220883702,0.4,0.11761823115925325,1235.0,9.327935222672064,5,0.6,10,4.2,1.0,0.7224598312333834,0.9,0.5958436145024278,0.7,0.3967732199795652,0.6,0.3126695474501863,1298.9,11.64061898529525,10,0.3,True,9,3.2222222222222223,0.8888888888888888,0.5649937852319398,0.8888888888888888,0.5649937852319398,0.4444444444444444,0.188775429471914,0.4444444444444444,0.188775429471914,1272.7777777777778,9.113924050632912,9,0.0,True,0,,,,,,,,,,,,0,,0.374660771855269,2.6690811398485526,2026-10-08T23:21:15.963886+00:00,pregame,experimental
2026020075,2026-10-10,8481540,Cole Caufield,MTL,DET,1,0,2026-10-10T23:00:00Z,effectif actuel ; participation non confirmée,35,5,3.6,1.0,0.565508505247919,0.6,0.23071993220883702,0.6,0.23071993220883702,0.2,0.036223160969787456,1188.6,10.903584048460374,5,0.2,10,3.4,1.0,0.7224598312333834,0.7,0.3967732199795652,0.6,0.3126695474501863,0.3,0.10778928748621182,1180.2,10.371123538383324,10,0.3,True,10,2.8,1.0,0.7224598312333834,0.8,0.49015684672072346,0.6,0.3126695474501863,0.3,0.10778928748621182,1136.3,8.870896770219133,10,0.6,True,0,,,,,,,,,,,,0,,0.36774287177264314,2.719291322166673,2026-10-08T23:21:15.963886+00:00,pregame,experimental
2026020077,2026-10-10,8482740,Wyatt Johnston,DAL,PIT,0,0,2026-10-10T23:00:00Z,effectif actuel ; participation non confirmée,36,5,2.4,0.8,0.37552826411853885,0.8,0.37552826411853885,0.6,0.23071993220883702,0.2,0.036223160969787456,1175.8,7.348188467426433,5,0.2,10,2.6,0.9,0.5958436145024278,0.8,0.49015684672072346,0.6,0.3126695474501863,0.2,0.05668094798069332,1182.6,7.91476407914764,10,0.3,True,10,1.8,0.8,0.49015684672072346,0.7,0.3967732199795652,0.3,0.10778928748621182,0.0,-2.0052288475052677e-17,1243.6,5.210678674815053,10,0.3,True,1,0.0,0.0,0.0,0.0,0.0,0.0,0.0,0.0,0.0,1141.0,0.0,1,0.0,0.36182179566556905,2.76379149067155,2026-10-08T23:21:15.963886+00:00,pregame,experimental
2026020075,2026-10-10,8477946,Dylan Larkin,DET,MTL,0,0,2026-10-10T23:00:00Z,effectif actuel ; participation non confirmée,26,5,3.6,1.0,0.565508505247919,0.8,0.37552826411853885,0.8,0.37552826411853885,0.8,0.37552826411853885,1215.2,10.664911125740618,5,0.6,10,3.6,1.0,0.7224598312333834,0.8,0.49015684672072346,0.7,0.3967732199795652,0.6,0.3126695474501863,1154.8,11.222722549359196,10,0.4,True,10,3.2,1.0,0.7224598312333834,0.7,0.3967732199795652,0.5,0.2365895936154873,0.4,0.16817758120350967,1179.7,9.765194540984997,10,0.3,True,0,,,,,,,,,,,,0,,0.34623517413927624,2.888210311057943,2026-10-08T23:21:15.963886+00:00,pregame,experimental
2026020074,2026-10-10,8479420,Tage Thompson,BUF,UTA,1,0,2026-10-10T23:00:00Z,effectif actuel ; participation non confirmée,37,5,5.0,1.0,0.565508505247919,1.0,0.565508505247919,0.8,0.37552826411853885,0.8,0.37552826411853885,1129.6,15.93484419263456,5,0.6,10,3.8,1.0,0.7224598312333834,0.9,0.5958436145024278,0.6,0.3126695474501863,0.5,0.2365895936154873,1154.5,11.849285404937202,10,0.4,True,10,4.0,1.0,0.7224598312333834,0.9,0.5958436145024278,0.8,0.49015684672072346,0.6,0.3126695474501863,1224.2,11.762783858846594,10,0.4,True,0,,,,,,,,,,,,0,,0.342460763970081,2.9200425427053145,2026-10-08T23:21:15.963886+00:00,pregame,experimental
2026020078,2026-10-10,8484144,Connor Bedard,CHI,CAR,1,0,2026-10-10T23:00:00Z,effectif actuel ; participation non confirmée,34,5,3.2,0.6,0.23071993220883702,0.6,0.23071993220883702,0.6,0.23071993220883702,0.4,0.11761823115925325,1259.6,9.14576055890759,5,0.0,10,3.0,0.7,0.3967732199795652,0.7,0.3967732199795652,0.6,0.3126695474501863,0.3,0.10778928748621182,1224.2,8.822087894134945,10,0.0,True,10,2.6,0.7,0.3967732199795652,0.6,0.3126695474501863,0.6,0.3126695474501863,0.4,0.16817758120350967,1263.9,7.4056491811061,10,0.1,True,1,3.0,1.0,0.20654329147389294,1.0,0.20654329147389294,1.0,0.20654329147389294,0.0,0.0,1222.0,8.8379705400982,1,0.0,0.34168818242734794,2.926644968801714,2026-10-08T23:21:15.963886+00:00,pregame,experimental
2026020079,2026-10-10,8484166,Adam Fantilli,CBJ,STL,0,0,2026-10-10T23:00:00Z,effectif actuel ; participation non confirmée,36,5,1.4,0.6,0.23071993220883702,0.4,0.11761823115925325,0.2,0.036223160969787456,0.2,0.036223160969787456,1165.4,4.324695383559293,5,0.4,10,2.3,0.7,0.3967732199795652,0.6,0.3126695474501863,0.5,0.2365895936154873,0.3,0.10778928748621182,1182.0,7.00507614213198,10,0.4,True,10,2.4,0.7,0.3967732199795652,0.7,0.3967732199795652,0.5,0.2365895936154873,0.3,0.10778928748621182,1141.5,7.568988173455979,10,0.2,True,1,0.0,0.0,0.0,0.0,0.0,0.0,0.0,0.0,0.0,1128.0,0.0,1,0.0,0.3257198169801842,3.0701233018954968,2026-10-08T23:21:15.963886+00:00,pregame,experimental
2026020076,2026-10-10,8474564,Steven Stamkos,NSH,OTT,0,0,2026-10-10T23:00:00Z,effectif actuel ; participation non confirmée,37,5,4.0,1.0,0.565508505247919,0.8,0.37552826411853885,0.8,0.37552826411853885,0.4,0.11761823115925325,1178.0,12.224108658743633,5,0.6,10,3.2,1.0,0.7224598312333834,0.8,0.49015684672072346,0.7,0.3967732199795652,0.2,0.05668094798069332,1140.0,10.105263157894736,10,0.6,True,10,2.7,1.0,0.7224598312333834,0.9,0.5958436145024278,0.6,0.3126695474501863,0.2,0.05668094798069332,1088.1,8.933002481389579,10,0.5,True,0,,,,,,,,,,,,0,,0.32520892181072997,3.07494638963809,2026-10-08T23:21:15.963886+00:00,pregame,experimental
2026020074,2026-10-10,8482097,Jack Quinn,BUF,UTA,1,0,2026-10-10T23:00:00Z,effectif actuel ; participation non confirmée,38,5,3.4,1.0,0.565508505247919,0.8,0.37552826411853885,0.6,0.23071993220883702,0.6,0.23071993220883702,1141.8,10.719915922228061,5,0.4,10,3.3,1.0,0.7224598312333834,0.8,0.49015684672072346,0.6,0.3126695474501863,0.5,0.2365895936154873,1064.5,11.160169093471113,10,0.4,True,10,3.8,0.9,0.5958436145024278,0.9,0.5958436145024278,0.7,0.3967732199795652,0.6,0.3126695474501863,1021.9,13.386828456796165,10,0.5,True,0,,,,,,,,,,,,0,,0.32469189666092235,3.0798427995396076,2026-10-08T23:21:15.963886+00:00,pregame,experimental
2026020074,2026-10-10,8477951,Nick Schmaltz,UTA,BUF,0,0,2026-10-10T23:00:00Z,effectif actuel ; participation non confirmée,37,5,3.6,1.0,0.565508505247919,0.8,0.37552826411853885,0.6,0.23071993220883702,0.4,0.11761823115925325,1094.2,11.844269786145128,5,0.8,10,3.8,1.0,0.7224598312333834,0.9,0.5958436145024278,0.7,0.3967732199795652,0.4,0.16817758120350967,1162.5,11.76774193548387,10,0.7,True,10,2.9,1.0,0.7224598312333834,0.6,0.3126695474501863,0.6,0.3126695474501863,0.3,0.10778928748621182,1134.4,9.203102961918194,10,0.5,True,0,,,,,,,,,,,,0,,0.3208641716936032,3.116583552229419,2026-10-08T23:21:15.963886+00:00,pregame,experimental
2026020078,2026-10-10,8480830,Andrei Svechnikov,CAR,CHI,0,0,2026-10-10T23:00:00Z,effectif actuel ; participation non confirmée,34,5,4.0,1.0,0.565508505247919,1.0,0.565508505247919,0.8,0.37552826411853885,0.6,0.23071993220883702,1053.6,13.66742596810934,5,0.4,10,3.3,1.0,0.7224598312333834,0.8,0.49015684672072346,0.6,0.3126695474501863,0.5,0.2365895936154873,1012.0,11.73913043478261,10,0.6,True,10,3.0,0.8,0.49015684672072346,0.7,0.3967732199795652,0.6,0.3126695474501863,0.5,0.2365895936154873,1007.1,10.723860589812332,10,0.6,True,0,,,,,,,,,,,,0,,0.3194089457025787,3.130782695520248,2026-10-08T23:21:15.963886+00:00,pregame,experimental
2026020078,2026-10-10,8478427,Sebastian Aho,CAR,CHI,0,0,2026-10-10T23:00:00Z,effectif actuel ; participation non confirmée,34,5,4.0,1.0,0.565508505247919,1.0,0.565508505247919,0.8,0.37552826411853885,0.6,0.23071993220883702,1182.8,12.17450118363206,5,0.8,10,3.5,1.0,0.7224598312333834,0.8,0.49015684672072346,0.7,0.3967732199795652,0.4,0.16817758120350967,1130.8,11.142553944110364,10,0.5,True,10,2.8,1.0,0.7224598312333834,0.8,0.49015684672072346,0.5,0.2365895936154873,0.2,0.05668094798069332,1154.0,8.734835355285961,10,0.5,True,0,,,,,,,,,,,,0,,0.31458953515362953,3.1787452799777682,2026-10-08T23:21:15.963886+00:00,pregame,experimental
2026020078,2026-10-10,8477940,Nikolaj Ehlers,CAR,CHI,0,0,2026-10-10T23:00:00Z,effectif actuel ; participation non confirmée,37,5,2.8,1.0,0.565508505247919,0.8,0.37552826411853885,0.4,0.11761823115925325,0.4,0.11761823115925325,995.8,10.122514561156859,5,0.2,10,2.7,0.9,0.5958436145024278,0.8,0.49015684672072346,0.4,0.16817758120350967,0.3,0.10778928748621182,979.8,9.920391916717698,10,0.2,True,10,3.1,0.9,0.5958436145024278,0.8,0.49015684672072346,0.6,0.3126695474501863,0.4,0.16817758120350967,941.4,11.854684512428298,10,0.5,True,1,0.0,0.0,0.0,0.0,0.0,0.0,0.0,0.0,0.0,704.0,0.0,1,0.0,0.309461444847498,3.231420316326637,2026-10-08T23:21:15.963886+00:00,pregame,experimental
2026020080,2026-10-10,8480893,Kirill Marchenko,TOR,COL,0,0,2026-10-10T23:00:00Z,effectif actuel ; participation non confirmée,36,5,3.2,1.0,0.565508505247919,1.0,0.565508505247919,0.8,0.37552826411853885,0.4,0.11761823115925325,1181.0,9.754445385266724,5,0.2,10,2.8,0.9,0.5958436145024278,0.9,0.5958436145024278,0.7,0.3967732199795652,0.3,0.10778928748621182,1206.6,8.35405271009448,10,0.2,True,10,2.5,1.0,0.7224598312333834,0.8,0.49015684672072346,0.4,0.16817758120350967,0.2,0.05668094798069332,1163.3,7.736611364222471,10,0.3,True,0,,,,,,,,,,,,0,,0.30283229572933595,3.302157709406844,2026-10-08T23:21:15.963886+00:00,pregame,experimental
2026020080,2026-10-10,8477939,William Nylander,TOR,COL,0,0,2026-10-10T23:00:00Z,effectif actuel ; participation non confirmée,32,5,2.4,1.0,0.565508505247919,0.6,0.23071993220883702,0.4,0.11761823115925325,0.2,0.036223160969787456,1213.0,7.122835943940643,5,0.6,10,2.6,1.0,0.7224598312333834,0.7,0.3967732199795652,0.5,0.2365895936154873,0.2,0.05668094798069332,1257.2,7.4451161310849505,10,0.5,True,10,3.0,0.9,0.5958436145024278,0.8,0.49015684672072346,0.5,0.2365895936154873,0.2,0.05668094798069332,1264.8,8.538899430740038,10,0.3,True,0,,,,,,,,,,,,0,,0.29866391312944035,3.348245154635076,2026-10-08T23:21:15.963886+00:00,pregame,experimental
2026020076,2026-10-10,8476887,Filip Forsberg,NSH,OTT,0,0,2026-10-10T23:00:00Z,effectif actuel ; participation non confirmée,37,5,2.6,1.0,0.565508505247919,0.8,0.37552826411853885,0.2,0.036223160969787456,0.2,0.036223160969787456,1217.8,7.685991131548694,5,0.2,10,2.2,0.9,0.5958436145024278,0.7,0.3967732199795652,0.2,0.05668094798069332,0.2,0.05668094798069332,1170.6,6.765761148129164,10,0.3,True,10,2.6,0.9,0.5958436145024278,0.8,0.49015684672072346,0.5,0.2365895936154873,0.3,0.10778928748621182,1143.2,8.187543736878936,10,0.6,True,0,,,,,,,,,,,,0,,0.29783866498817185,3.3575224359796043,2026-10-08T23:21:15.963886+00:00,pregame,experimental
2026020078,2026-10-10,8482809,Jackson Blake,CAR,CHI,0,0,2026-10-10T23:00:00Z,effectif actuel ; participation non confirmée,36,5,2.6,1.0,0.565508505247919,1.0,0.565508505247919,0.4,0.11761823115925325,0.2,0.036223160969787456,1062.2,8.811899830540387,5,0.0,10,2.1,0.8,0.49015684672072346,0.8,0.49015684672072346,0.4,0.16817758120350967,0.1,0.01787574951572113,1069.2,7.070707070707071,10,0.1,True,10,2.3,0.8,0.49015684672072346,0.7,0.3967732199795652,0.5,0.2365895936154873,0.3,0.10778928748621182,1003.6,8.250298923874054,10,0.0,True,1,0.0,0.0,0.0,0.0,0.0,0.0,0.0,0.0,0.0,1040.0,0.0,1,0.0,0.2927242817400713,3.416183973722973,2026-10-08T23:21:15.963886+00:00,pregame,experimental
2026020077,2026-10-10,8471675,Sidney Crosby,PIT,DAL,1,0,2026-10-10T23:00:00Z,effectif actuel ; participation non confirmée,25,5,2.8,1.0,0.565508505247919,1.0,0.565508505247919,0.4,0.11761823115925325,0.2,0.036223160969787456,1152.4,8.746962860118014,5,0.0,10,2.3,0.8,0.49015684672072346,0.7,0.3967732199795652,0.4,0.16817758120350967,0.3,0.10778928748621182,1102.4,7.510885341074021,10,0.1,True,10,2.4,0.8,0.49015684672072346,0.6,0.3126695474501863,0.4,0.16817758120350967,0.3,0.10778928748621182,1166.7,7.4055026999228595,10,0.1,True,0,,,,,,,,,,,,0,,0.2898555724765914,3.4499940486076377,2026-10-08T23:21:15.963886+00:00,pregame,experimental
2026020076,2026-10-10,8481528,Dylan Cozens,OTT,NSH,1,0,2026-10-10T23:00:00Z,effectif actuel ; participation non confirmée,38,5,3.0,1.0,0.565508505247919,0.8,0.37552826411853885,0.6,0.23071993220883702,0.6,0.23071993220883702,1110.2,9.727976941091695,5,0.2,10,2.9,1.0,0.7224598312333834,0.9,0.5958436145024278,0.5,0.2365895936154873,0.5,0.2365895936154873,1043.2,10.007668711656441,10,0.2,True,10,3.4,1.0,0.7224598312333834,0.9,0.5958436145024278,0.6,0.3126695474501863,0.5,0.2365895936154873,1002.4,12.210694333599362,10,0.4,True,0,,,,,,,,,,,,0,,0.28876914740927423,3.462973828650379,2026-10-08T23:21:15.963886+00:00,pregame,experimental
2026020076,2026-10-10,8482116,Tim Stützle,OTT,NSH,1,0,2026-10-10T23:00:00Z,effectif actuel ; participation non confirmée,36,5,2.4,1.0,0.565508505247919,0.8,0.37552826411853885,0.4,0.11761823115925325,0.2,0.036223160969787456,1214.6,7.113452988638235,5,0.4,10,2.3,1.0,0.7224598312333834,0.8,0.49015684672072346,0.3,0.10778928748621182,0.2,0.05668094798069332,1165.3,7.105466403501245,10,0.4,True,10,2.4,0.9,0.5958436145024278,0.8,0.49015684672072346,0.5,0.2365895936154873,0.2,0.05668094798069332,1137.2,7.59760816039395,10,0.3,True,0,,,,,,,,,,,,0,,0.2859195583215281,3.4974872158813968,2026-10-08T23:21:15.963886+00:00,pregame,experimental
2026020075,2026-10-10,8483515,Juraj Slafkovský,MTL,DET,1,0,2026-10-10T23:00:00Z,effectif actuel ; participation non confirmée,36,5,1.6,1.0,0.565508505247919,0.6,0.23071993220883702,0.0,-3.139202815737979e-17,0.0,-3.139202815737979e-17,1166.0,4.939965694682676,5,0.2,10,2.4,1.0,0.7224598312333834,0.8,0.49015684672072346,0.3,0.10778928748621182,0.2,0.05668094798069332,1212.2,7.1275367101138425,10,0.2,True,10,2.9,0.9,0.5958436145024278,0.8,0.49015684672072346,0.6,0.3126695474501863,0.4,0.16817758120350967,1193.1,8.750314307266784,10,0.4,True,0,,,,,,,,,,,,0,,0.28524760256156767,3.5057262217801135,2026-10-08T23:21:15.963886+00:00,pregame,experimental
2026020076,2026-10-10,8475158,Ryan O'Reilly,NSH,OTT,0,0,2026-10-10T23:00:00Z,effectif actuel ; participation non confirmée,36,5,2.0,0.8,0.37552826411853885,0.4,0.11761823115925325,0.4,0.11761823115925325,0.4,0.11761823115925325,1309.6,5.497861942577886,5,0.0,10,1.7,0.9,0.5958436145024278,0.4,0.16817758120350967,0.2,0.05668094798069332,0.2,0.05668094798069332,1290.7,4.741613078174634,10,0.1,True,10,1.5,0.9,0.5958436145024278,0.4,0.16817758120350967,0.1,0.01787574951572113,0.1,0.01787574951572113,1320.4,4.089669797031203,10,0.1,True,0,,,,,,,,,,,,0,,0.2824396091095028,3.540579889459827,2026-10-08T23:21:15.963886+00:00,pregame,experimental
2026020075,2026-10-10,8482078,Lucas Raymond,DET,MTL,0,0,2026-10-10T23:00:00Z,effectif actuel ; participation non confirmée,36,5,2.8,0.8,0.37552826411853885,0.8,0.37552826411853885,0.4,0.11761823115925325,0.4,0.11761823115925325,1172.8,8.594815825375171,5,0.0,10,2.6,0.8,0.49015684672072346,0.8,0.49015684672072346,0.5,0.2365895936154873,0.3,0.10778928748621182,1155.7,8.098987626546682,10,0.0,True,10,1.9,0.9,0.5958436145024278,0.6,0.3126695474501863,0.3,0.10778928748621182,0.1,0.01787574951572113,1115.4,6.132329209252286,10,0.3,True,0,,,,,,,,,,,,0,,0.28238231610830855,3.541298243394417,2026-10-08T23:21:15.963886+00:00,pregame,experimental
2026020075,2026-10-10,8479337,Alex DeBrincat,DET,MTL,0,0,2026-10-10T23:00:00Z,effectif actuel ; participation non confirmée,36,5,3.0,1.0,0.565508505247919,0.6,0.23071993220883702,0.6,0.23071993220883702,0.4,0.11761823115925325,1178.6,9.163414220261327,5,0.4,10,2.6,1.0,0.7224598312333834,0.5,0.2365895936154873,0.5,0.2365895936154873,0.3,0.10778928748621182,1168.5,8.010269576379974,10,0.3,True,10,3.0,1.0,0.7224598312333834,0.8,0.49015684672072346,0.6,0.3126695474501863,0.4,0.16817758120350967,1167.5,9.250535331905782,10,0.3,True,0,,,,,,,,,,,,0,,0.2814402146385616,3.553152492028354,2026-10-08T23:21:15.963886+00:00,pregame,experimental
2026020075,2026-10-10,8480018,Nick Suzuki,MTL,DET,1,0,2026-10-10T23:00:00Z,effectif actuel ; participation non confirmée,36,5,2.6,1.0,0.565508505247919,0.8,0.37552826411853885,0.4,0.11761823115925325,0.4,0.11761823115925325,1255.6,7.454603376871615,5,0.6,10,2.1,1.0,0.7224598312333834,0.6,0.3126695474501863,0.3,0.10778928748621182,0.2,0.05668094798069332,1266.0,5.971563981042654,10,0.4,True,10,2.1,1.0,0.7224598312333834,0.7,0.3967732199795652,0.4,0.16817758120350967,0.0,-2.0052288475052677e-17,1277.6,5.917345021916093,10,0.4,True,0,,,,,,,,,,,,0,,0.27994312501082186,3.5721541651052964,2026-10-08T23:21:15.963886+00:00,pregame,experimental
2026020074,2026-10-10,8482699,Dylan Guenther,UTA,BUF,0,0,2026-10-10T23:00:00Z,effectif actuel ; participation non confirmée,34,5,3.6,1.0,0.565508505247919,0.8,0.37552826411853885,0.6,0.23071993220883702,0.6,0.23071993220883702,996.4,13.006824568446406,5,0.4,10,3.2,1.0,0.7224598312333834,0.8,0.49015684672072346,0.6,0.3126695474501863,0.5,0.2365895936154873,1035.8,11.121838192701293,10,0.5,True,10,2.4,1.0,0.7224598312333834,0.7,0.3967732199795652,0.3,0.10778928748621182,0.2,0.05668094798069332,1001.6,8.626198083067093,10,0.3,True,0,,,,,,,,,,,,0,,0.2754636240077617,3.630243389130113,2026-10-08T23:21:15.963886+00:00,pregame,experimental
2026020079,2026-10-10,8482077,Dylan Holloway,STL,CBJ,1,0,2026-10-10T23:00:00Z,effectif actuel ; participation non confirmée,29,5,2.2,1.0,0.565508505247919,0.6,0.23071993220883702,0.2,0.036223160969787456,0.2,0.036223160969787456,1045.4,7.5760474459537015,5,0.2,10,2.5,1.0,0.7224598312333834,0.8,0.49015684672072346,0.3,0.10778928748621182,0.3,0.10778928748621182,1093.4,8.231205414304005,10,0.2,True,10,3.2,1.0,0.7224598312333834,1.0,0.7224598312333834,0.5,0.2365895936154873,0.4,0.16817758120350967,1173.5,9.816787388155092,10,0.5,True,0,,,,,,,,,,,,0,,0.2715633961784735,3.682381403651295,2026-10-08T23:21:15.963886+00:00,pregame,experimental
2026020077,2026-10-10,8471215,Evgeni Malkin,PIT,DAL,1,0,2026-10-10T23:00:00Z,effectif actuel ; participation non confirmée,28,5,2.0,1.0,0.565508505247919,0.6,0.23071993220883702,0.2,0.036223160969787456,0.2,0.036223160969787456,1067.8,6.742835737029406,5,0.4,10,2.7,1.0,0.7224598312333834,0.8,0.49015684672072346,0.3,0.10778928748621182,0.3,0.10778928748621182,1068.8,9.094311377245509,10,0.4,True,10,2.8,0.9,0.5958436145024278,0.6,0.3126695474501863,0.5,0.2365895936154873,0.4,0.16817758120350967,1011.4,9.966383231164722,10,0.2,True,0,,,,,,,,,,,,0,,0.2691119829002555,3.7159252041580144,2026-10-08T23:21:15.963886+00:00,pregame,experimental
2026020078,2026-10-10,8474141,Patrick Kane,CHI,CAR,1,0,2026-10-10T23:00:00Z,effectif actuel ; participation non confirmée,37,5,1.6,0.6,0.23071993220883702,0.6,0.23071993220883702,0.2,0.036223160969787456,0.2,0.036223160969787456,1188.0,4.848484848484849,5,0.2,10,1.9,0.8,0.49015684672072346,0.5,0.2365895936154873,0.3,0.10778928748621182,0.2,0.05668094798069332,1129.9,6.053633064872997,10,0.3,True,10,3.1,1.0,0.7224598312333834,0.8,0.49015684672072346,0.7,0.3967732199795652,0.2,0.05668094798069332,1150.2,9.702660406885759,10,0.3,True,0,,,,,,,,,,,,0,,0.2670663782188249,3.744387469023281,2026-10-08T23:21:15.963886+00:00,pregame,experimental
2026020076,2026-10-10,8481596,Shane Pinto,OTT,NSH,1,0,2026-10-10T23:00:00Z,effectif actuel ; participation non confirmée,38,5,2.8,1.0,0.565508505247919,0.8,0.37552826411853885,0.6,0.23071993220883702,0.4,0.11761823115925325,1134.6,8.8841882601798,5,0.2,10,2.1,0.8,0.49015684672072346,0.7,0.3967732199795652,0.4,0.16817758120350967,0.2,0.05668094798069332,1102.2,6.859009254218835,10,0.3,True,10,2.3,0.9,0.5958436145024278,0.8,0.49015684672072346,0.6,0.3126695474501863,0.0,-2.0052288475052677e-17,1092.7,7.577560172050883,10,0.4,True,0,,,,,,,,,,,,0,,0.2661167530672762,3.757749140082108,2026-10-08T23:21:15.963886+00:00,pregame,experimental
2026020074,2026-10-10,8484145,Zach Benson,BUF,UTA,1,0,2026-10-10T23:00:00Z,effectif actuel ; participation non confirmée,34,5,2.2,1.0,0.565508505247919,0.6,0.23071993220883702,0.4,0.11761823115925325,0.2,0.036223160969787456,1170.4,6.7669172932330826,5,0.2,10,2.2,1.0,0.7224598312333834,0.6,0.3126695474501863,0.5,0.2365895936154873,0.1,0.01787574951572113,1060.9,7.465359600339334,10,0.2,True,10,1.9,1.0,0.7224598312333834,0.5,0.2365895936154873,0.3,0.10778928748621182,0.1,0.01787574951572113,1013.3,6.750222046777854,10,0.2,True,0,,,,,,,,,,,,0,,0.25896406835709623,3.861539580931586,2026-10-08T23:21:15.963886+00:00,pregame,experimental
2026020079,2026-10-10,8482720,Matthew Knies,CBJ,STL,0,0,2026-10-10T23:00:00Z,effectif actuel ; participation non confirmée,36,5,1.6,1.0,0.565508505247919,0.2,0.036223160969787456,0.2,0.036223160969787456,0.2,0.036223160969787456,1038.0,5.5491329479768785,5,0.2,10,1.4,0.9,0.5958436145024278,0.3,0.10778928748621182,0.1,0.01787574951572113,0.1,0.01787574951572113,1079.3,4.669693319744279,10,0.3,True,10,1.1,0.6,0.3126695474501863,0.3,0.10778928748621182,0.1,0.01787574951572113,0.1,0.01787574951572113,1147.7,3.45037901890738,10,0.4,True,1,0.0,0.0,0.0,0.0,0.0,0.0,0.0,0.0,0.0,926.0,0.0,1,0.0,0.25781611274387023,3.87873352583459,2026-10-08T23:21:15.963886+00:00,pregame,experimental
2026020079,2026-10-10,8480023,Robert Thomas,STL,CBJ,1,0,2026-10-10T23:00:00Z,effectif actuel ; participation non confirmée,25,5,1.4,0.6,0.23071993220883702,0.4,0.11761823115925325,0.4,0.11761823115925325,0.0,-3.139202815737979e-17,1149.6,4.384133611691023,5,0.2,10,1.7,0.8,0.49015684672072346,0.4,0.16817758120350967,0.3,0.10778928748621182,0.1,0.01787574951572113,1165.6,5.250514756348662,10,0.3,True,8,1.125,1.0,0.6755843804891231,0.125,0.02241690886329618,0.0,0.0,0.0,0.0,1138.375,3.5577028659273084,8,0.25,True,0,,,,,,,,,,,,0,,0.25669038711265135,3.8957438618889113,2026-10-08T23:21:15.963886+00:00,pregame,experimental
2026020079,2026-10-10,8483516,Jimmy Snuggerud,STL,CBJ,1,0,2026-10-10T23:00:00Z,effectif actuel ; participation non confirmée,37,5,2.6,1.0,0.565508505247919,0.8,0.37552826411853885,0.6,0.23071993220883702,0.2,0.036223160969787456,1032.4,9.066253390158852,5,0.4,10,3.1,1.0,0.7224598312333834,0.9,0.5958436145024278,0.5,0.2365895936154873,0.3,0.10778928748621182,1053.2,10.596278009874668,10,0.4,True,10,3.2,1.0,0.7224598312333834,0.9,0.5958436145024278,0.5,0.2365895936154873,0.3,0.10778928748621182,1090.2,10.566868464501926,10,0.5,True,1,2.0,1.0,0.20654329147389294,1.0,0.20654329147389294,0.0,0.0,0.0,0.0,1026.0,7.017543859649122,1,1.0,0.256172970252842,3.9036124654876847,2026-10-08T23:21:15.963886+00:00,pregame,experimental
2026020078,2026-10-10,8483493,Frank Nazar,CHI,CAR,1,0,2026-10-10T23:00:00Z,effectif actuel ; participation non confirmée,37,5,1.6,0.6,0.23071993220883702,0.6,0.23071993220883702,0.4,0.11761823115925325,0.0,-3.139202815737979e-17,1113.4,5.173342913597988,5,0.2,10,1.6,0.6,0.3126695474501863,0.4,0.16817758120350967,0.3,0.10778928748621182,0.1,0.01787574951572113,1049.7,5.487282080594456,10,0.2,True,10,1.4,0.7,0.3967732199795652,0.4,0.16817758120350967,0.2,0.05668094798069332,0.1,0.01787574951572113,1061.1,4.749787955894826,10,0.3,True,1,1.0,1.0,0.20654329147389294,0.0,0.0,0.0,0.0,0.0,0.0,999.0,3.6036036036036037,1,0.0,0.25550308876686917,3.9138470099374745,2026-10-08T23:21:15.963886+00:00,pregame,experimental
2026020077,2026-10-10,8475810,Bryan Rust,PIT,DAL,1,0,2026-10-10T23:00:00Z,effectif actuel ; participation non confirmée,30,5,1.8,0.8,0.37552826411853885,0.6,0.23071993220883702,0.4,0.11761823115925325,0.0,-3.139202815737979e-17,1079.4,6.003335186214564,5,0.6,10,2.0,0.9,0.5958436145024278,0.6,0.3126695474501863,0.4,0.16817758120350967,0.1,0.01787574951572113,1142.8,6.300315015750788,10,0.4,True,10,3.1,1.0,0.7224598312333834,0.9,0.5958436145024278,0.6,0.3126695474501863,0.4,0.16817758120350967,1174.7,9.50029794841236,10,0.3,True,1,2.0,1.0,0.20654329147389294,1.0,0.20654329147389294,0.0,0.0,0.0,0.0,1293.0,5.568445475638051,1,0.0,0.2540154941629645,3.9367677286584994,2026-10-08T23:21:15.963886+00:00,pregame,experimental
2026020080,2026-10-10,8475166,John Tavares,TOR,COL,0,0,2026-10-10T23:00:00Z,effectif actuel ; participation non confirmée,38,5,2.8,0.8,0.37552826411853885,0.6,0.23071993220883702,0.6,0.23071993220883702,0.4,0.11761823115925325,1085.6,9.285187914517318,5,0.2,10,2.3,0.9,0.5958436145024278,0.5,0.2365895936154873,0.5,0.2365895936154873,0.2,0.05668094798069332,1122.4,7.377049180327869,10,0.3,True,10,1.6,0.8,0.49015684672072346,0.4,0.16817758120350967,0.3,0.10778928748621182,0.1,0.01787574951572113,1159.4,4.968086941521476,10,0.4,True,0,,,,,,,,,,,,0,,0.25375323539654976,3.940836452537294,2026-10-08T23:21:15.963886+00:00,pregame,experimental
2026020074,2026-10-10,8479343,Clayton Keller,UTA,BUF,0,0,2026-10-10T23:00:00Z,effectif actuel ; participation non confirmée,37,5,2.4,1.0,0.565508505247919,0.8,0.37552826411853885,0.4,0.11761823115925325,0.2,0.036223160969787456,1096.4,7.880335643925575,5,0.2,10,2.1,0.9,0.5958436145024278,0.8,0.49015684672072346,0.3,0.10778928748621182,0.1,0.01787574951572113,1146.4,6.594556873691556,10,0.2,True,10,2.9,1.0,0.7224598312333834,1.0,0.7224598312333834,0.6,0.3126695474501863,0.1,0.01787574951572113,1082.7,9.642560266001663,10,0.4,True,0,,,,,,,,,,,,0,,0.24782526980261319,4.035101024187226,2026-10-08T23:21:15.963886+00:00,pregame,experimental
2026020076,2026-10-10,8482667,William Eklund,OTT,NSH,1,0,2026-10-10T23:00:00Z,effectif actuel ; participation non confirmée,38,5,2.6,1.0,0.565508505247919,0.8,0.37552826411853885,0.6,0.23071993220883702,0.2,0.036223160969787456,1029.0,9.096209912536443,5,0.4,10,2.1,1.0,0.7224598312333834,0.6,0.3126695474501863,0.4,0.16817758120350967,0.1,0.01787574951572113,1020.0,7.411764705882353,10,0.3,True,10,1.5,0.8,0.49015684672072346,0.6,0.3126695474501863,0.1,0.01787574951572113,0.0,-2.0052288475052677e-17,1008.6,5.353955978584176,10,0.2,True,1,1.0,1.0,0.20654329147389294,0.0,0.0,0.0,0.0,0.0,0.0,889.0,4.049493813273341,1,0.0,0.24730149485245356,4.043647211257763,2026-10-08T23:21:15.963886+00:00,pregame,experimental
2026020077,2026-10-10,8478438,Tommy Novak,PIT,DAL,1,0,2026-10-10T23:00:00Z,effectif actuel ; participation non confirmée,39,5,2.0,0.8,0.37552826411853885,0.8,0.37552826411853885,0.4,0.11761823115925325,0.0,-3.139202815737979e-17,974.2,7.39067953192363,5,0.4,10,2.2,0.8,0.49015684672072346,0.8,0.49015684672072346,0.5,0.2365895936154873,0.1,0.01787574951572113,961.1,8.240557694308604,10,0.3,True,10,1.6,0.8,0.49015684672072346,0.6,0.3126695474501863,0.2,0.05668094798069332,0.0,-2.0052288475052677e-17,911.7,6.31786771964462,10,0.1,True,1,0.0,0.0,0.0,0.0,0.0,0.0,0.0,0.0,0.0,914.0,0.0,1,0.0,0.24647381721739633,4.057226083036536,2026-10-08T23:21:15.963886+00:00,pregame,experimental
2026020077,2026-10-10,8475168,Matt Duchene,DAL,PIT,0,0,2026-10-10T23:00:00Z,effectif actuel ; participation non confirmée,33,5,2.2,0.8,0.37552826411853885,0.6,0.23071993220883702,0.4,0.11761823115925325,0.4,0.11761823115925325,1050.6,7.538549400342661,5,0.0,10,1.7,0.8,0.49015684672072346,0.5,0.2365895936154873,0.2,0.05668094798069332,0.2,0.05668094798069332,1031.1,5.935408786732616,10,0.2,True,10,1.6,0.7,0.3967732199795652,0.6,0.3126695474501863,0.2,0.05668094798069332,0.1,0.01787574951572113,1037.0,5.554484088717454,10,0.3,True,1,2.0,1.0,0.20654329147389294,1.0,0.20654329147389294,0.0,0.0,0.0,0.0,1053.0,6.837606837606837,1,0.0,0.2461783933175078,4.062094916308326,2026-10-08T23:21:15.963886+00:00,pregame,experimental
2026020080,2026-10-10,8476455,Gabriel Landeskog,COL,TOR,1,0,2026-10-10T23:00:00Z,effectif actuel ; participation non confirmée,22,5,2.2,0.8,0.37552826411853885,0.6,0.23071993220883702,0.4,0.11761823115925325,0.2,0.036223160969787456,1068.8,7.410179640718563,5,0.4,10,2.0,0.8,0.49015684672072346,0.6,0.3126695474501863,0.4,0.16817758120350967,0.1,0.01787574951572113,997.3,7.219492630101273,10,0.3,True,10,1.8,0.8,0.49015684672072346,0.6,0.3126695474501863,0.3,0.10778928748621182,0.1,0.01787574951572113,1004.1,6.453540484015536,10,0.4,True,0,,,,,,,,,,,,0,,0.23808744015404176,4.200137560187986,2026-10-08T23:21:15.963886+00:00,pregame,experimental
2026020079,2026-10-10,8478460,Zach Werenski,CBJ,STL,0,1,2026-10-10T23:00:00Z,effectif actuel ; participation non confirmée,33,5,3.8,1.0,0.565508505247919,0.8,0.37552826411853885,0.8,0.37552826411853885,0.4,0.11761823115925325,1711.4,7.993455650344747,5,0.0,10,3.3,0.8,0.49015684672072346,0.7,0.3967732199795652,0.7,0.3967732199795652,0.4,0.16817758120350967,1691.7,7.022521723709878,10,0.1,True,10,2.9,0.8,0.49015684672072346,0.7,0.3967732199795652,0.6,0.3126695474501863,0.4,0.16817758120350967,1617.8,6.4532080603288415,10,0.2,True,1,4.0,1.0,0.20654329147389294,1.0,0.20654329147389294,1.0,0.20654329147389294,1.0,0.20654329147389294,1378.0,10.449927431059507,1,0.0,0.23101857719759317,4.32865621514363,2026-10-08T23:21:15.963886+00:00,pregame,experimental
2026020079,2026-10-10,8475745,Charlie Coyle,CBJ,STL,0,0,2026-10-10T23:00:00Z,effectif actuel ; participation non confirmée,36,5,2.6,0.8,0.37552826411853885,0.6,0.23071993220883702,0.4,0.11761823115925325,0.4,0.11761823115925325,1113.0,8.409703504043126,5,0.2,10,1.6,0.6,0.3126695474501863,0.4,0.16817758120350967,0.2,0.05668094798069332,0.2,0.05668094798069332,1151.9,5.000434065457071,10,0.1,True,10,1.3,0.6,0.3126695474501863,0.2,0.05668094798069332,0.2,0.05668094798069332,0.1,0.01787574951572113,1182.6,3.95738203957382,10,0.1,True,1,2.0,1.0,0.20654329147389294,1.0,0.20654329147389294,0.0,0.0,0.0,0.0,1132.0,6.360424028268551,1,0.0,0.2296404902959162,4.354632751007427,2026-10-08T23:21:15.963886+00:00,pregame,experimental
2026020077,2026-10-10,8480027,Jason Robertson,DAL,PIT,0,0,2026-10-10T23:00:00Z,effectif actuel ; participation non confirmée,36,5,2.6,1.0,0.565508505247919,0.6,0.23071993220883702,0.4,0.11761823115925325,0.4,0.11761823115925325,1117.4,8.37658850903884,5,0.4,10,3.1,1.0,0.7224598312333834,0.8,0.49015684672072346,0.5,0.2365895936154873,0.5,0.2365895936154873,1213.6,9.195781147000659,10,0.5,True,10,3.5,1.0,0.7224598312333834,0.8,0.49015684672072346,0.7,0.3967732199795652,0.6,0.3126695474501863,1243.8,10.130246020260492,10,0.4,True,1,5.0,1.0,0.20654329147389294,1.0,0.20654329147389294,1.0,0.20654329147389294,1.0,0.20654329147389294,1263.0,14.251781472684085,1,1.0,0.2293790276357731,4.35959647360561,2026-10-08T23:21:15.963886+00:00,pregame,experimental
2026020075,2026-10-10,8477429,Andrew Copp,DET,MTL,0,0,2026-10-10T23:00:00Z,effectif actuel ; participation non confirmée,33,5,1.6,1.0,0.565508505247919,0.4,0.11761823115925325,0.2,0.036223160969787456,0.0,-3.139202815737979e-17,1155.8,4.983561169752552,5,0.0,10,1.7,1.0,0.7224598312333834,0.6,0.3126695474501863,0.1,0.01787574951572113,0.0,-2.0052288475052677e-17,1137.0,5.382585751978892,10,0.0,True,10,1.5,0.9,0.5958436145024278,0.5,0.2365895936154873,0.1,0.01787574951572113,0.0,-2.0052288475052677e-17,991.4,5.446842848497075,10,0.0,True,0,,,,,,,,,,,,0,,0.2253367057928433,4.437803403939529,2026-10-08T23:21:15.963886+00:00,pregame,experimental
2026020076,2026-10-10,8482145,Mavrik Bourque,NSH,OTT,0,0,2026-10-10T23:00:00Z,effectif actuel ; participation non confirmée,36,5,3.0,1.0,0.565508505247919,0.6,0.23071993220883702,0.4,0.11761823115925325,0.4,0.11761823115925325,1053.4,10.252515663565598,5,0.4,10,2.3,0.9,0.5958436145024278,0.7,0.3967732199795652,0.2,0.05668094798069332,0.2,0.05668094798069332,1086.3,7.6222038111019055,10,0.2,True,10,2.1,0.9,0.5958436145024278,0.4,0.16817758120350967,0.2,0.05668094798069332,0.2,0.05668094798069332,1069.9,7.066080942144126,10,0.4,True,0,,,,,,,,,,,,0,,0.22527575995318433,4.439004002063138,2026-10-08T23:21:15.963886+00:00,pregame,experimental
2026020078,2026-10-10,8482702,Logan Stankoven,CAR,CHI,0,0,2026-10-10T23:00:00Z,effectif actuel ; participation non confirmée,36,5,2.2,0.8,0.37552826411853885,0.6,0.23071993220883702,0.4,0.11761823115925325,0.4,0.11761823115925325,1054.4,7.511380880121396,5,0.2,10,2.2,0.9,0.5958436145024278,0.7,0.3967732199795652,0.4,0.16817758120350967,0.2,0.05668094798069332,1064.6,7.439413864362201,10,0.4,True,10,2.3,1.0,0.7224598312333834,0.8,0.49015684672072346,0.4,0.16817758120350967,0.1,0.01787574951572113,983.2,8.421480878763223,10,0.3,True,1,2.0,1.0,0.20654329147389294,1.0,0.20654329147389294,0.0,0.0,0.0,0.0,1064.0,6.7669172932330826,1,1.0,0.2244467899026722,4.455398985361449,2026-10-08T23:21:15.963886+00:00,pregame,experimental
2026020077,2026-10-10,8478420,Mikko Rantanen,DAL,PIT,0,0,2026-10-10T23:00:00Z,effectif actuel ; participation non confirmée,19,5,2.0,1.0,0.565508505247919,0.6,0.23071993220883702,0.4,0.11761823115925325,0.0,-3.139202815737979e-17,1219.0,5.9064807219032,5,0.2,10,1.5,0.8,0.49015684672072346,0.4,0.16817758120350967,0.3,0.10778928748621182,0.0,-2.0052288475052677e-17,1206.6,4.475385380407757,10,0.2,True,9,1.8888888888888888,0.8888888888888888,0.5649937852319398,0.5555555555555556,0.26664734574402965,0.3333333333333333,0.12058159868274292,0.1111111111111111,0.019890371327130518,1248.7777777777778,5.445324317110063,9,0.1111111111111111,True,1,3.0,1.0,0.20654329147389294,1.0,0.20654329147389294,1.0,0.20654329147389294,0.0,0.0,1137.0,9.49868073878628,1,1.0,0.22254188723136958,4.493536081862793,2026-10-08T23:21:15.963886+00:00,pregame,experimental
2026020075,2026-10-10,8478042,Viktor Arvidsson,DET,MTL,0,0,2026-10-10T23:00:00Z,effectif actuel ; participation non confirmée,35,5,2.6,1.0,0.565508505247919,0.6,0.23071993220883702,0.6,0.23071993220883702,0.4,0.11761823115925325,1011.8,9.25084008697371,5,0.6,10,2.4,1.0,0.7224598312333834,0.5,0.2365895936154873,0.5,0.2365895936154873,0.3,0.10778928748621182,957.4,9.024441194902861,10,0.4,True,10,1.8,0.8,0.49015684672072346,0.5,0.2365895936154873,0.4,0.16817758120350967,0.1,0.01787574951572113,922.9,7.021345757936938,10,0.1,True,1,2.0,1.0,0.20654329147389294,1.0,0.20654329147389294,0.0,0.0,0.0,0.0,1029.0,6.997084548104956,1,0.0,0.21881495097730955,4.570071631456742,2026-10-08T23:21:15.963886+00:00,pregame,experimental
2026020080,2026-10-10,8477476,Artturi Lehkonen,COL,TOR,1,0,2026-10-10T23:00:00Z,effectif actuel ; participation non confirmée,27,5,2.0,0.8,0.37552826411853885,0.8,0.37552826411853885,0.4,0.11761823115925325,0.0,-3.139202815737979e-17,1154.2,6.238086986657425,5,0.6,10,1.5,0.8,0.49015684672072346,0.5,0.2365895936154873,0.2,0.05668094798069332,0.0,-2.0052288475052677e-17,1117.3,4.833079745815806,10,0.3,True,10,1.7,0.8,0.49015684672072346,0.7,0.3967732199795652,0.2,0.05668094798069332,0.0,-2.0052288475052677e-17,1031.1,5.935408786732616,10,0.3,True,0,,,,,,,,,,,,0,,0.21732166077412293,4.60147413027258,2026-10-08T23:21:15.963886+00:00,pregame,experimental
2026020076,2026-10-10,8473512,Claude Giroux,OTT,NSH,1,0,2026-10-10T23:00:00Z,effectif actuel ; participation non confirmée,38,5,2.4,0.8,0.37552826411853885,0.4,0.11761823115925325,0.4,0.11761823115925325,0.4,0.11761823115925325,947.6,9.117771211481637,5,0.0,10,2.1,0.9,0.5958436145024278,0.4,0.16817758120350967,0.4,0.16817758120350967,0.2,0.05668094798069332,913.4,8.276768119115394,10,0.2,True,10,2.6,0.8,0.49015684672072346,0.6,0.3126695474501863,0.5,0.2365895936154873,0.2,0.05668094798069332,853.0,10.973036342321219,10,0.3,True,0,,,,,,,,,,,,0,,0.2170486460923762,4.607262095403252,2026-10-08T23:21:15.963886+00:00,pregame,experimental
2026020078,2026-10-10,8477479,Tyler Bertuzzi,CHI,CAR,1,0,2026-10-10T23:00:00Z,effectif actuel ; participation non confirmée,38,5,0.8,0.6,0.23071993220883702,0.2,0.036223160969787456,0.0,-3.139202815737979e-17,0.0,-3.139202815737979e-17,1021.0,2.820763956904995,5,0.2,10,1.3,0.8,0.49015684672072346,0.3,0.10778928748621182,0.2,0.05668094798069332,0.0,-2.0052288475052677e-17,1097.4,4.2646254784035,10,0.2,True,10,1.3,0.8,0.49015684672072346,0.3,0.10778928748621182,0.2,0.05668094798069332,0.0,-2.0052288475052677e-17,1109.9,4.2165960897378145,10,0.1,True,1,1.0,1.0,0.20654329147389294,0.0,0.0,0.0,0.0,0.0,0.0,1113.0,3.234501347708895,1,0.0,0.21515874477538022,4.647731148664082,2026-10-08T23:21:15.963886+00:00,pregame,experimental
2026020077,2026-10-10,8482475,Egor Chinakhov,PIT,DAL,1,0,2026-10-10T23:00:00Z,effectif actuel ; participation non confirmée,38,5,2.0,0.8,0.37552826411853885,0.8,0.37552826411853885,0.4,0.11761823115925325,0.0,-3.139202815737979e-17,977.2,7.367990176013099,5,0.2,10,2.0,0.9,0.5958436145024278,0.7,0.3967732199795652,0.3,0.10778928748621182,0.1,0.01787574951572113,966.3,7.451102142191866,10,0.3,True,10,2.0,0.9,0.5958436145024278,0.5,0.2365895936154873,0.3,0.10778928748621182,0.2,0.05668094798069332,978.0,7.361963190184049,10,0.4,True,1,3.0,1.0,0.20654329147389294,1.0,0.20654329147389294,1.0,0.20654329147389294,0.0,0.0,1116.0,9.67741935483871,1,0.0,0.21408185815950925,4.6711104275585775,2026-10-08T23:21:15.963886+00:00,pregame,experimental
2026020077,2026-10-10,8485414,Ben Kindel,PIT,DAL,1,0,2026-10-10T23:00:00Z,effectif actuel ; participation non confirmée,36,5,2.2,1.0,0.565508505247919,0.6,0.23071993220883702,0.2,0.036223160969787456,0.2,0.036223160969787456,1024.6,7.729845793480383,5,0.4,10,1.6,0.8,0.49015684672072346,0.4,0.16817758120350967,0.2,0.05668094798069332,0.1,0.01787574951572113,898.4,6.41139804096171,10,0.2,True,10,2.0,0.8,0.49015684672072346,0.5,0.2365895936154873,0.3,0.10778928748621182,0.3,0.10778928748621182,831.1,8.663217422692817,10,0.2,True,1,1.0,1.0,0.20654329147389294,0.0,0.0,0.0,0.0,0.0,0.0,837.0,4.301075268817204,1,0.0,0.21305073753939788,4.69371761651413,2026-10-08T23:21:15.963886+00:00,pregame,experimental
2026020077,2026-10-10,8478449,Roope Hintz,DAL,PIT,0,0,2026-10-10T23:00:00Z,effectif actuel ; participation non confirmée,12,5,1.8,0.8,0.37552826411853885,0.4,0.11761823115925325,0.2,0.036223160969787456,0.2,0.036223160969787456,901.0,7.192008879023308,5,0.0,10,1.8,0.9,0.5958436145024278,0.5,0.2365895936154873,0.2,0.05668094798069332,0.1,0.01787574951572113,973.0,6.659815005138746,10,0.1,True,5,2.2,1.0,0.565508505247919,1.0,0.565508505247919,0.2,0.036223160969787456,0.0,-3.139202815737979e-17,999.2,7.926341072858286,5,0.2,True,0,,,,,,,,,,,,0,,0.21203649958554568,4.716169159341136,2026-10-08T23:21:15.963886+00:00,pregame,experimental
2026020079,2026-10-10,8482745,Mason McTavish,STL,CBJ,1,0,2026-10-10T23:00:00Z,effectif actuel ; participation non confirmée,30,5,3.2,1.0,0.565508505247919,1.0,0.565508505247919,0.8,0.37552826411853885,0.2,0.036223160969787456,970.4,11.87139323990107,5,0.6,10,2.7,1.0,0.7224598312333834,0.9,0.5958436145024278,0.6,0.3126695474501863,0.1,0.01787574951572113,882.6,11.012916383412644,10,0.4,True,10,1.4,0.7,0.3967732199795652,0.5,0.2365895936154873,0.2,0.05668094798069332,0.0,-2.0052288475052677e-17,777.6,6.481481481481482,10,0.1,True,0,,,,,,,,,,,,0,,0.21164074163488983,4.724988167567194,2026-10-08T23:21:15.963886+00:00,pregame,experimental
2026020076,2026-10-10,8482092,Ridly Greig,OTT,NSH,1,0,2026-10-10T23:00:00Z,effectif actuel ; participation non confirmée,36,5,1.4,0.8,0.37552826411853885,0.6,0.23071993220883702,0.0,-3.139202815737979e-17,0.0,-3.139202815737979e-17,1047.8,4.810078259209773,5,0.2,10,1.9,0.9,0.5958436145024278,0.5,0.2365895936154873,0.2,0.05668094798069332,0.1,0.01787574951572113,1021.1,6.698658309666047,10,0.2,True,10,1.8,0.8,0.49015684672072346,0.4,0.16817758120350967,0.3,0.10778928748621182,0.1,0.01787574951572113,963.4,6.726178119161304,10,0.2,True,0,,,,,,,,,,,,0,,0.2106439469632942,4.747347428759751,2026-10-08T23:21:15.963886+00:00,pregame,experimental
2026020078,2026-10-10,8485391,Anton Frondell,CHI,CAR,1,0,2026-10-10T23:00:00Z,effectif actuel ; participation non confirmée,16,5,1.4,1.0,0.565508505247919,0.2,0.036223160969787456,0.2,0.036223160969787456,0.0,-3.139202815737979e-17,1005.6,5.011933174224343,5,0.2,10,2.8,1.0,0.7224598312333834,0.5,0.2365895936154873,0.5,0.2365895936154873,0.4,0.16817758120350967,1069.0,9.429373246024321,10,0.2,True,6,3.5,1.0,0.6096569663469354,0.6666666666666666,0.2999883213415286,0.6666666666666666,0.2999883213415286,0.5,0.1876128068994087,1074.8333333333333,11.722747712823693,6,0.5,True,1,5.0,1.0,0.20654329147389294,1.0,0.20654329147389294,1.0,0.20654329147389294,1.0,0.20654329147389294,1231.0,14.622258326563768,1,1.0,0.20824924888378882,4.801938087940182,2026-10-08T23:21:15.963886+00:00,pregame,experimental
2026020075,2026-10-10,8484984,Ivan Demidov,MTL,DET,1,0,2026-10-10T23:00:00Z,effectif actuel ; participation non confirmée,35,5,2.0,1.0,0.565508505247919,0.4,0.11761823115925325,0.4,0.11761823115925325,0.2,0.036223160969787456,936.4,7.689021785561725,5,0.4,10,2.2,1.0,0.7224598312333834,0.5,0.2365895936154873,0.4,0.16817758120350967,0.3,0.10778928748621182,1003.7,7.890804025107104,10,0.4,True,10,2.1,0.9,0.5958436145024278,0.6,0.3126695474501863,0.3,0.10778928748621182,0.3,0.10778928748621182,996.9,7.5835088775203126,10,0.2,True,0,,,,,,,,,,,,0,,0.20392128310087246,4.903853020115298,2026-10-08T23:21:15.963886+00:00,pregame,experimental
2026020079,2026-10-10,8477497,Sean Monahan,CBJ,STL,0,0,2026-10-10T23:00:00Z,effectif actuel ; participation non confirmée,36,5,1.6,1.0,0.565508505247919,0.2,0.036223160969787456,0.2,0.036223160969787456,0.2,0.036223160969787456,928.8,6.2015503875969,5,0.4,10,1.6,0.8,0.49015684672072346,0.3,0.10778928748621182,0.3,0.10778928748621182,0.2,0.05668094798069332,955.5,6.028257456828886,10,0.2,True,10,1.9,0.7,0.3967732199795652,0.6,0.3126695474501863,0.3,0.10778928748621182,0.2,0.05668094798069332,939.0,7.284345047923322,10,0.1,True,1,0.0,0.0,0.0,0.0,0.0,0.0,0.0,0.0,0.0,589.0,0.0,1,0.0,0.2029543336889466,4.927216787263225,2026-10-08T23:21:15.963886+00:00,pregame,experimental
2026020079,2026-10-10,8480459,Pius Suter,STL,CBJ,1,0,2026-10-10T23:00:00Z,effectif actuel ; participation non confirmée,30,5,1.0,0.4,0.11761823115925325,0.2,0.036223160969787456,0.2,0.036223160969787456,0.2,0.036223160969787456,883.0,4.077010192525481,5,0.2,10,1.1,0.6,0.3126695474501863,0.2,0.05668094798069332,0.2,0.05668094798069332,0.1,0.01787574951572113,882.7,4.486235414070466,10,0.2,True,10,1.5,0.8,0.49015684672072346,0.4,0.16817758120350967,0.3,0.10778928748621182,0.0,-2.0052288475052677e-17,913.3,5.912624548341181,10,0.3,True,1,0.0,0.0,0.0,0.0,0.0,0.0,0.0,0.0,0.0,1085.0,0.0,1,0.0,0.2012098723406779,4.969935065148558,2026-10-08T23:21:15.963886+00:00,pregame,experimental
2026020079,2026-10-10,8478500,Ivan Provorov,CBJ,STL,0,1,2026-10-10T23:00:00Z,effectif actuel ; participation non confirmée,34,5,3.2,1.0,0.565508505247919,1.0,0.565508505247919,0.6,0.23071993220883702,0.4,0.11761823115925325,1500.6,7.676929228308676,5,0.0,10,2.4,1.0,0.7224598312333834,0.7,0.3967732199795652,0.4,0.16817758120350967,0.2,0.05668094798069332,1461.0,5.9137577002053385,10,0.1,True,10,2.2,0.9,0.5958436145024278,0.9,0.5958436145024278,0.2,0.05668094798069332,0.1,0.01787574951572113,1406.3,5.631799758230819,10,0.1,True,1,0.0,0.0,0.0,0.0,0.0,0.0,0.0,0.0,0.0,1398.0,0.0,1,0.0,0.2007384218616712,4.981607361091539,2026-10-08T23:21:15.963886+00:00,pregame,experimental
2026020074,2026-10-10,8478474,Lawson Crouse,UTA,BUF,0,0,2026-10-10T23:00:00Z,effectif actuel ; participation non confirmée,36,5,2.2,1.0,0.565508505247919,0.6,0.23071993220883702,0.2,0.036223160969787456,0.2,0.036223160969787456,939.6,8.42911877394636,5,0.4,10,2.1,1.0,0.7224598312333834,0.7,0.3967732199795652,0.2,0.05668094798069332,0.1,0.01787574951572113,1015.9,7.44167733044591,10,0.4,True,10,1.9,0.9,0.5958436145024278,0.6,0.3126695474501863,0.2,0.05668094798069332,0.1,0.01787574951572113,954.8,7.1638039379974865,10,0.4,True,0,,,,,,,,,,,,0,,0.20054264717309478,4.986470529317726,2026-10-08T23:21:15.963886+00:00,pregame,experimental
2026020079,2026-10-10,8481580,Connor McMichael,STL,CBJ,1,0,2026-10-10T23:00:00Z,effectif actuel ; participation non confirmée,32,5,2.0,0.8,0.37552826411853885,0.6,0.23071993220883702,0.2,0.036223160969787456,0.2,0.036223160969787456,938.4,7.672634271099744,5,0.4,10,1.9,0.8,0.49015684672072346,0.5,0.2365895936154873,0.2,0.05668094798069332,0.2,0.05668094798069332,951.8,7.186383694053372,10,0.4,True,10,2.1,0.9,0.5958436145024278,0.6,0.3126695474501863,0.3,0.10778928748621182,0.2,0.05668094798069332,1000.1,7.55924407559244,10,0.3,True,0,,,,,,,,,,,,0,,0.1970485783448872,5.074890711719498,2026-10-08T23:21:15.963886+00:00,pregame,experimental
2026020074,2026-10-10,8483431,Logan Cooley,UTA,BUF,0,0,2026-10-10T23:00:00Z,effectif actuel ; participation non confirmée,29,5,0.4,0.4,0.11761823115925325,0.0,-3.139202815737979e-17,0.0,-3.139202815737979e-17,0.0,-3.139202815737979e-17,1009.2,1.426872770511296,5,0.0,10,1.2,0.7,0.3967732199795652,0.3,0.10778928748621182,0.2,0.05668094798069332,0.0,-2.0052288475052677e-17,1066.9,4.049114256256444,10,0.2,True,10,1.8,0.9,0.5958436145024278,0.5,0.2365895936154873,0.3,0.10778928748621182,0.1,0.01787574951572113,1006.8,6.436233611442193,10,0.2,True,0,,,,,,,,,,,,0,,0.19507354566367655,5.126271717663273,2026-10-08T23:21:15.963886+00:00,pregame,experimental
2026020079,2026-10-10,8479671,Mathieu Olivier,CBJ,STL,0,0,2026-10-10T23:00:00Z,effectif actuel ; participation non confirmée,28,5,1.6,1.0,0.565508505247919,0.4,0.11761823115925325,0.2,0.036223160969787456,0.0,-3.139202815737979e-17,737.6,7.809110629067245,5,0.2,10,2.3,1.0,0.7224598312333834,0.7,0.3967732199795652,0.3,0.10778928748621182,0.2,0.05668094798069332,787.9,10.5089478360198,10,0.4,True,10,2.1,0.9,0.5958436145024278,0.6,0.3126695474501863,0.2,0.05668094798069332,0.2,0.05668094798069332,864.2,8.747975005785698,10,0.3,True,1,2.0,1.0,0.20654329147389294,1.0,0.20654329147389294,0.0,0.0,0.0,0.0,1009.0,7.135777998017839,1,0.0,0.19471370668435528,5.135745279715058,2026-10-08T23:21:15.963886+00:00,pregame,experimental
2026020080,2026-10-10,8475172,Nazem Kadri,COL,TOR,1,0,2026-10-10T23:00:00Z,effectif actuel ; participation non confirmée,32,5,2.6,0.8,0.37552826411853885,0.8,0.37552826411853885,0.6,0.23071993220883702,0.4,0.11761823115925325,950.4,9.848484848484848,5,0.0,10,2.5,0.8,0.49015684672072346,0.8,0.49015684672072346,0.5,0.2365895936154873,0.3,0.10778928748621182,965.0,9.32642487046632,10,0.1,True,10,2.8,0.9,0.5958436145024278,0.8,0.49015684672072346,0.6,0.3126695474501863,0.3,0.10778928748621182,1148.9,8.773609539559578,10,0.1,True,1,3.0,1.0,0.20654329147389294,1.0,0.20654329147389294,1.0,0.20654329147389294,0.0,0.0,1155.0,9.35064935064935,1,1.0,0.1945231136687509,5.140777263636021,2026-10-08T23:21:15.963886+00:00,pregame,experimental
2026020080,2026-10-10,8475754,Brock Nelson,COL,TOR,1,0,2026-10-10T23:00:00Z,effectif actuel ; participation non confirmée,38,5,0.6,0.6,0.23071993220883702,0.0,-3.139202815737979e-17,0.0,-3.139202815737979e-17,0.0,-3.139202815737979e-17,1089.4,1.9827427941986415,5,0.2,10,1.3,0.7,0.3967732199795652,0.4,0.16817758120350967,0.2,0.05668094798069332,0.0,-2.0052288475052677e-17,1139.3,4.107785482313702,10,0.1,True,10,1.8,0.9,0.5958436145024278,0.5,0.2365895936154873,0.3,0.10778928748621182,0.1,0.01787574951572113,1200.2,5.399100149975004,10,0.2,True,0,,,,,,,,,,,,0,,0.19218859341030078,5.203222429882265,2026-10-08T23:21:15.963886+00:00,pregame,experimental
2026020076,2026-10-10,8476539,Jonathan Marchessault,NSH,OTT,0,0,2026-10-10T23:00:00Z,effectif actuel ; participation non confirmée,36,5,1.2,0.6,0.23071993220883702,0.4,0.11761823115925325,0.2,0.036223160969787456,0.0,-3.139202815737979e-17,956.2,4.517883288015059,5,0.0,10,1.8,0.8,0.49015684672072346,0.6,0.3126695474501863,0.3,0.10778928748621182,0.1,0.01787574951572113,1006.9,6.43559439864932,10,0.1,True,10,2.5,1.0,0.7224598312333834,0.9,0.5958436145024278,0.4,0.16817758120350967,0.2,0.05668094798069332,1024.2,8.787346221441124,10,0.1,True,0,,,,,,,,,,,,0,,0.19050551387545273,5.249191898213364,2026-10-08T23:21:15.963886+00:00,pregame,experimental
2026020078,2026-10-10,8483450,Ryan Greene,CHI,CAR,1,0,2026-10-10T23:00:00Z,effectif actuel ; participation non confirmée,37,5,0.8,0.6,0.23071993220883702,0.2,0.036223160969787456,0.0,-3.139202815737979e-17,0.0,-3.139202815737979e-17,954.4,3.0176026823134956,5,0.2,10,1.2,0.7,0.3967732199795652,0.3,0.10778928748621182,0.1,0.01787574951572113,0.1,0.01787574951572113,937.9,4.606034758503038,10,0.3,True,10,1.7,0.9,0.5958436145024278,0.4,0.16817758120350967,0.2,0.05668094798069332,0.2,0.05668094798069332,1044.9,5.8570198105081825,10,0.4,True,1,2.0,1.0,0.20654329147389294,1.0,0.20654329147389294,0.0,0.0,0.0,0.0,749.0,9.612817089452603,1,0.0,0.1898709341629585,5.2667355559631925,2026-10-08T23:21:15.963886+00:00,pregame,experimental
2026020080,2026-10-10,8476925,Colton Sissons,TOR,COL,0,0,2026-10-10T23:00:00Z,effectif actuel ; participation non confirmée,29,5,1.8,0.8,0.37552826411853885,0.6,0.23071993220883702,0.2,0.036223160969787456,0.2,0.036223160969787456,816.8,7.933398628795299,5,0.2,10,1.4,0.7,0.3967732199795652,0.5,0.2365895936154873,0.1,0.01787574951572113,0.1,0.01787574951572113,838.7,6.00930010730893,10,0.2,True,10,1.3,0.7,0.3967732199795652,0.5,0.2365895936154873,0.1,0.01787574951572113,0.0,-2.0052288475052677e-17,824.2,5.678233438485805,10,0.1,True,1,0.0,0.0,0.0,0.0,0.0,0.0,0.0,0.0,0.0,825.0,0.0,1,0.0,0.18948084541139187,5.277578310508628,2026-10-08T23:21:15.963886+00:00,pregame,experimental
2026020076,2026-10-10,8480208,Drake Batherson,OTT,NSH,1,0,2026-10-10T23:00:00Z,effectif actuel ; participation non confirmée,38,5,2.2,1.0,0.565508505247919,1.0,0.565508505247919,0.2,0.036223160969787456,0.0,-3.139202815737979e-17,1012.2,7.824540604623592,5,0.6,10,1.6,0.9,0.5958436145024278,0.6,0.3126695474501863,0.1,0.01787574951572113,0.0,-2.0052288475052677e-17,965.6,5.965202982601491,10,0.5,True,10,1.4,0.8,0.49015684672072346,0.4,0.16817758120350967,0.1,0.01787574951572113,0.1,0.01787574951572113,921.5,5.469343461747151,10,0.5,True,0,,,,,,,,,,,,0,,0.18945863307879865,5.278197059429249,2026-10-08T23:21:15.963886+00:00,pregame,experimental
2026020074,2026-10-10,8476389,Vincent Trocheck,UTA,BUF,0,0,2026-10-10T23:00:00Z,effectif actuel ; participation non confirmée,36,5,0.8,0.6,0.23071993220883702,0.2,0.036223160969787456,0.0,-3.139202815737979e-17,0.0,-3.139202815737979e-17,1055.4,2.7288231949971573,5,0.2,10,1.3,0.6,0.3126695474501863,0.4,0.16817758120350967,0.2,0.05668094798069332,0.1,0.01787574951572113,1079.8,4.334135951102056,10,0.2,True,10,1.7,0.8,0.49015684672072346,0.6,0.3126695474501863,0.2,0.05668094798069332,0.1,0.01787574951572113,1143.0,5.354330708661418,10,0.3,True,0,,,,,,,,,,,,0,,0.1888180885450867,5.296102760627281,2026-10-08T23:21:15.963886+00:00,pregame,experimental
2026020077,2026-10-10,8481725,Elmer Soderblom,PIT,DAL,1,0,2026-10-10T23:00:00Z,effectif actuel ; participation non confirmée,31,5,0.6,0.4,0.11761823115925325,0.2,0.036223160969787456,0.0,-3.139202815737979e-17,0.0,-3.139202815737979e-17,800.2,2.6993251687078232,5,0.2,10,1.2,0.7,0.3967732199795652,0.4,0.16817758120350967,0.1,0.01787574951572113,0.0,-2.0052288475052677e-17,763.2,5.660377358490566,10,0.4,True,10,1.3,0.8,0.49015684672072346,0.3,0.10778928748621182,0.2,0.05668094798069332,0.0,-2.0052288475052677e-17,708.6,6.604572396274344,10,0.2,True,1,0.0,0.0,0.0,0.0,0.0,0.0,0.0,0.0,0.0,528.0,0.0,1,0.0,0.1885564977976985,5.303450221444481,2026-10-08T23:21:15.963886+00:00,pregame,experimental
2026020080,2026-10-10,8477426,Nick Paul,TOR,COL,0,0,2026-10-10T23:00:00Z,effectif actuel ; participation non confirmée,27,5,1.6,0.8,0.37552826411853885,0.6,0.23071993220883702,0.2,0.036223160969787456,0.0,-3.139202815737979e-17,1002.4,5.746209098164406,5,0.0,10,1.5,0.8,0.49015684672072346,0.6,0.3126695474501863,0.1,0.01787574951572113,0.0,-2.0052288475052677e-17,910.0,5.934065934065934,10,0.1,True,10,0.8,0.5,0.2365895936154873,0.3,0.10778928748621182,0.0,-2.0052288475052677e-17,0.0,-2.0052288475052677e-17,767.5,3.752442996742671,10,0.1,True,0,,,,,,,,,,,,0,,0.18738806693689908,5.336519108960867,2026-10-08T23:21:15.963886+00:00,pregame,experimental
2026020078,2026-10-10,8473533,Jordan Staal,CAR,CHI,0,0,2026-10-10T23:00:00Z,effectif actuel ; participation non confirmée,33,5,1.8,0.8,0.37552826411853885,0.4,0.11761823115925325,0.4,0.11761823115925325,0.2,0.036223160969787456,1016.2,6.376697500492029,5,0.2,10,1.6,0.9,0.5958436145024278,0.4,0.16817758120350967,0.2,0.05668094798069332,0.1,0.01787574951572113,1008.1,5.713718877095526,10,0.1,True,10,1.4,0.8,0.49015684672072346,0.4,0.16817758120350967,0.1,0.01787574951572113,0.1,0.01787574951572113,982.0,5.132382892057026,10,0.3,True,0,,,,,,,,,,,,0,,0.18724750227342957,5.340525175816458,2026-10-08T23:21:15.963886+00:00,pregame,experimental
2026020075,2026-10-10,8484794,Michael Brandsegg-Nygård,DET,MTL,0,0,2026-10-10T23:00:00Z,effectif actuel ; participation non confirmée,8,5,2.6,0.8,0.37552826411853885,0.6,0.23071993220883702,0.6,0.23071993220883702,0.2,0.036223160969787456,835.6,11.201531833413116,5,0.0,8,2.0,0.75,0.40926987910258916,0.5,0.2152125268244419,0.375,0.13684175946152105,0.125,0.02241690886329618,787.5,9.142857142857142,8,0.0,True,5,1.2,0.6,0.23071993220883702,0.4,0.11761823115925325,0.2,0.036223160969787456,0.0,-3.139202815737979e-17,758.2,5.6977050910050115,5,0.0,True,0,,,,,,,,,,,,0,,0.18667040793018552,5.357035488849409,2026-10-08T23:21:15.963886+00:00,pregame,experimental
2026020078,2026-10-10,8477987,Ryan Donato,CHI,CAR,1,0,2026-10-10T23:00:00Z,effectif actuel ; participation non confirmée,38,5,1.8,0.8,0.37552826411853885,0.4,0.11761823115925325,0.2,0.036223160969787456,0.2,0.036223160969787456,715.8,9.052808046940486,5,0.2,10,2.0,0.7,0.3967732199795652,0.5,0.2365895936154873,0.3,0.10778928748621182,0.2,0.05668094798069332,822.6,8.752735229759299,10,0.2,True,10,1.8,0.7,0.3967732199795652,0.6,0.3126695474501863,0.3,0.10778928748621182,0.1,0.01787574951572113,839.6,7.71796093377799,10,0.0,True,1,0.0,0.0,0.0,0.0,0.0,0.0,0.0,0.0,0.0,953.0,0.0,1,0.0,0.18572188155151972,5.384395159288743,2026-10-08T23:21:15.963886+00:00,pregame,experimental
2026020077,2026-10-10,8480980,Connor Dewar,PIT,DAL,1,0,2026-10-10T23:00:00Z,effectif actuel ; participation non confirmée,35,5,1.2,0.6,0.23071993220883702,0.2,0.036223160969787456,0.2,0.036223160969787456,0.2,0.036223160969787456,878.4,4.918032786885246,5,0.0,10,1.0,0.6,0.3126695474501863,0.2,0.05668094798069332,0.1,0.01787574951572113,0.1,0.01787574951572113,872.5,4.126074498567335,10,0.0,True,10,1.3,0.6,0.3126695474501863,0.3,0.10778928748621182,0.2,0.05668094798069332,0.2,0.05668094798069332,899.5,5.202890494719289,10,0.1,True,1,0.0,0.0,0.0,0.0,0.0,0.0,0.0,0.0,0.0,935.0,0.0,1,0.0,0.18539550292517593,5.393874091992359,2026-10-08T23:21:15.963886+00:00,pregame,experimental
2026020080,2026-10-10,8484158,Easton Cowan,TOR,COL,0,0,2026-10-10T23:00:00Z,effectif actuel ; participation non confirmée,33,5,1.8,0.8,0.37552826411853885,0.6,0.23071993220883702,0.4,0.11761823115925325,0.0,-3.139202815737979e-17,933.2,6.943849121303043,5,0.2,10,1.5,0.8,0.49015684672072346,0.4,0.16817758120350967,0.3,0.10778928748621182,0.0,-2.0052288475052677e-17,1035.9,5.212858384013901,10,0.3,True,10,1.3,0.6,0.3126695474501863,0.4,0.16817758120350967,0.3,0.10778928748621182,0.0,-2.0052288475052677e-17,1092.6,4.283360790774299,10,0.3,True,0,,,,,,,,,,,,0,,0.18438414380058032,5.423459845232379,2026-10-08T23:21:15.963886+00:00,pregame,experimental
2026020074,2026-10-10,8483500,Noah Ostlund,BUF,UTA,1,0,2026-10-10T23:00:00Z,effectif actuel ; participation non confirmée,28,5,1.6,0.8,0.37552826411853885,0.6,0.23071993220883702,0.2,0.036223160969787456,0.0,-3.139202815737979e-17,1007.4,5.717689100655152,5,0.2,10,1.2,0.6,0.3126695474501863,0.5,0.2365895936154873,0.1,0.01787574951572113,0.0,-2.0052288475052677e-17,968.5,4.460505937016004,10,0.2,True,10,1.1,0.6,0.3126695474501863,0.4,0.16817758120350967,0.1,0.01787574951572113,0.0,-2.0052288475052677e-17,951.9,4.1601008509297195,10,0.1,True,0,,,,,,,,,,,,0,,0.18043155716974632,5.542267747870848,2026-10-08T23:21:15.963886+00:00,pregame,experimental
2026020078,2026-10-10,8476882,Teuvo Teravainen,CHI,CAR,1,0,2026-10-10T23:00:00Z,effectif actuel ; participation non confirmée,33,5,0.8,0.8,0.37552826411853885,0.0,-3.139202815737979e-17,0.0,-3.139202815737979e-17,0.0,-3.139202815737979e-17,836.0,3.444976076555024,5,0.0,10,1.2,0.9,0.5958436145024278,0.1,0.01787574951572113,0.1,0.01787574951572113,0.1,0.01787574951572113,979.7,4.409513116260079,10,0.1,True,10,0.9,0.7,0.3967732199795652,0.2,0.05668094798069332,0.0,-2.0052288475052677e-17,0.0,-2.0052288475052677e-17,964.3,3.35995022295966,10,0.0,True,1,1.0,1.0,0.20654329147389294,0.0,0.0,0.0,0.0,0.0,0.0,1062.0,3.389830508474576,1,0.0,0.1786763648992099,5.59671112944397,2026-10-08T23:21:15.963886+00:00,pregame,experimental
2026020079,2026-10-10,8482705,Cole Sillinger,CBJ,STL,0,0,2026-10-10T23:00:00Z,effectif actuel ; participation non confirmée,36,5,2.2,0.8,0.37552826411853885,0.8,0.37552826411853885,0.4,0.11761823115925325,0.2,0.036223160969787456,864.8,9.158186864014802,5,0.2,10,1.7,0.8,0.49015684672072346,0.5,0.2365895936154873,0.3,0.10778928748621182,0.1,0.01787574951572113,870.6,7.0296347346657475,10,0.1,True,10,1.3,0.6,0.3126695474501863,0.2,0.05668094798069332,0.2,0.05668094798069332,0.2,0.05668094798069332,864.2,5.415413098819718,10,0.0,True,1,1.0,1.0,0.20654329147389294,0.0,0.0,0.0,0.0,0.0,0.0,934.0,3.854389721627409,1,0.0,0.178500786824314,5.60221620190521,2026-10-08T23:21:15.963886+00:00,pregame,experimental
2026020074,2026-10-10,8480064,Josh Norris,BUF,UTA,1,0,2026-10-10T23:00:00Z,effectif actuel ; participation non confirmée,28,5,1.2,0.8,0.37552826411853885,0.4,0.11761823115925325,0.0,-3.139202815737979e-17,0.0,-3.139202815737979e-17,949.0,4.552160168598525,5,0.4,10,1.6,0.9,0.5958436145024278,0.5,0.2365895936154873,0.1,0.01787574951572113,0.1,0.01787574951572113,945.5,6.092014806980433,10,0.3,True,10,1.4,0.9,0.5958436145024278,0.5,0.2365895936154873,0.0,-2.0052288475052677e-17,0.0,-2.0052288475052677e-17,988.9,5.096571948629791,10,0.2,True,0,,,,,,,,,,,,0,,0.1764277475654274,5.668042662218735,2026-10-08T23:21:15.963886+00:00,pregame,experimental
2026020078,2026-10-10,8475791,Taylor Hall,CAR,CHI,0,0,2026-10-10T23:00:00Z,effectif actuel ; participation non confirmée,35,5,1.8,1.0,0.565508505247919,0.4,0.11761823115925325,0.2,0.036223160969787456,0.2,0.036223160969787456,904.2,7.1665560716655605,5,0.2,10,1.9,1.0,0.7224598312333834,0.5,0.2365895936154873,0.3,0.10778928748621182,0.1,0.01787574951572113,929.5,7.358795051102743,10,0.4,True,10,2.0,0.8,0.49015684672072346,0.7,0.3967732199795652,0.3,0.10778928748621182,0.2,0.05668094798069332,916.8,7.853403141361256,10,0.3,True,1,2.0,1.0,0.20654329147389294,1.0,0.20654329147389294,0.0,0.0,0.0,0.0,907.0,7.938257993384785,1,1.0,0.17494971973252693,5.715927990789907,2026-10-08T23:21:15.963886+00:00,pregame,experimental
2026020080,2026-10-10,8478458,Jack Roslovic,TOR,COL,0,0,2026-10-10T23:00:00Z,effectif actuel ; participation non confirmée,37,5,2.2,1.0,0.565508505247919,0.8,0.37552826411853885,0.2,0.036223160969787456,0.2,0.036223160969787456,984.8,8.042242079610073,5,0.2,10,2.1,0.9,0.5958436145024278,0.7,0.3967732199795652,0.3,0.10778928748621182,0.2,0.05668094798069332,992.8,7.614826752618856,10,0.2,True,10,1.8,0.9,0.5958436145024278,0.5,0.2365895936154873,0.3,0.10778928748621182,0.1,0.01787574951572113,923.7,7.015264696329977,10,0.3,True,1,3.0,1.0,0.20654329147389294,1.0,0.20654329147389294,1.0,0.20654329147389294,0.0,0.0,922.0,11.713665943600867,1,1.0,0.1693153194683905,5.906140112659386,2026-10-08T23:21:15.963886+00:00,pregame,experimental
2026020080,2026-10-10,8482742,Zachary L'Heureux,COL,TOR,1,0,2026-10-10T23:00:00Z,effectif actuel ; participation non confirmée,26,5,1.8,0.6,0.23071993220883702,0.4,0.11761823115925325,0.4,0.11761823115925325,0.2,0.036223160969787456,763.6,8.486118386589837,5,0.0,10,1.9,0.8,0.49015684672072346,0.5,0.2365895936154873,0.3,0.10778928748621182,0.2,0.05668094798069332,827.3,8.267859301341714,10,0.2,True,10,0.7,0.4,0.16817758120350967,0.2,0.05668094798069332,0.1,0.01787574951572113,0.0,-2.0052288475052677e-17,831.0,3.032490974729242,10,0.1,True,0,,,,,,,,,,,,0,,0.16861017685097818,5.930840111055838,2026-10-08T23:21:15.963886+00:00,pregame,experimental
2026020080,2026-10-10,8475768,Jaden Schwartz,COL,TOR,1,0,2026-10-10T23:00:00Z,effectif actuel ; participation non confirmée,25,5,1.8,0.8,0.37552826411853885,0.6,0.23071993220883702,0.2,0.036223160969787456,0.2,0.036223160969787456,852.6,7.600281491907108,5,0.2,10,1.5,0.7,0.3967732199795652,0.4,0.16817758120350967,0.2,0.05668094798069332,0.2,0.05668094798069332,902.2,5.985369097761029,10,0.2,True,10,1.1,0.7,0.3967732199795652,0.2,0.05668094798069332,0.1,0.01787574951572113,0.1,0.01787574951572113,861.5,4.596633778293674,10,0.2,True,1,3.0,1.0,0.20654329147389294,1.0,0.20654329147389294,1.0,0.20654329147389294,0.0,0.0,748.0,14.438502673796792,1,0.0,0.16847243051106114,5.935689281424265,2026-10-08T23:21:15.963886+00:00,pregame,experimental
2026020074,2026-10-10,8482659,Josh Doan,BUF,UTA,1,0,2026-10-10T23:00:00Z,effectif actuel ; participation non confirmée,38,5,1.2,0.8,0.37552826411853885,0.2,0.036223160969787456,0.2,0.036223160969787456,0.0,-3.139202815737979e-17,944.6,4.573364387042134,5,0.0,10,1.4,0.8,0.49015684672072346,0.3,0.10778928748621182,0.2,0.05668094798069332,0.1,0.01787574951572113,915.5,5.505188421627526,10,0.1,True,10,1.2,0.7,0.3967732199795652,0.2,0.05668094798069332,0.2,0.05668094798069332,0.1,0.01787574951572113,903.4,4.781934912552579,10,0.1,True,0,,,,,,,,,,,,0,,0.1674640555840172,5.97143068411058,2026-10-08T23:21:15.963886+00:00,pregame,experimental
2026020078,2026-10-10,8476921,Jordan Martinook,CAR,CHI,0,0,2026-10-10T23:00:00Z,effectif actuel ; participation non confirmée,35,5,1.8,0.8,0.37552826411853885,0.6,0.23071993220883702,0.4,0.11761823115925325,0.0,-3.139202815737979e-17,930.4,6.964746345657781,5,0.0,10,1.4,0.7,0.3967732199795652,0.5,0.2365895936154873,0.2,0.05668094798069332,0.0,-2.0052288475052677e-17,920.6,5.4746904192917665,10,0.1,True,10,1.3,0.7,0.3967732199795652,0.4,0.16817758120350967,0.2,0.05668094798069332,0.0,-2.0052288475052677e-17,926.9,5.049088359046284,10,0.1,True,0,,,,,,,,,,,,0,,0.16668826250855712,5.999222650417056,2026-10-08T23:21:15.963886+00:00,pregame,experimental
2026020075,2026-10-10,8481618,Alex Newhook,MTL,DET,1,0,2026-10-10T23:00:00Z,effectif actuel ; participation non confirmée,28,5,1.0,0.8,0.37552826411853885,0.2,0.036223160969787456,0.0,-3.139202815737979e-17,0.0,-3.139202815737979e-17,929.4,3.8734667527437057,5,0.2,10,1.4,0.8,0.49015684672072346,0.4,0.16817758120350967,0.1,0.01787574951572113,0.1,0.01787574951572113,935.0,5.390374331550802,10,0.1,True,10,1.3,0.8,0.49015684672072346,0.4,0.16817758120350967,0.1,0.01787574951572113,0.0,-2.0052288475052677e-17,883.2,5.298913043478261,10,0.2,True,0,,,,,,,,,,,,0,,0.16573232355621467,6.033825982418031,2026-10-08T23:21:15.963886+00:00,pregame,experimental
2026020077,2026-10-10,8483808,Andrei Kuzmenko,PIT,DAL,1,0,2026-10-10T23:00:00Z,effectif actuel ; participation non confirmée,11,5,1.6,0.8,0.37552826411853885,0.4,0.11761823115925325,0.2,0.036223160969787456,0.2,0.036223160969787456,767.0,7.509778357235985,5,0.2,10,1.3,0.8,0.49015684672072346,0.3,0.10778928748621182,0.1,0.01787574951572113,0.1,0.01787574951572113,808.6,5.787781350482315,10,0.2,True,5,2.2,0.8,0.37552826411853885,0.6,0.23071993220883702,0.4,0.11761823115925325,0.4,0.11761823115925325,862.2,9.18580375782881,5,0.4,True,0,,,,,,,,,,,,0,,0.16457326556537613,6.076321063233406,2026-10-08T23:21:15.963886+00:00,pregame,experimental
2026020074,2026-10-10,8481522,Peyton Krebs,BUF,UTA,1,0,2026-10-10T23:00:00Z,effectif actuel ; participation non confirmée,38,5,1.0,0.8,0.37552826411853885,0.2,0.036223160969787456,0.0,-3.139202815737979e-17,0.0,-3.139202815737979e-17,930.6,3.8684719535783367,5,0.0,10,1.3,0.9,0.5958436145024278,0.4,0.16817758120350967,0.0,-2.0052288475052677e-17,0.0,-2.0052288475052677e-17,865.0,5.410404624277457,10,0.1,True,10,1.5,1.0,0.7224598312333834,0.3,0.10778928748621182,0.2,0.05668094798069332,0.0,-2.0052288475052677e-17,876.6,6.160164271047228,10,0.3,True,0,,,,,,,,,,,,0,,0.16448847793250768,6.079453178540058,2026-10-08T23:21:15.963886+00:00,pregame,experimental
2026020077,2026-10-10,8482758,Ville Koivunen,PIT,DAL,1,0,2026-10-10T23:00:00Z,effectif actuel ; participation non confirmée,15,5,1.4,1.0,0.565508505247919,0.4,0.11761823115925325,0.0,-3.139202815737979e-17,0.0,-3.139202815737979e-17,855.2,5.893358278765201,5,0.2,10,0.8,0.6,0.3126695474501863,0.2,0.05668094798069332,0.0,-2.0052288475052677e-17,0.0,-2.0052288475052677e-17,787.4,3.6576073152146305,10,0.1,True,6,0.3333333333333333,0.3333333333333333,0.09676933255921684,0.0,0.0,0.0,0.0,0.0,0.0,796.6666666666666,1.506276150627615,6,0.0,True,1,1.0,1.0,0.20654329147389294,0.0,0.0,0.0,0.0,0.0,0.0,696.0,5.172413793103448,1,0.0,0.16333268692940456,6.122473209739204,2026-10-08T23:21:15.963886+00:00,pregame,experimental
2026020077,2026-10-10,8479638,Justin Brazeau,PIT,DAL,1,0,2026-10-10T23:00:00Z,effectif actuel ; participation non confirmée,31,5,0.6,0.4,0.11761823115925325,0.2,0.036223160969787456,0.0,-3.139202815737979e-17,0.0,-3.139202815737979e-17,760.6,2.8398632658427556,5,0.0,10,0.9,0.5,0.2365895936154873,0.3,0.10778928748621182,0.1,0.01787574951572113,0.0,-2.0052288475052677e-17,738.1,4.3896490990380705,10,0.1,True,10,1.1,0.7,0.3967732199795652,0.3,0.10778928748621182,0.1,0.01787574951572113,0.0,-2.0052288475052677e-17,697.7,5.675791887630787,10,0.1,True,1,0.0,0.0,0.0,0.0,0.0,0.0,0.0,0.0,0.0,722.0,0.0,1,0.0,0.1612032976268684,6.203347045137158,2026-10-08T23:21:15.963886+00:00,pregame,experimental
2026020075,2026-10-10,8475184,Chris Kreider,MTL,DET,1,0,2026-10-10T23:00:00Z,effectif actuel ; participation non confirmée,36,5,1.0,1.0,0.565508505247919,0.0,-3.139202815737979e-17,0.0,-3.139202815737979e-17,0.0,-3.139202815737979e-17,912.6,3.9447731755424065,5,0.2,10,1.6,0.9,0.5958436145024278,0.4,0.16817758120350967,0.2,0.05668094798069332,0.1,0.01787574951572113,948.7,6.071466216928428,10,0.1,True,10,1.8,0.8,0.49015684672072346,0.6,0.3126695474501863,0.3,0.10778928748621182,0.1,0.01787574951572113,999.2,6.4851881505204165,10,0.1,True,0,,,,,,,,,,,,0,,0.16088597005822822,6.215582375753944,2026-10-08T23:21:15.963886+00:00,pregame,experimental
2026020076,2026-10-10,8480835,Jack Drury,NSH,OTT,0,0,2026-10-10T23:00:00Z,effectif actuel ; participation non confirmée,39,5,1.0,0.6,0.23071993220883702,0.4,0.11761823115925325,0.0,-3.139202815737979e-17,0.0,-3.139202815737979e-17,840.0,4.285714285714286,5,0.0,10,1.2,0.6,0.3126695474501863,0.4,0.16817758120350967,0.2,0.05668094798069332,0.0,-2.0052288475052677e-17,817.5,5.284403669724771,10,0.0,True,10,1.7,0.7,0.3967732199795652,0.4,0.16817758120350967,0.3,0.10778928748621182,0.2,0.05668094798069332,792.8,7.7194752774974775,10,0.1,True,1,1.0,1.0,0.20654329147389294,0.0,0.0,0.0,0.0,0.0,0.0,990.0,3.6363636363636362,1,0.0,0.15806051935841015,6.3266905869925045,2026-10-08T23:21:15.963886+00:00,pregame,experimental
2026020076,2026-10-10,8480188,Fabian Zetterlund,OTT,NSH,1,0,2026-10-10T23:00:00Z,effectif actuel ; participation non confirmée,38,5,1.4,0.8,0.37552826411853885,0.4,0.11761823115925325,0.2,0.036223160969787456,0.0,-3.139202815737979e-17,880.6,5.723370429252782,5,0.2,10,1.4,0.8,0.49015684672072346,0.5,0.2365895936154873,0.1,0.01787574951572113,0.0,-2.0052288475052677e-17,758.8,6.642066420664206,10,0.3,True,10,1.8,0.9,0.5958436145024278,0.6,0.3126695474501863,0.3,0.10778928748621182,0.0,-2.0052288475052677e-17,682.1,9.500073303034746,10,0.3,True,0,,,,,,,,,,,,0,,0.15599877987024335,6.410306547472871,2026-10-08T23:21:15.963886+00:00,pregame,experimental
2026020075,2026-10-10,8484471,Emmitt Finnie,DET,MTL,0,0,2026-10-10T23:00:00Z,effectif actuel ; participation non confirmée,36,5,1.2,0.8,0.37552826411853885,0.4,0.11761823115925325,0.0,-3.139202815737979e-17,0.0,-3.139202815737979e-17,987.6,4.374240583232078,5,0.2,10,1.1,0.7,0.3967732199795652,0.3,0.10778928748621182,0.1,0.01787574951572113,0.0,-2.0052288475052677e-17,991.5,3.993948562783661,10,0.2,True,10,0.8,0.6,0.3126695474501863,0.1,0.01787574951572113,0.1,0.01787574951572113,0.0,-2.0052288475052677e-17,959.8,3.000625130235466,10,0.0,True,0,,,,,,,,,,,,0,,0.1559842669383089,6.410902968794254,2026-10-08T23:21:15.963886+00:00,pregame,experimental
2026020076,2026-10-10,8484241,Matthew Wood,NSH,OTT,0,0,2026-10-10T23:00:00Z,effectif actuel ; participation non confirmée,36,5,1.0,0.6,0.23071993220883702,0.2,0.036223160969787456,0.2,0.036223160969787456,0.0,-3.139202815737979e-17,891.4,4.038590980480143,5,0.0,10,1.5,0.8,0.49015684672072346,0.5,0.2365895936154873,0.2,0.05668094798069332,0.0,-2.0052288475052677e-17,838.7,6.4385358292595685,10,0.1,True,10,1.6,0.8,0.49015684672072346,0.5,0.2365895936154873,0.3,0.10778928748621182,0.0,-2.0052288475052677e-17,870.6,6.6161268090971745,10,0.1,True,0,,,,,,,,,,,,0,,0.15540747648105974,6.434696853995148,2026-10-08T23:21:15.963886+00:00,pregame,experimental
2026020079,2026-10-10,8477402,Pavel Buchnevich,STL,CBJ,1,0,2026-10-10T23:00:00Z,effectif actuel ; participation non confirmée,36,5,1.6,0.8,0.37552826411853885,0.8,0.37552826411853885,0.0,-3.139202815737979e-17,0.0,-3.139202815737979e-17,974.0,5.9137577002053385,5,0.4,10,1.3,0.8,0.49015684672072346,0.5,0.2365895936154873,0.0,-2.0052288475052677e-17,0.0,-2.0052288475052677e-17,964.8,4.850746268656716,10,0.3,True,10,1.2,0.7,0.3967732199795652,0.5,0.2365895936154873,0.0,-2.0052288475052677e-17,0.0,-2.0052288475052677e-17,1039.5,4.1558441558441555,10,0.3,True,1,4.0,1.0,0.20654329147389294,1.0,0.20654329147389294,1.0,0.20654329147389294,1.0,0.20654329147389294,1100.0,13.090909090909092,1,0.0,0.15465587077051476,6.465968572792457,2026-10-08T23:21:15.963886+00:00,pregame,experimental
2026020080,2026-10-10,8478178,Darren Raddysh,TOR,COL,0,1,2026-10-10T23:00:00Z,effectif actuel ; participation non confirmée,36,5,3.2,1.0,0.565508505247919,1.0,0.565508505247919,0.6,0.23071993220883702,0.4,0.11761823115925325,1342.2,8.58292355833706,5,0.0,10,3.1,1.0,0.7224598312333834,0.9,0.5958436145024278,0.6,0.3126695474501863,0.4,0.16817758120350967,1288.0,8.664596273291925,10,0.2,True,10,4.2,1.0,0.7224598312333834,0.9,0.5958436145024278,0.9,0.5958436145024278,0.7,0.3967732199795652,1350.7,11.194195602280299,10,0.3,True,0,,,,,,,,,,,,0,,0.15444582299485596,6.4747623510239345,2026-10-08T23:21:15.963886+00:00,pregame,experimental
2026020076,2026-10-10,8474600,Roman Josi,NSH,OTT,0,1,2026-10-10T23:00:00Z,effectif actuel ; participation non confirmée,35,5,1.8,0.8,0.37552826411853885,0.6,0.23071993220883702,0.4,0.11761823115925325,0.0,-3.139202815737979e-17,1548.4,4.184965125290622,5,0.2,10,2.5,0.9,0.5958436145024278,0.8,0.49015684672072346,0.5,0.2365895936154873,0.3,0.10778928748621182,1528.3,5.88889615913106,10,0.2,True,10,2.4,0.9,0.5958436145024278,0.7,0.3967732199795652,0.4,0.16817758120350967,0.4,0.16817758120350967,1588.6,5.438751101598892,10,0.1,True,0,,,,,,,,,,,,0,,0.15429214290025214,6.481211429194336,2026-10-08T23:21:15.963886+00:00,pregame,experimental
2026020077,2026-10-10,8479351,Sam Steel,DAL,PIT,0,0,2026-10-10T23:00:00Z,effectif actuel ; participation non confirmée,27,5,1.4,0.8,0.37552826411853885,0.4,0.11761823115925325,0.2,0.036223160969787456,0.0,-3.139202815737979e-17,858.2,5.872756933115824,5,0.0,10,1.1,0.6,0.3126695474501863,0.4,0.16817758120350967,0.1,0.01787574951572113,0.0,-2.0052288475052677e-17,905.8,4.371826010156767,10,0.1,True,10,1.7,0.6,0.3126695474501863,0.5,0.2365895936154873,0.3,0.10778928748621182,0.2,0.05668094798069332,885.4,6.912130110684436,10,0.1,True,0,,,,,,,,,,,,0,,0.1537535719077322,6.503913942240652,2026-10-08T23:21:15.963886+00:00,pregame,experimental
2026020074,2026-10-10,8475314,Anders Lee,UTA,BUF,0,0,2026-10-10T23:00:00Z,effectif actuel ; participation non confirmée,38,5,2.2,1.0,0.565508505247919,0.6,0.23071993220883702,0.4,0.11761823115925325,0.2,0.036223160969787456,794.6,9.96727913415555,5,0.2,10,2.4,1.0,0.7224598312333834,0.7,0.3967732199795652,0.5,0.2365895936154873,0.2,0.05668094798069332,877.9,9.841667615901583,10,0.2,True,10,2.0,0.9,0.5958436145024278,0.6,0.3126695474501863,0.2,0.05668094798069332,0.2,0.05668094798069332,898.8,8.01068090787717,10,0.2,True,1,2.0,1.0,0.20654329147389294,1.0,0.20654329147389294,0.0,0.0,0.0,0.0,850.0,8.470588235294118,1,1.0,0.15360976719374633,6.510002705353435,2026-10-08T23:21:15.963886+00:00,pregame,experimental
2026020078,2026-10-10,8478413,Jordan Greenway,CHI,CAR,1,0,2026-10-10T23:00:00Z,effectif actuel ; participation non confirmée,13,5,1.8,0.8,0.37552826411853885,0.4,0.11761823115925325,0.2,0.036223160969787456,0.2,0.036223160969787456,871.8,7.432897453544391,5,0.2,10,1.2,0.7,0.3967732199795652,0.2,0.05668094798069332,0.1,0.01787574951572113,0.1,0.01787574951572113,804.8,5.36779324055666,10,0.1,True,5,0.4,0.4,0.11761823115925325,0.0,-3.139202815737979e-17,0.0,-3.139202815737979e-17,0.0,-3.139202815737979e-17,759.2,1.8967334035827186,5,0.0,True,0,,,,,,,,,,,,0,,0.15349586264338927,6.514833577783524,2026-10-08T23:21:15.963886+00:00,pregame,experimental
2026020076,2026-10-10,8477021,Alexander Kerfoot,NSH,OTT,0,0,2026-10-10T23:00:00Z,effectif actuel ; participation non confirmée,28,5,1.2,0.8,0.37552826411853885,0.2,0.036223160969787456,0.2,0.036223160969787456,0.0,-3.139202815737979e-17,971.2,4.448105436573312,5,0.2,10,0.7,0.5,0.2365895936154873,0.1,0.01787574951572113,0.1,0.01787574951572113,0.0,-2.0052288475052677e-17,962.4,2.6184538653366585,10,0.2,True,10,0.6,0.5,0.2365895936154873,0.1,0.01787574951572113,0.0,-2.0052288475052677e-17,0.0,-2.0052288475052677e-17,865.3,2.4962440771986594,10,0.2,True,0,,,,,,,,,,,,0,,0.15247879078564916,6.558289155150599,2026-10-08T23:21:15.963886+00:00,pregame,experimental
2026020075,2026-10-10,8477456,J.T. Compher,DET,MTL,0,0,2026-10-10T23:00:00Z,effectif actuel ; participation non confirmée,35,5,1.0,0.8,0.37552826411853885,0.2,0.036223160969787456,0.0,-3.139202815737979e-17,0.0,-3.139202815737979e-17,883.4,4.07516413855558,5,0.0,10,1.2,0.8,0.49015684672072346,0.3,0.10778928748621182,0.1,0.01787574951572113,0.0,-2.0052288475052677e-17,965.6,4.473902236951118,10,0.1,True,10,1.2,0.8,0.49015684672072346,0.2,0.05668094798069332,0.2,0.05668094798069332,0.0,-2.0052288475052677e-17,1050.5,4.112327463112804,10,0.1,True,0,,,,,,,,,,,,0,,0.1521497266173737,6.5724731961878655,2026-10-08T23:21:15.963886+00:00,pregame,experimental
2026020075,2026-10-10,8476479,Phillip Danault,MTL,DET,1,0,2026-10-10T23:00:00Z,effectif actuel ; participation non confirmée,35,5,1.2,0.4,0.11761823115925325,0.4,0.11761823115925325,0.4,0.11761823115925325,0.0,-3.139202815737979e-17,855.8,5.047908389810703,5,0.0,10,1.4,0.6,0.3126695474501863,0.5,0.2365895936154873,0.3,0.10778928748621182,0.0,-2.0052288475052677e-17,831.0,6.064981949458484,10,0.1,True,10,1.0,0.6,0.3126695474501863,0.2,0.05668094798069332,0.2,0.05668094798069332,0.0,-2.0052288475052677e-17,811.5,4.436229205175601,10,0.1,True,0,,,,,,,,,,,,0,,0.1511314812061993,6.616755106341013,2026-10-08T23:21:15.963886+00:00,pregame,experimental
2026020074,2026-10-10,8484797,Konsta Helenius,BUF,UTA,1,0,2026-10-10T23:00:00Z,effectif actuel ; participation non confirmée,12,5,1.2,0.6,0.23071993220883702,0.4,0.11761823115925325,0.2,0.036223160969787456,0.0,-3.139202815737979e-17,775.6,5.56988138215575,5,0.2,10,1.6,0.8,0.49015684672072346,0.6,0.3126695474501863,0.2,0.05668094798069332,0.0,-2.0052288475052677e-17,747.0,7.710843373493976,10,0.1,True,5,1.6,0.6,0.23071993220883702,0.6,0.23071993220883702,0.4,0.11761823115925325,0.0,-3.139202815737979e-17,704.6,8.174850979279023,5,0.0,True,0,,,,,,,,,,,,0,,0.1508555235831877,6.628859031791172,2026-10-08T23:21:15.963886+00:00,pregame,experimental
2026020077,2026-10-10,8484829,Justin Hryckowian,DAL,PIT,0,0,2026-10-10T23:00:00Z,effectif actuel ; participation non confirmée,36,5,1.0,0.8,0.37552826411853885,0.2,0.036223160969787456,0.0,-3.139202815737979e-17,0.0,-3.139202815737979e-17,939.6,3.8314176245210727,5,0.2,10,1.1,0.7,0.3967732199795652,0.3,0.10778928748621182,0.1,0.01787574951572113,0.0,-2.0052288475052677e-17,968.6,4.088374974189552,10,0.2,True,10,1.1,0.7,0.3967732199795652,0.2,0.05668094798069332,0.1,0.01787574951572113,0.1,0.01787574951572113,918.5,4.311377245508982,10,0.2,True,1,1.0,1.0,0.20654329147389294,0.0,0.0,0.0,0.0,0.0,0.0,955.0,3.769633507853403,1,1.0,0.15020920082432887,6.657381801594895,2026-10-08T23:21:15.963886+00:00,pregame,experimental
2026020079,2026-10-10,8482089,Jake Neighbours,STL,CBJ,1,0,2026-10-10T23:00:00Z,effectif actuel ; participation non confirmée,36,5,1.0,0.8,0.37552826411853885,0.2,0.036223160969787456,0.0,-3.139202815737979e-17,0.0,-3.139202815737979e-17,840.8,4.28163653663178,5,0.0,10,1.3,0.8,0.49015684672072346,0.3,0.10778928748621182,0.1,0.01787574951572113,0.1,0.01787574951572113,866.4,5.401662049861496,10,0.1,True,10,1.3,0.7,0.3967732199795652,0.4,0.16817758120350967,0.1,0.01787574951572113,0.1,0.01787574951572113,881.9,5.306724118380769,10,0.1,True,0,,,,,,,,,,,,0,,0.1472625984686952,6.790590485285904,2026-10-08T23:21:15.963886+00:00,pregame,experimental
2026020077,2026-10-10,8481481,Blake Lizotte,PIT,DAL,1,0,2026-10-10T23:00:00Z,effectif actuel ; participation non confirmée,21,5,1.6,0.8,0.37552826411853885,0.4,0.11761823115925325,0.2,0.036223160969787456,0.2,0.036223160969787456,803.0,7.173100871731009,5,0.0,10,1.2,0.6,0.3126695474501863,0.4,0.16817758120350967,0.1,0.01787574951572113,0.1,0.01787574951572113,834.6,5.176132278936017,10,0.0,True,10,0.8,0.4,0.16817758120350967,0.4,0.16817758120350967,0.0,-2.0052288475052677e-17,0.0,-2.0052288475052677e-17,869.7,3.3114867195584683,10,0.1,True,0,,,,,,,,,,,,0,,0.14685606089263506,6.809388689317287,2026-10-08T23:21:15.963886+00:00,pregame,experimental
2026020076,2026-10-10,8478020,Michael Amadio,OTT,NSH,1,0,2026-10-10T23:00:00Z,effectif actuel ; participation non confirmée,37,5,1.0,0.8,0.37552826411853885,0.2,0.036223160969787456,0.0,-3.139202815737979e-17,0.0,-3.139202815737979e-17,1031.8,3.489048265167668,5,0.8,10,1.0,0.7,0.3967732199795652,0.3,0.10778928748621182,0.0,-2.0052288475052677e-17,0.0,-2.0052288475052677e-17,1037.0,3.471552555448409,10,0.4,True,10,1.0,0.6,0.3126695474501863,0.4,0.16817758120350967,0.0,-2.0052288475052677e-17,0.0,-2.0052288475052677e-17,1035.8,3.4755744352191544,10,0.2,True,0,,,,,,,,,,,,0,,0.14568161696319173,6.864284052068577,2026-10-08T23:21:15.963886+00:00,pregame,experimental
2026020075,2026-10-10,8483464,Marco Kasper,DET,MTL,0,0,2026-10-10T23:00:00Z,effectif actuel ; participation non confirmée,34,5,2.2,0.8,0.37552826411853885,0.6,0.23071993220883702,0.4,0.11761823115925325,0.4,0.11761823115925325,753.2,10.51513542219862,5,0.2,10,2.0,0.9,0.5958436145024278,0.5,0.2365895936154873,0.4,0.16817758120350967,0.2,0.05668094798069332,719.7,10.00416840350146,10,0.1,True,10,1.9,0.9,0.5958436145024278,0.5,0.2365895936154873,0.3,0.10778928748621182,0.2,0.05668094798069332,854.4,8.00561797752809,10,0.3,True,0,,,,,,,,,,,,0,,0.1444107642156194,6.924691559050973,2026-10-08T23:21:15.963886+00:00,pregame,experimental
2026020074,2026-10-10,8479619,Michael Carcone,UTA,BUF,0,0,2026-10-10T23:00:00Z,effectif actuel ; participation non confirmée,36,5,2.6,1.0,0.565508505247919,1.0,0.565508505247919,0.6,0.23071993220883702,0.0,-3.139202815737979e-17,805.0,11.627329192546584,5,0.4,10,1.8,0.9,0.5958436145024278,0.6,0.3126695474501863,0.3,0.10778928748621182,0.0,-2.0052288475052677e-17,816.9,7.932427469702534,10,0.2,True,10,2.1,1.0,0.7224598312333834,0.8,0.49015684672072346,0.3,0.10778928748621182,0.0,-2.0052288475052677e-17,775.6,9.747292418772563,10,0.2,True,0,,,,,,,,,,,,0,,0.1425600625388363,7.0145872707342525,2026-10-08T23:21:15.963886+00:00,pregame,experimental
2026020080,2026-10-10,8478462,Nicolas Roy,COL,TOR,1,0,2026-10-10T23:00:00Z,effectif actuel ; participation non confirmée,32,5,1.6,0.6,0.23071993220883702,0.6,0.23071993220883702,0.4,0.11761823115925325,0.0,-3.139202815737979e-17,843.0,6.832740213523132,5,0.4,10,1.3,0.7,0.3967732199795652,0.4,0.16817758120350967,0.2,0.05668094798069332,0.0,-2.0052288475052677e-17,778.6,6.010788594913948,10,0.3,True,10,1.5,0.7,0.3967732199795652,0.5,0.2365895936154873,0.3,0.10778928748621182,0.0,-2.0052288475052677e-17,799.1,6.757602302590414,10,0.3,True,0,,,,,,,,,,,,0,,0.14206691445405722,7.038936573253925,2026-10-08T23:21:15.963886+00:00,pregame,experimental
2026020080,2026-10-10,8482768,Fedor Svechkov,COL,TOR,1,0,2026-10-10T23:00:00Z,effectif actuel ; participation non confirmée,27,5,1.4,0.8,0.37552826411853885,0.6,0.23071993220883702,0.0,-3.139202815737979e-17,0.0,-3.139202815737979e-17,849.6,5.932203389830509,5,0.2,10,1.2,0.7,0.3967732199795652,0.5,0.2365895936154873,0.0,-2.0052288475052677e-17,0.0,-2.0052288475052677e-17,792.1,5.453856836258049,10,0.2,True,10,0.6,0.4,0.16817758120350967,0.2,0.05668094798069332,0.0,-2.0052288475052677e-17,0.0,-2.0052288475052677e-17,779.1,2.772429726607624,10,0.0,True,0,,,,,,,,,,,,0,,0.14105834692293037,7.089264987249333,2026-10-08T23:21:15.963886+00:00,pregame,experimental
2026020079,2026-10-10,8481013,Jonatan Berggren,STL,CBJ,1,0,2026-10-10T23:00:00Z,effectif actuel ; participation non confirmée,26,5,0.8,0.4,0.11761823115925325,0.2,0.036223160969787456,0.2,0.036223160969787456,0.0,-3.139202815737979e-17,874.0,3.2951945080091534,5,0.0,10,1.0,0.5,0.2365895936154873,0.3,0.10778928748621182,0.2,0.05668094798069332,0.0,-2.0052288475052677e-17,909.0,3.9603960396039604,10,0.1,True,10,1.0,0.7,0.3967732199795652,0.3,0.10778928748621182,0.0,-2.0052288475052677e-17,0.0,-2.0052288475052677e-17,864.5,4.164256795835743,10,0.2,True,1,2.0,1.0,0.20654329147389294,1.0,0.20654329147389294,0.0,0.0,0.0,0.0,826.0,8.716707021791768,1,1.0,0.14100545421318683,7.091924249171916,2026-10-08T23:21:15.963886+00:00,pregame,experimental
2026020079,2026-10-10,8484164,Dalibor Dvorsky,STL,CBJ,1,0,2026-10-10T23:00:00Z,effectif actuel ; participation non confirmée,36,5,2.0,1.0,0.565508505247919,0.8,0.37552826411853885,0.2,0.036223160969787456,0.0,-3.139202815737979e-17,756.6,9.516256938937351,5,0.4,10,1.4,0.8,0.49015684672072346,0.5,0.2365895936154873,0.1,0.01787574951572113,0.0,-2.0052288475052677e-17,792.3,6.361226808027262,10,0.3,True,10,1.4,0.5,0.2365895936154873,0.4,0.16817758120350967,0.3,0.10778928748621182,0.2,0.05668094798069332,881.1,5.720122574055158,10,0.1,True,1,2.0,1.0,0.20654329147389294,1.0,0.20654329147389294,0.0,0.0,0.0,0.0,980.0,7.346938775510204,1,0.0,0.14054792766998192,7.1150106342946735,2026-10-08T23:21:15.963886+00:00,pregame,experimental
2026020074,2026-10-10,8480839,Rasmus Dahlin,BUF,UTA,1,1,2026-10-10T23:00:00Z,effectif actuel ; participation non confirmée,37,5,2.6,0.8,0.37552826411853885,0.8,0.37552826411853885,0.8,0.37552826411853885,0.2,0.036223160969787456,1456.4,6.426805822576215,5,0.4,10,2.4,0.9,0.5958436145024278,0.8,0.49015684672072346,0.6,0.3126695474501863,0.1,0.01787574951572113,1423.2,6.070826306913997,10,0.3,True,10,2.7,1.0,0.7224598312333834,0.9,0.5958436145024278,0.7,0.3967732199795652,0.1,0.01787574951572113,1456.5,6.673532440782698,10,0.4,True,0,,,,,,,,,,,,0,,0.14006008775480372,7.139792756310782,2026-10-08T23:21:15.963886+00:00,pregame,experimental
2026020076,2026-10-10,8479525,Ross Colton,NSH,OTT,0,0,2026-10-10T23:00:00Z,effectif actuel ; participation non confirmée,30,5,1.2,0.6,0.23071993220883702,0.6,0.23071993220883702,0.0,-3.139202815737979e-17,0.0,-3.139202815737979e-17,800.2,5.3986503374156465,5,0.0,10,1.6,0.7,0.3967732199795652,0.6,0.3126695474501863,0.2,0.05668094798069332,0.1,0.01787574951572113,728.5,7.90665751544269,10,0.0,True,10,1.2,0.7,0.3967732199795652,0.5,0.2365895936154873,0.0,-2.0052288475052677e-17,0.0,-2.0052288475052677e-17,706.4,6.115515288788222,10,0.1,True,0,,,,,,,,,,,,0,,0.13901838447604556,7.193293201967192,2026-10-08T23:21:15.963886+00:00,pregame,experimental
2026020075,2026-10-10,8481542,Moritz Seider,DET,MTL,0,1,2026-10-10T23:00:00Z,effectif actuel ; participation non confirmée,36,5,3.0,1.0,0.565508505247919,1.0,0.565508505247919,0.8,0.37552826411853885,0.2,0.036223160969787456,1411.8,7.64980875478113,5,0.0,10,2.2,0.8,0.49015684672072346,0.8,0.49015684672072346,0.5,0.2365895936154873,0.1,0.01787574951572113,1512.3,5.237056139654831,10,0.1,True,10,2.9,1.0,0.7224598312333834,0.8,0.49015684672072346,0.5,0.2365895936154873,0.3,0.10778928748621182,1528.8,6.828885400313972,10,0.1,True,0,,,,,,,,,,,,0,,0.1381258153989989,7.239776265655607,2026-10-08T23:21:15.963886+00:00,pregame,experimental
2026020080,2026-10-10,8480448,Parker Kelly,COL,TOR,1,0,2026-10-10T23:00:00Z,effectif actuel ; participation non confirmée,39,5,1.4,1.0,0.565508505247919,0.2,0.036223160969787456,0.2,0.036223160969787456,0.0,-3.139202815737979e-17,794.0,6.347607052896725,5,0.4,10,1.4,1.0,0.7224598312333834,0.3,0.10778928748621182,0.1,0.01787574951572113,0.0,-2.0052288475052677e-17,753.9,6.685236768802229,10,0.3,True,10,1.7,0.9,0.5958436145024278,0.5,0.2365895936154873,0.2,0.05668094798069332,0.1,0.01787574951572113,770.3,7.944956510450474,10,0.6,True,0,,,,,,,,,,,,0,,0.1367295214578061,7.31370949987998,2026-10-08T23:21:15.963886+00:00,pregame,experimental
2026020077,2026-10-10,8484938,Arttu Hyry,DAL,PIT,0,0,2026-10-10T23:00:00Z,effectif actuel ; participation non confirmée,23,5,0.8,0.8,0.37552826411853885,0.0,-3.139202815737979e-17,0.0,-3.139202815737979e-17,0.0,-3.139202815737979e-17,791.8,3.637282141955039,5,0.2,10,1.1,0.8,0.49015684672072346,0.1,0.01787574951572113,0.1,0.01787574951572113,0.1,0.01787574951572113,782.5,5.060702875399361,10,0.2,True,8,1.5,0.75,0.40926987910258916,0.5,0.2152125268244419,0.25,0.07147768885802765,0.0,0.0,736.0,7.336956521739131,8,0.25,True,1,3.0,1.0,0.20654329147389294,1.0,0.20654329147389294,1.0,0.20654329147389294,0.0,0.0,734.0,14.713896457765667,1,0.0,0.136547470757896,7.32346043796768,2026-10-08T23:21:15.963886+00:00,pregame,experimental
2026020074,2026-10-10,8480802,Ryan McLeod,BUF,UTA,1,0,2026-10-10T23:00:00Z,effectif actuel ; participation non confirmée,37,5,0.6,0.6,0.23071993220883702,0.0,-3.139202815737979e-17,0.0,-3.139202815737979e-17,0.0,-3.139202815737979e-17,899.8,2.400533451878195,5,0.2,10,0.8,0.6,0.3126695474501863,0.2,0.05668094798069332,0.0,-2.0052288475052677e-17,0.0,-2.0052288475052677e-17,995.2,2.8938906752411575,10,0.2,True,10,0.7,0.5,0.2365895936154873,0.2,0.05668094798069332,0.0,-2.0052288475052677e-17,0.0,-2.0052288475052677e-17,996.3,2.5293586269196027,10,0.0,True,0,,,,,,,,,,,,0,,0.13617308968941175,7.343594848885593,2026-10-08T23:21:15.963886+00:00,pregame,experimental
2026020077,2026-10-10,8481581,Thomas Harley,DAL,PIT,0,1,2026-10-10T23:00:00Z,effectif actuel ; participation non confirmée,36,5,1.8,0.8,0.37552826411853885,0.6,0.23071993220883702,0.2,0.036223160969787456,0.2,0.036223160969787456,1387.2,4.671280276816609,5,0.0,10,1.7,0.9,0.5958436145024278,0.5,0.2365895936154873,0.2,0.05668094798069332,0.1,0.01787574951572113,1379.0,4.437998549673677,10,0.0,True,10,1.2,0.6,0.3126695474501863,0.4,0.16817758120350967,0.1,0.01787574951572113,0.1,0.01787574951572113,1410.6,3.0625265844321565,10,0.0,True,1,0.0,0.0,0.0,0.0,0.0,0.0,0.0,0.0,0.0,1244.0,0.0,1,0.0,0.13582100903267078,7.362631209428411,2026-10-08T23:21:15.963886+00:00,pregame,experimental
2026020077,2026-10-10,8481641,Joel Kiviranta,DAL,PIT,0,0,2026-10-10T23:00:00Z,effectif actuel ; participation non confirmée,32,5,2.0,0.8,0.37552826411853885,0.4,0.11761823115925325,0.2,0.036223160969787456,0.2,0.036223160969787456,633.2,11.37081490840177,5,0.2,10,1.3,0.7,0.3967732199795652,0.2,0.05668094798069332,0.1,0.01787574951572113,0.1,0.01787574951572113,611.2,7.657068062827225,10,0.1,True,10,0.9,0.6,0.3126695474501863,0.1,0.01787574951572113,0.1,0.01787574951572113,0.1,0.01787574951572113,657.6,4.927007299270073,10,0.1,True,1,0.0,0.0,0.0,0.0,0.0,0.0,0.0,0.0,0.0,675.0,0.0,1,0.0,0.1354288244451993,7.383952449536663,2026-10-08T23:21:15.963886+00:00,pregame,experimental
2026020078,2026-10-10,8480762,Eric Robinson,CAR,CHI,0,0,2026-10-10T23:00:00Z,effectif actuel ; participation non confirmée,28,5,1.2,0.6,0.23071993220883702,0.4,0.11761823115925325,0.2,0.036223160969787456,0.0,-3.139202815737979e-17,703.6,6.139852188743604,5,0.2,10,1.1,0.8,0.49015684672072346,0.2,0.05668094798069332,0.1,0.01787574951572113,0.0,-2.0052288475052677e-17,755.7,5.240174672489083,10,0.1,True,10,1.1,0.8,0.49015684672072346,0.2,0.05668094798069332,0.1,0.01787574951572113,0.0,-2.0052288475052677e-17,730.8,5.41871921182266,10,0.1,True,1,1.0,1.0,0.20654329147389294,0.0,0.0,0.0,0.0,0.0,0.0,886.0,4.063205417607223,1,0.0,0.1350646055162503,7.403864218740009,2026-10-08T23:21:15.963886+00:00,pregame,experimental
2026020078,2026-10-10,8477478,William Carrier,CAR,CHI,0,0,2026-10-10T23:00:00Z,effectif actuel ; participation non confirmée,36,5,1.0,0.8,0.37552826411853885,0.2,0.036223160969787456,0.0,-3.139202815737979e-17,0.0,-3.139202815737979e-17,647.0,5.564142194744977,5,0.0,10,1.1,0.7,0.3967732199795652,0.3,0.10778928748621182,0.1,0.01787574951572113,0.0,-2.0052288475052677e-17,634.6,6.240151276394579,10,0.1,True,10,1.1,0.8,0.49015684672072346,0.3,0.10778928748621182,0.0,-2.0052288475052677e-17,0.0,-2.0052288475052677e-17,648.2,6.109225547670472,10,0.0,True,1,0.0,0.0,0.0,0.0,0.0,0.0,0.0,0.0,0.0,640.0,0.0,1,0.0,0.13485588379937521,7.4153234684791185,2026-10-08T23:21:15.963886+00:00,pregame,experimental
2026020074,2026-10-10,8480849,Barrett Hayton,UTA,BUF,0,0,2026-10-10T23:00:00Z,effectif actuel ; participation non confirmée,27,5,1.4,0.6,0.23071993220883702,0.4,0.11761823115925325,0.2,0.036223160969787456,0.2,0.036223160969787456,645.6,7.806691449814126,5,0.0,10,1.6,0.7,0.3967732199795652,0.6,0.3126695474501863,0.2,0.05668094798069332,0.1,0.01787574951572113,792.8,7.265388496468214,10,0.1,True,10,1.5,0.8,0.49015684672072346,0.6,0.3126695474501863,0.1,0.01787574951572113,0.0,-2.0052288475052677e-17,878.8,6.144742831133364,10,0.2,True,0,,,,,,,,,,,,0,,0.13280296462891042,7.529952383173725,2026-10-08T23:21:15.963886+00:00,pregame,experimental
2026020078,2026-10-10,8480829,Jesperi Kotkaniemi,CAR,CHI,0,0,2026-10-10T23:00:00Z,effectif actuel ; participation non confirmée,15,5,0.8,0.8,0.37552826411853885,0.0,-3.139202815737979e-17,0.0,-3.139202815737979e-17,0.0,-3.139202815737979e-17,730.8,3.9408866995073892,5,0.0,10,0.5,0.5,0.2365895936154873,0.0,-2.0052288475052677e-17,0.0,-2.0052288475052677e-17,0.0,-2.0052288475052677e-17,705.2,2.552467385138968,10,0.0,True,10,0.6,0.6,0.3126695474501863,0.0,-2.0052288475052677e-17,0.0,-2.0052288475052677e-17,0.0,-2.0052288475052677e-17,728.4,2.9654036243822075,10,0.0,True,1,1.0,1.0,0.20654329147389294,0.0,0.0,0.0,0.0,0.0,0.0,837.0,4.301075268817204,1,0.0,0.13220019602478839,7.564285304179833,2026-10-08T23:21:15.963886+00:00,pregame,experimental
2026020074,2026-10-10,8479977,Kailer Yamamoto,UTA,BUF,0,0,2026-10-10T23:00:00Z,effectif actuel ; participation non confirmée,31,5,2.4,1.0,0.565508505247919,0.8,0.37552826411853885,0.4,0.11761823115925325,0.2,0.036223160969787456,733.8,11.774325429272281,5,0.4,10,1.6,0.7,0.3967732199795652,0.6,0.3126695474501863,0.2,0.05668094798069332,0.1,0.01787574951572113,768.2,7.498047383493882,10,0.3,True,10,1.1,0.6,0.3126695474501863,0.4,0.16817758120350967,0.1,0.01787574951572113,0.0,-2.0052288475052677e-17,715.4,5.535364830863853,10,0.2,True,0,,,,,,,,,,,,0,,0.13077311547145032,7.646831662569931,2026-10-08T23:21:15.963886+00:00,pregame,experimental
2026020078,2026-10-10,8478233,Andrew Mangiapane,CHI,CAR,1,0,2026-10-10T23:00:00Z,effectif actuel ; participation non confirmée,20,5,0.4,0.4,0.11761823115925325,0.0,-3.139202815737979e-17,0.0,-3.139202815737979e-17,0.0,-3.139202815737979e-17,600.6,2.3976023976023977,5,0.0,10,0.8,0.6,0.3126695474501863,0.1,0.01787574951572113,0.1,0.01787574951572113,0.0,-2.0052288475052677e-17,692.6,4.15824429685244,10,0.1,True,10,0.8,0.6,0.3126695474501863,0.1,0.01787574951572113,0.1,0.01787574951572113,0.0,-2.0052288475052677e-17,633.2,4.548325963360708,10,0.2,True,1,1.0,1.0,0.20654329147389294,0.0,0.0,0.0,0.0,0.0,0.0,585.0,6.153846153846154,1,0.0,0.13061546593803142,7.656061193200775,2026-10-08T23:21:15.963886+00:00,pregame,experimental
2026020076,2026-10-10,8478469,Thomas Chabot,OTT,NSH,1,1,2026-10-10T23:00:00Z,effectif actuel ; participation non confirmée,28,5,2.2,1.0,0.565508505247919,0.6,0.23071993220883702,0.2,0.036223160969787456,0.2,0.036223160969787456,1475.6,5.367308213608024,5,0.2,10,1.8,0.9,0.5958436145024278,0.5,0.2365895936154873,0.2,0.05668094798069332,0.1,0.01787574951572113,1496.3,4.330682349796164,10,0.1,True,10,1.8,0.9,0.5958436145024278,0.5,0.2365895936154873,0.3,0.10778928748621182,0.1,0.01787574951572113,1481.3,4.374535880645379,10,0.1,True,0,,,,,,,,,,,,0,,0.13005019882157204,7.68933849437626,2026-10-08T23:21:15.963886+00:00,pregame,experimental
2026020075,2026-10-10,8478133,Jake Evans,MTL,DET,1,0,2026-10-10T23:00:00Z,effectif actuel ; participation non confirmée,36,5,1.4,0.8,0.37552826411853885,0.4,0.11761823115925325,0.2,0.036223160969787456,0.0,-3.139202815737979e-17,864.6,5.829285218598196,5,0.2,10,0.9,0.6,0.3126695474501863,0.2,0.05668094798069332,0.1,0.01787574951572113,0.0,-2.0052288475052677e-17,861.7,3.760009283973541,10,0.1,True,10,1.0,0.4,0.16817758120350967,0.3,0.10778928748621182,0.1,0.01787574951572113,0.1,0.01787574951572113,930.3,3.8697194453402126,10,0.1,True,0,,,,,,,,,,,,0,,0.1288351889017576,7.761854571910033,2026-10-08T23:21:15.963886+00:00,pregame,experimental
2026020075,2026-10-10,8479992,Michael Rasmussen,DET,MTL,0,0,2026-10-10T23:00:00Z,effectif actuel ; participation non confirmée,23,5,0.8,0.2,0.036223160969787456,0.2,0.036223160969787456,0.2,0.036223160969787456,0.2,0.036223160969787456,854.6,3.3699976597238472,5,0.0,10,0.8,0.5,0.2365895936154873,0.1,0.01787574951572113,0.1,0.01787574951572113,0.1,0.01787574951572113,772.8,3.7267080745341614,10,0.0,True,10,0.8,0.7,0.3967732199795652,0.1,0.01787574951572113,0.0,-2.0052288475052677e-17,0.0,-2.0052288475052677e-17,758.5,3.7969676994067236,10,0.0,True,0,,,,,,,,,,,,0,,0.12835023321429417,7.791181791858493,2026-10-08T23:21:15.963886+00:00,pregame,experimental
2026020077,2026-10-10,8473994,Jamie Benn,DAL,PIT,0,0,2026-10-10T23:00:00Z,effectif actuel ; participation non confirmée,36,5,1.4,0.6,0.23071993220883702,0.4,0.11761823115925325,0.2,0.036223160969787456,0.2,0.036223160969787456,741.0,6.801619433198381,5,0.2,10,0.8,0.4,0.16817758120350967,0.2,0.05668094798069332,0.1,0.01787574951572113,0.1,0.01787574951572113,751.7,3.831315684448583,10,0.1,True,10,1.3,0.8,0.49015684672072346,0.3,0.10778928748621182,0.1,0.01787574951572113,0.1,0.01787574951572113,854.2,5.478810583001639,10,0.2,True,1,1.0,1.0,0.20654329147389294,0.0,0.0,0.0,0.0,0.0,0.0,728.0,4.945054945054945,1,0.0,0.12834788084881427,7.791324588973441,2026-10-08T23:21:15.963886+00:00,pregame,experimental
2026020076,2026-10-10,8483676,Stephen Halliday,OTT,NSH,1,0,2026-10-10T23:00:00Z,effectif actuel ; participation non confirmée,15,5,1.6,0.8,0.37552826411853885,0.8,0.37552826411853885,0.0,-3.139202815737979e-17,0.0,-3.139202815737979e-17,678.4,8.49056603773585,5,0.2,10,1.3,0.8,0.49015684672072346,0.5,0.2365895936154873,0.0,-2.0052288475052677e-17,0.0,-2.0052288475052677e-17,581.8,8.04400137504297,10,0.2,True,5,1.0,0.4,0.11761823115925325,0.4,0.11761823115925325,0.2,0.036223160969787456,0.0,-3.139202815737979e-17,547.6,6.574141709276844,5,0.2,True,0,,,,,,,,,,,,0,,0.127960121944028,7.814934721908264,2026-10-08T23:21:15.963886+00:00,pregame,experimental
2026020076,2026-10-10,8481726,Adam Edstrom,NSH,OTT,0,0,2026-10-10T23:00:00Z,effectif actuel ; participation non confirmée,14,5,1.6,0.6,0.23071993220883702,0.4,0.11761823115925325,0.4,0.11761823115925325,0.2,0.036223160969787456,615.6,9.35672514619883,5,0.0,10,1.4,0.7,0.3967732199795652,0.4,0.16817758120350967,0.2,0.05668094798069332,0.1,0.01787574951572113,601.2,8.383233532934131,10,0.1,True,6,1.8333333333333333,1.0,0.6096569663469354,0.6666666666666666,0.2999883213415286,0.16666666666666666,0.030052585871730285,0.0,0.0,649.0,10.169491525423728,6,0.16666666666666666,True,0,,,,,,,,,,,,0,,0.12775806953109603,7.827294226268832,2026-10-08T23:21:15.963886+00:00,pregame,experimental
2026020080,2026-10-10,8481186,Logan O'Connor,COL,TOR,1,0,2026-10-10T23:00:00Z,effectif actuel ; participation non confirmée,13,5,1.8,1.0,0.565508505247919,0.4,0.11761823115925325,0.2,0.036223160969787456,0.2,0.036223160969787456,703.0,9.217638691322902,5,0.0,10,1.1,0.6,0.3126695474501863,0.3,0.10778928748621182,0.1,0.01787574951572113,0.1,0.01787574951572113,648.1,6.110168183922235,10,0.0,True,7,0.7142857142857143,0.5714285714285714,0.2504542304090258,0.14285714285714285,0.02567895594897479,0.0,0.0,0.0,0.0,684.8571428571429,3.7546933667083855,7,0.0,True,0,,,,,,,,,,,,0,,0.1266982782603792,7.89276708200318,2026-10-08T23:21:15.963886+00:00,pregame,experimental
2026020075,2026-10-10,8476981,Josh Anderson,MTL,DET,1,0,2026-10-10T23:00:00Z,effectif actuel ; participation non confirmée,32,5,1.4,0.6,0.23071993220883702,0.4,0.11761823115925325,0.4,0.11761823115925325,0.0,-3.139202815737979e-17,804.2,6.2670977368813725,5,0.4,10,1.2,0.6,0.3126695474501863,0.3,0.10778928748621182,0.3,0.10778928748621182,0.0,-2.0052288475052677e-17,811.9,5.320852321714497,10,0.2,True,10,1.0,0.7,0.3967732199795652,0.2,0.05668094798069332,0.1,0.01787574951572113,0.0,-2.0052288475052677e-17,783.1,4.597114033967565,10,0.2,True,0,,,,,,,,,,,,0,,0.12595959675505977,7.939053678812529,2026-10-08T23:21:15.963886+00:00,pregame,experimental
2026020077,2026-10-10,8476889,Radek Faksa,DAL,PIT,0,0,2026-10-10T23:00:00Z,effectif actuel ; participation non confirmée,13,5,1.6,1.0,0.565508505247919,0.4,0.11761823115925325,0.2,0.036223160969787456,0.0,-3.139202815737979e-17,721.0,7.988904299583911,5,0.0,10,1.0,0.7,0.3967732199795652,0.2,0.05668094798069332,0.1,0.01787574951572113,0.0,-2.0052288475052677e-17,713.1,5.0483803113167856,10,0.0,True,7,1.1428571428571428,0.7142857142857143,0.35892909014821267,0.2857142857142857,0.08221716570901548,0.14285714285714285,0.02567895594897479,0.0,0.0,685.7142857142857,6.0,7,0.0,True,0,,,,,,,,,,,,0,,0.12583995739071765,7.946601546400103,2026-10-08T23:21:15.963886+00:00,pregame,experimental
2026020080,2026-10-10,8480069,Cale Makar,COL,TOR,1,1,2026-10-10T23:00:00Z,effectif actuel ; participation non confirmée,32,5,3.0,1.0,0.565508505247919,0.8,0.37552826411853885,0.8,0.37552826411853885,0.4,0.11761823115925325,1326.2,8.143568089277636,5,0.2,10,2.4,0.9,0.5958436145024278,0.8,0.49015684672072346,0.5,0.2365895936154873,0.2,0.05668094798069332,1382.5,6.249547920433996,10,0.1,True,10,2.5,0.9,0.5958436145024278,0.8,0.49015684672072346,0.6,0.3126695474501863,0.2,0.05668094798069332,1352.9,6.652376376672334,10,0.3,True,0,,,,,,,,,,,,0,,0.12441267124861517,8.037766490855978,2026-10-08T23:21:15.963886+00:00,pregame,experimental
2026020075,2026-10-10,8483457,Lane Hutson,MTL,DET,1,1,2026-10-10T23:00:00Z,effectif actuel ; participation non confirmée,36,5,1.0,0.4,0.11761823115925325,0.4,0.11761823115925325,0.2,0.036223160969787456,0.0,-3.139202815737979e-17,1578.6,2.280501710376283,5,0.0,10,0.9,0.5,0.2365895936154873,0.3,0.10778928748621182,0.1,0.01787574951572113,0.0,-2.0052288475052677e-17,1606.5,2.0168067226890756,10,0.1,True,10,1.2,0.7,0.3967732199795652,0.4,0.16817758120350967,0.1,0.01787574951572113,0.0,-2.0052288475052677e-17,1460.7,2.957486136783734,10,0.0,True,0,,,,,,,,,,,,0,,0.12425990776247686,8.047648014607436,2026-10-08T23:21:15.963886+00:00,pregame,experimental
2026020079,2026-10-10,8481716,Dmitri Voronkov,CBJ,STL,0,0,2026-10-10T23:00:00Z,effectif actuel ; participation non confirmée,17,5,0.6,0.4,0.11761823115925325,0.2,0.036223160969787456,0.0,-3.139202815737979e-17,0.0,-3.139202815737979e-17,586.6,3.682236617797477,5,0.0,10,0.7,0.4,0.16817758120350967,0.2,0.05668094798069332,0.1,0.01787574951572113,0.0,-2.0052288475052677e-17,580.2,4.343329886246122,10,0.0,True,6,1.1666666666666667,0.6666666666666666,0.2999883213415286,0.3333333333333333,0.09676933255921684,0.16666666666666666,0.030052585871730285,0.0,0.0,631.1666666666666,6.654343807763401,6,0.0,True,1,0.0,0.0,0.0,0.0,0.0,0.0,0.0,0.0,0.0,691.0,0.0,1,0.0,0.12347741953613478,8.098646730363175,2026-10-08T23:21:15.963886+00:00,pregame,experimental
2026020079,2026-10-10,8476892,Colton Parayko,STL,CBJ,1,1,2026-10-10T23:00:00Z,effectif actuel ; participation non confirmée,32,5,1.8,1.0,0.565508505247919,0.8,0.37552826411853885,0.0,-3.139202815737979e-17,0.0,-3.139202815737979e-17,1235.4,5.245264691597863,5,0.0,10,1.4,0.9,0.5958436145024278,0.5,0.2365895936154873,0.0,-2.0052288475052677e-17,0.0,-2.0052288475052677e-17,1228.3,4.1032321094195225,10,0.2,True,10,1.3,0.7,0.3967732199795652,0.3,0.10778928748621182,0.2,0.05668094798069332,0.1,0.01787574951572113,1285.8,3.639757349510033,10,0.2,True,1,0.0,0.0,0.0,0.0,0.0,0.0,0.0,0.0,0.0,1170.0,0.0,1,0.0,0.12334992617327502,8.107017418034417,2026-10-08T23:21:15.963886+00:00,pregame,experimental
2026020078,2026-10-10,8482062,Cole Smith,CHI,CAR,1,0,2026-10-10T23:00:00Z,effectif actuel ; participation non confirmée,38,5,0.6,0.6,0.23071993220883702,0.0,-3.139202815737979e-17,0.0,-3.139202815737979e-17,0.0,-3.139202815737979e-17,845.0,2.5562130177514795,5,0.2,10,0.9,0.7,0.3967732199795652,0.1,0.01787574951572113,0.1,0.01787574951572113,0.0,-2.0052288475052677e-17,758.9,4.2693371985768875,10,0.2,True,10,0.8,0.6,0.3126695474501863,0.2,0.05668094798069332,0.0,-2.0052288475052677e-17,0.0,-2.0052288475052677e-17,676.8,4.25531914893617,10,0.2,True,0,,,,,,,,,,,,0,,0.12295067790290226,8.133342711536159,2026-10-08T23:21:15.963886+00:00,pregame,experimental
2026020076,2026-10-10,8477998,Warren Foegele,OTT,NSH,1,0,2026-10-10T23:00:00Z,effectif actuel ; participation non confirmée,31,5,0.8,0.4,0.11761823115925325,0.4,0.11761823115925325,0.0,-3.139202815737979e-17,0.0,-3.139202815737979e-17,795.4,3.6208197133517728,5,0.2,10,0.9,0.6,0.3126695474501863,0.3,0.10778928748621182,0.0,-2.0052288475052677e-17,0.0,-2.0052288475052677e-17,729.2,4.443225452550741,10,0.1,True,10,1.1,0.8,0.49015684672072346,0.3,0.10778928748621182,0.0,-2.0052288475052677e-17,0.0,-2.0052288475052677e-17,706.7,5.603509268430734,10,0.4,True,0,,,,,,,,,,,,0,,0.1219771804626304,8.198254757219654,2026-10-08T23:21:15.963886+00:00,pregame,experimental
2026020075,2026-10-10,8478434,Keegan Kolesar,DET,MTL,0,0,2026-10-10T23:00:00Z,effectif actuel ; participation non confirmée,38,5,0.4,0.4,0.11761823115925325,0.0,-3.139202815737979e-17,0.0,-3.139202815737979e-17,0.0,-3.139202815737979e-17,717.0,2.00836820083682,5,0.0,10,0.5,0.5,0.2365895936154873,0.0,-2.0052288475052677e-17,0.0,-2.0052288475052677e-17,0.0,-2.0052288475052677e-17,712.7,2.5256068472007858,10,0.0,True,10,0.7,0.7,0.3967732199795652,0.0,-2.0052288475052677e-17,0.0,-2.0052288475052677e-17,0.0,-2.0052288475052677e-17,693.8,3.6321706543672527,10,0.0,True,1,0.0,0.0,0.0,0.0,0.0,0.0,0.0,0.0,0.0,913.0,0.0,1,0.0,0.12145343342716648,8.233608320341826,2026-10-08T23:21:15.963886+00:00,pregame,experimental
2026020079,2026-10-10,8477501,Valeri Nichushkin,CBJ,STL,0,0,2026-10-10T23:00:00Z,effectif actuel ; participation non confirmée,36,5,0.8,0.6,0.23071993220883702,0.2,0.036223160969787456,0.0,-3.139202815737979e-17,0.0,-3.139202815737979e-17,994.0,2.89738430583501,5,0.0,10,1.7,0.7,0.3967732199795652,0.5,0.2365895936154873,0.2,0.05668094798069332,0.1,0.01787574951572113,967.2,6.327543424317618,10,0.1,True,10,2.4,0.7,0.3967732199795652,0.4,0.16817758120350967,0.4,0.16817758120350967,0.3,0.10778928748621182,1011.4,8.542614198141191,10,0.2,True,1,6.0,1.0,0.20654329147389294,1.0,0.20654329147389294,1.0,0.20654329147389294,1.0,0.20654329147389294,945.0,22.857142857142858,1,1.0,0.12113184304893056,8.255467553614745,2026-10-08T23:21:15.963886+00:00,pregame,experimental
2026020074,2026-10-10,8480855,Jack McBain,UTA,BUF,0,0,2026-10-10T23:00:00Z,effectif actuel ; participation non confirmée,30,5,0.6,0.4,0.11761823115925325,0.2,0.036223160969787456,0.0,-3.139202815737979e-17,0.0,-3.139202815737979e-17,737.2,2.930005425935974,5,0.0,10,0.8,0.4,0.16817758120350967,0.3,0.10778928748621182,0.1,0.01787574951572113,0.0,-2.0052288475052677e-17,763.5,3.7721021611001966,10,0.1,True,10,1.6,0.8,0.49015684672072346,0.6,0.3126695474501863,0.2,0.05668094798069332,0.0,-2.0052288475052677e-17,770.5,7.475665152498378,10,0.3,True,0,,,,,,,,,,,,0,,0.11983161285315976,8.345043316953333,2026-10-08T23:21:15.963886+00:00,pregame,experimental
2026020077,2026-10-10,8480840,Oskar Bäck,DAL,PIT,0,0,2026-10-10T23:00:00Z,effectif actuel ; participation non confirmée,36,5,1.2,0.8,0.37552826411853885,0.4,0.11761823115925325,0.0,-3.139202815737979e-17,0.0,-3.139202815737979e-17,738.4,5.850487540628386,5,0.0,10,0.8,0.6,0.3126695474501863,0.2,0.05668094798069332,0.0,-2.0052288475052677e-17,0.0,-2.0052288475052677e-17,799.7,3.601350506439915,10,0.0,True,10,1.1,0.8,0.49015684672072346,0.3,0.10778928748621182,0.0,-2.0052288475052677e-17,0.0,-2.0052288475052677e-17,751.5,5.269461077844311,10,0.0,True,1,2.0,1.0,0.20654329147389294,1.0,0.20654329147389294,0.0,0.0,0.0,0.0,747.0,9.63855421686747,1,0.0,0.11910990647328379,8.395607297570155,2026-10-08T23:21:15.963886+00:00,pregame,experimental
2026020077,2026-10-10,8474578,Erik Karlsson,PIT,DAL,1,1,2026-10-10T23:00:00Z,effectif actuel ; participation non confirmée,35,5,1.6,0.6,0.23071993220883702,0.4,0.11761823115925325,0.4,0.11761823115925325,0.2,0.036223160969787456,1299.4,4.432815145451747,5,0.0,10,2.1,0.8,0.49015684672072346,0.7,0.3967732199795652,0.4,0.16817758120350967,0.2,0.05668094798069332,1316.0,5.74468085106383,10,0.2,True,10,2.4,0.9,0.5958436145024278,0.6,0.3126695474501863,0.3,0.10778928748621182,0.3,0.10778928748621182,1372.1,6.296917134319656,10,0.3,True,1,1.0,1.0,0.20654329147389294,0.0,0.0,0.0,0.0,0.0,0.0,1487.0,2.42098184263618,1,1.0,0.11672340952265638,8.567261735152595,2026-10-08T23:21:15.963886+00:00,pregame,experimental
2026020075,2026-10-10,8480074,Alexandre Texier,MTL,DET,1,0,2026-10-10T23:00:00Z,effectif actuel ; participation non confirmée,19,5,0.4,0.4,0.11761823115925325,0.0,-3.139202815737979e-17,0.0,-3.139202815737979e-17,0.0,-3.139202815737979e-17,715.6,2.0122973728339857,5,0.0,10,0.8,0.6,0.3126695474501863,0.2,0.05668094798069332,0.0,-2.0052288475052677e-17,0.0,-2.0052288475052677e-17,745.3,3.8642157520461557,10,0.0,True,10,1.1,0.8,0.49015684672072346,0.3,0.10778928748621182,0.0,-2.0052288475052677e-17,0.0,-2.0052288475052677e-17,765.3,5.174441395531164,10,0.0,True,0,,,,,,,,,,,,0,,0.1165493958627594,8.580053054736823,2026-10-08T23:21:15.963886+00:00,pregame,experimental
2026020074,2026-10-10,8478831,Kevin Stenlund,UTA,BUF,0,0,2026-10-10T23:00:00Z,effectif actuel ; participation non confirmée,36,5,0.6,0.4,0.11761823115925325,0.2,0.036223160969787456,0.0,-3.139202815737979e-17,0.0,-3.139202815737979e-17,844.8,2.5568181818181817,5,0.0,10,0.7,0.5,0.2365895936154873,0.2,0.05668094798069332,0.0,-2.0052288475052677e-17,0.0,-2.0052288475052677e-17,824.1,3.0578813250819077,10,0.0,True,10,0.8,0.6,0.3126695474501863,0.2,0.05668094798069332,0.0,-2.0052288475052677e-17,0.0,-2.0052288475052677e-17,885.4,3.252767110910323,10,0.0,True,0,,,,,,,,,,,,0,,0.1156294717895992,8.648314175642108,2026-10-08T23:21:15.963886+00:00,pregame,experimental
2026020075,2026-10-10,8482775,Oliver Kapanen,MTL,DET,1,0,2026-10-10T23:00:00Z,effectif actuel ; participation non confirmée,33,5,0.6,0.6,0.23071993220883702,0.0,-3.139202815737979e-17,0.0,-3.139202815737979e-17,0.0,-3.139202815737979e-17,718.0,3.0083565459610027,5,0.0,10,1.0,0.7,0.3967732199795652,0.2,0.05668094798069332,0.1,0.01787574951572113,0.0,-2.0052288475052677e-17,779.0,4.621309370988446,10,0.0,True,10,1.1,0.8,0.49015684672072346,0.3,0.10778928748621182,0.0,-2.0052288475052677e-17,0.0,-2.0052288475052677e-17,801.6,4.940119760479042,10,0.1,True,0,,,,,,,,,,,,0,,0.11446085067053426,8.736611637444616,2026-10-08T23:21:15.963886+00:00,pregame,experimental
2026020080,2026-10-10,8479520,Brandon Duhaime,TOR,COL,0,0,2026-10-10T23:00:00Z,effectif actuel ; participation non confirmée,37,5,0.8,0.6,0.23071993220883702,0.2,0.036223160969787456,0.0,-3.139202815737979e-17,0.0,-3.139202815737979e-17,659.4,4.367606915377616,5,0.0,10,0.9,0.6,0.3126695474501863,0.3,0.10778928748621182,0.0,-2.0052288475052677e-17,0.0,-2.0052288475052677e-17,689.4,4.699738903394256,10,0.0,True,10,0.7,0.5,0.2365895936154873,0.2,0.05668094798069332,0.0,-2.0052288475052677e-17,0.0,-2.0052288475052677e-17,700.0,3.6,10,0.0,True,1,1.0,1.0,0.20654329147389294,0.0,0.0,0.0,0.0,0.0,0.0,595.0,6.050420168067227,1,0.0,0.11444639075017962,8.737715479231314,2026-10-08T23:21:15.963886+00:00,pregame,experimental
2026020076,2026-10-10,8481606,Jordan Spence,OTT,NSH,1,1,2026-10-10T23:00:00Z,effectif actuel ; participation non confirmée,38,5,2.2,1.0,0.565508505247919,0.6,0.23071993220883702,0.2,0.036223160969787456,0.2,0.036223160969787456,1437.2,5.510715279710548,5,0.0,10,1.6,0.9,0.5958436145024278,0.4,0.16817758120350967,0.1,0.01787574951572113,0.1,0.01787574951572113,1338.9,4.302038987228322,10,0.1,True,10,1.4,0.7,0.3967732199795652,0.4,0.16817758120350967,0.1,0.01787574951572113,0.1,0.01787574951572113,1352.8,3.725606150206978,10,0.1,True,0,,,,,,,,,,,,0,,0.11366397300868267,8.797862449552165,2026-10-08T23:21:15.963886+00:00,pregame,experimental
2026020076,2026-10-10,8482105,Jake Sanderson,OTT,NSH,1,1,2026-10-10T23:00:00Z,effectif actuel ; participation non confirmée,21,5,2.2,0.8,0.37552826411853885,0.8,0.37552826411853885,0.2,0.036223160969787456,0.2,0.036223160969787456,1264.8,6.261859582542694,5,0.4,10,2.5,0.9,0.5958436145024278,0.8,0.49015684672072346,0.5,0.2365895936154873,0.2,0.05668094798069332,1295.0,6.94980694980695,10,0.2,True,9,2.5555555555555554,1.0,0.7008472464490406,0.8888888888888888,0.5649937852319398,0.4444444444444444,0.188775429471914,0.1111111111111111,0.019890371327130518,1466.5555555555557,6.273202515342072,9,0.1111111111111111,True,0,,,,,,,,,,,,0,,0.11239496661594695,8.89719557831264,2026-10-08T23:21:15.963886+00:00,pregame,experimental
2026020079,2026-10-10,8478046,Danton Heinen,CBJ,STL,0,0,2026-10-10T23:00:00Z,effectif actuel ; participation non confirmée,27,5,0.6,0.4,0.11761823115925325,0.2,0.036223160969787456,0.0,-3.139202815737979e-17,0.0,-3.139202815737979e-17,700.0,3.085714285714286,5,0.0,10,0.9,0.6,0.3126695474501863,0.2,0.05668094798069332,0.1,0.01787574951572113,0.0,-2.0052288475052677e-17,729.5,4.441398217957505,10,0.1,True,10,0.7,0.5,0.2365895936154873,0.1,0.01787574951572113,0.1,0.01787574951572113,0.0,-2.0052288475052677e-17,715.8,3.520536462699078,10,0.1,True,0,,,,,,,,,,,,0,,0.11213103265186773,8.918137792458324,2026-10-08T23:21:15.963886+00:00,pregame,experimental
2026020074,2026-10-10,8477070,Liam O'Brien,UTA,BUF,0,0,2026-10-10T23:00:00Z,effectif actuel ; participation non confirmée,12,5,1.6,1.0,0.565508505247919,0.6,0.23071993220883702,0.0,-3.139202815737979e-17,0.0,-3.139202815737979e-17,585.4,9.83942603348138,5,0.0,10,1.0,0.7,0.3967732199795652,0.3,0.10778928748621182,0.0,-2.0052288475052677e-17,0.0,-2.0052288475052677e-17,567.5,6.343612334801762,10,0.1,True,5,1.0,0.6,0.23071993220883702,0.4,0.11761823115925325,0.0,-3.139202815737979e-17,0.0,-3.139202815737979e-17,621.8,5.7896429720167255,5,0.2,True,0,,,,,,,,,,,,0,,0.11198296980447396,8.929929271799397,2026-10-08T23:21:15.963886+00:00,pregame,experimental
2026020080,2026-10-10,8478038,Devon Toews,COL,TOR,1,1,2026-10-10T23:00:00Z,effectif actuel ; participation non confirmée,31,5,1.8,0.6,0.23071993220883702,0.6,0.23071993220883702,0.4,0.11761823115925325,0.2,0.036223160969787456,1370.4,4.728546409807356,5,0.0,10,1.5,0.6,0.3126695474501863,0.6,0.3126695474501863,0.2,0.05668094798069332,0.1,0.01787574951572113,1418.4,3.8071065989847717,10,0.1,True,10,1.4,0.6,0.3126695474501863,0.5,0.2365895936154873,0.2,0.05668094798069332,0.1,0.01787574951572113,1363.0,3.697725605282465,10,0.1,True,0,,,,,,,,,,,,0,,0.11166110794398881,8.955669690306294,2026-10-08T23:21:15.963886+00:00,pregame,experimental
2026020080,2026-10-10,8480870,Bo Groulx,TOR,COL,0,0,2026-10-10T23:00:00Z,effectif actuel ; participation non confirmée,16,5,0.6,0.6,0.23071993220883702,0.0,-3.139202815737979e-17,0.0,-3.139202815737979e-17,0.0,-3.139202815737979e-17,653.6,3.3047735618115057,5,0.0,10,0.7,0.6,0.3126695474501863,0.1,0.01787574951572113,0.0,-2.0052288475052677e-17,0.0,-2.0052288475052677e-17,795.1,3.169412652496541,10,0.0,True,8,1.375,0.875,0.5291051942301385,0.5,0.2152125268244419,0.0,0.0,0.0,0.0,977.375,5.064586264228162,8,0.125,True,0,,,,,,,,,,,,0,,0.11142304169400068,8.974804356412061,2026-10-08T23:21:15.963886+00:00,pregame,experimental
2026020078,2026-10-10,8484185,Nick Lardis,CHI,CAR,1,0,2026-10-10T23:00:00Z,effectif actuel ; participation non confirmée,28,5,0.8,0.6,0.23071993220883702,0.2,0.036223160969787456,0.0,-3.139202815737979e-17,0.0,-3.139202815737979e-17,640.2,4.498594189315839,5,0.2,10,1.2,0.7,0.3967732199795652,0.3,0.10778928748621182,0.2,0.05668094798069332,0.0,-2.0052288475052677e-17,755.3,5.719581623196081,10,0.1,True,10,0.9,0.6,0.3126695474501863,0.2,0.05668094798069332,0.1,0.01787574951572113,0.0,-2.0052288475052677e-17,765.7,4.231422228026642,10,0.2,True,1,3.0,1.0,0.20654329147389294,1.0,0.20654329147389294,1.0,0.20654329147389294,0.0,0.0,992.0,10.887096774193548,1,0.0,0.11092082893326599,9.015439296812652,2026-10-08T23:21:15.963886+00:00,pregame,experimental
2026020076,2026-10-10,8481535,Nils Hoglander,NSH,OTT,0,0,2026-10-10T23:00:00Z,effectif actuel ; participation non confirmée,28,5,1.2,0.6,0.23071993220883702,0.6,0.23071993220883702,0.0,-3.139202815737979e-17,0.0,-3.139202815737979e-17,725.2,5.956977385548814,5,0.4,10,1.1,0.7,0.3967732199795652,0.4,0.16817758120350967,0.0,-2.0052288475052677e-17,0.0,-2.0052288475052677e-17,721.2,5.490848585690515,10,0.2,True,10,1.0,0.8,0.49015684672072346,0.2,0.05668094798069332,0.0,-2.0052288475052677e-17,0.0,-2.0052288475052677e-17,668.8,5.382775119617225,10,0.2,True,0,,,,,,,,,,,,0,,0.10875198077658739,9.195234816498022,2026-10-08T23:21:15.963886+00:00,pregame,experimental
2026020074,2026-10-10,8479410,Mikhail Sergachev,UTA,BUF,0,1,2026-10-10T23:00:00Z,effectif actuel ; participation non confirmée,33,5,2.6,1.0,0.565508505247919,0.8,0.37552826411853885,0.6,0.23071993220883702,0.2,0.036223160969787456,1251.6,7.478427612655801,5,0.2,10,2.5,0.9,0.5958436145024278,0.7,0.3967732199795652,0.5,0.2365895936154873,0.2,0.05668094798069332,1371.3,6.56311529205863,10,0.1,True,10,2.3,0.9,0.5958436145024278,0.6,0.3126695474501863,0.5,0.2365895936154873,0.3,0.10778928748621182,1312.4,6.309052118256629,10,0.2,True,0,,,,,,,,,,,,0,,0.10854268172132285,9.212965666054235,2026-10-08T23:21:15.963886+00:00,pregame,experimental
2026020079,2026-10-10,8478856,Conor Garland,CBJ,STL,0,0,2026-10-10T23:00:00Z,effectif actuel ; participation non confirmée,36,5,0.4,0.4,0.11761823115925325,0.0,-3.139202815737979e-17,0.0,-3.139202815737979e-17,0.0,-3.139202815737979e-17,713.0,2.0196353436185133,5,0.0,10,0.9,0.5,0.2365895936154873,0.2,0.05668094798069332,0.1,0.01787574951572113,0.1,0.01787574951572113,797.3,4.063715038254108,10,0.0,True,10,1.9,0.8,0.49015684672072346,0.5,0.2365895936154873,0.2,0.05668094798069332,0.2,0.05668094798069332,790.3,8.654941161584208,10,0.1,True,0,,,,,,,,,,,,0,,0.1080794114941162,9.252456005965943,2026-10-08T23:21:15.963886+00:00,pregame,experimental
2026020075,2026-10-10,8478891,Mason Appleton,DET,MTL,0,0,2026-10-10T23:00:00Z,effectif actuel ; participation non confirmée,28,5,0.6,0.6,0.23071993220883702,0.0,-3.139202815737979e-17,0.0,-3.139202815737979e-17,0.0,-3.139202815737979e-17,766.2,2.8191072826938135,5,0.2,10,0.9,0.6,0.3126695474501863,0.2,0.05668094798069332,0.1,0.01787574951572113,0.0,-2.0052288475052677e-17,726.7,4.458511077473511,10,0.1,True,10,0.8,0.6,0.3126695474501863,0.1,0.01787574951572113,0.1,0.01787574951572113,0.0,-2.0052288475052677e-17,843.9,3.412726626377533,10,0.0,True,0,,,,,,,,,,,,0,,0.10793178404508351,9.265111374257431,2026-10-08T23:21:15.963886+00:00,pregame,experimental
2026020075,2026-10-10,8482737,Zachary Bolduc,MTL,DET,1,0,2026-10-10T23:00:00Z,effectif actuel ; participation non confirmée,32,5,1.4,0.8,0.37552826411853885,0.4,0.11761823115925325,0.2,0.036223160969787456,0.0,-3.139202815737979e-17,766.8,6.572769953051643,5,0.6,10,0.8,0.5,0.2365895936154873,0.2,0.05668094798069332,0.1,0.01787574951572113,0.0,-2.0052288475052677e-17,790.4,3.6437246963562755,10,0.3,True,10,1.6,0.6,0.3126695474501863,0.4,0.16817758120350967,0.3,0.10778928748621182,0.1,0.01787574951572113,851.3,6.766122401033713,10,0.2,True,0,,,,,,,,,,,,0,,0.10774690544565788,9.281009007765423,2026-10-08T23:21:15.963886+00:00,pregame,experimental
2026020078,2026-10-10,8476958,Jaccob Slavin,CAR,CHI,0,1,2026-10-10T23:00:00Z,effectif actuel ; participation non confirmée,34,5,1.6,1.0,0.565508505247919,0.2,0.036223160969787456,0.2,0.036223160969787456,0.2,0.036223160969787456,1368.4,4.209295527623502,5,0.0,10,1.9,0.9,0.5958436145024278,0.4,0.16817758120350967,0.3,0.10778928748621182,0.3,0.10778928748621182,1317.6,5.191256830601093,10,0.1,True,10,1.8,0.9,0.5958436145024278,0.3,0.10778928748621182,0.3,0.10778928748621182,0.3,0.10778928748621182,1358.3,4.770669218876537,10,0.0,True,0,,,,,,,,,,,,0,,0.10767150473207016,9.287508356908363,2026-10-08T23:21:15.963886+00:00,pregame,experimental
2026020079,2026-10-10,8481598,Philip Broberg,STL,CBJ,1,1,2026-10-10T23:00:00Z,effectif actuel ; participation non confirmée,37,5,2.0,1.0,0.565508505247919,0.6,0.23071993220883702,0.4,0.11761823115925325,0.0,-3.139202815737979e-17,1315.6,5.472788081483734,5,0.0,10,1.5,0.8,0.49015684672072346,0.4,0.16817758120350967,0.3,0.10778928748621182,0.0,-2.0052288475052677e-17,1334.5,4.046459348070439,10,0.0,True,10,1.6,0.9,0.5958436145024278,0.4,0.16817758120350967,0.3,0.10778928748621182,0.0,-2.0052288475052677e-17,1396.9,4.123416135729115,10,0.2,True,1,2.0,1.0,0.20654329147389294,1.0,0.20654329147389294,0.0,0.0,0.0,0.0,1353.0,5.321507760532151,1,0.0,0.10707686050216765,9.339085917444844,2026-10-08T23:21:15.963886+00:00,pregame,experimental
2026020076,2026-10-10,8477444,Andre Burakovsky,OTT,NSH,1,0,2026-10-10T23:00:00Z,effectif actuel ; participation non confirmée,32,5,0.6,0.6,0.23071993220883702,0.0,-3.139202815737979e-17,0.0,-3.139202815737979e-17,0.0,-3.139202815737979e-17,803.2,2.689243027888446,5,0.0,10,0.6,0.5,0.2365895936154873,0.1,0.01787574951572113,0.0,-2.0052288475052677e-17,0.0,-2.0052288475052677e-17,778.9,2.773141609962768,10,0.0,True,10,1.1,0.7,0.3967732199795652,0.2,0.05668094798069332,0.1,0.01787574951572113,0.1,0.01787574951572113,947.7,4.178537511870845,10,0.1,True,1,4.0,1.0,0.20654329147389294,1.0,0.20654329147389294,1.0,0.20654329147389294,1.0,0.20654329147389294,1102.0,13.067150635208712,1,0.0,0.10682614982934446,9.361003851561692,2026-10-08T23:21:15.963886+00:00,pregame,experimental
2026020075,2026-10-10,8476875,Mike Matheson,MTL,DET,1,1,2026-10-10T23:00:00Z,effectif actuel ; participation non confirmée,35,5,1.8,1.0,0.565508505247919,0.6,0.23071993220883702,0.2,0.036223160969787456,0.0,-3.139202815737979e-17,1400.6,4.626588604883621,5,0.0,10,1.5,0.7,0.3967732199795652,0.5,0.2365895936154873,0.2,0.05668094798069332,0.1,0.01787574951572113,1401.1,3.8541146242238242,10,0.0,True,10,1.8,0.8,0.49015684672072346,0.6,0.3126695474501863,0.3,0.10778928748621182,0.1,0.01787574951572113,1305.3,4.964376005515973,10,0.0,True,0,,,,,,,,,,,,0,,0.1062633739741064,9.410580170771482,2026-10-08T23:21:15.963886+00:00,pregame,experimental
2026020074,2026-10-10,8484388,Daniil But,UTA,BUF,0,0,2026-10-10T23:00:00Z,effectif actuel ; participation non confirmée,11,5,0.2,0.2,0.036223160969787456,0.0,-3.139202815737979e-17,0.0,-3.139202815737979e-17,0.0,-3.139202815737979e-17,645.8,1.1148962527098172,5,0.2,10,0.9,0.5,0.2365895936154873,0.3,0.10778928748621182,0.1,0.01787574951572113,0.0,-2.0052288475052677e-17,683.3,4.741694716815455,10,0.1,True,7,1.0,0.42857142857142855,0.1582169222626268,0.42857142857142855,0.1582169222626268,0.14285714285714285,0.02567895594897479,0.0,0.0,700.0,5.142857142857143,7,0.0,True,0,,,,,,,,,,,,0,,0.10451274927461396,9.56821064358795,2026-10-08T23:21:15.963886+00:00,pregame,experimental
2026020075,2026-10-10,8481523,Kirby Dach,MTL,DET,1,0,2026-10-10T23:00:00Z,effectif actuel ; participation non confirmée,25,5,0.4,0.4,0.11761823115925325,0.0,-3.139202815737979e-17,0.0,-3.139202815737979e-17,0.0,-3.139202815737979e-17,666.4,2.1608643457382954,5,0.0,10,0.7,0.4,0.16817758120350967,0.1,0.01787574951572113,0.1,0.01787574951572113,0.1,0.01787574951572113,674.7,3.734993330369053,10,0.0,True,10,1.0,0.6,0.3126695474501863,0.2,0.05668094798069332,0.1,0.01787574951572113,0.1,0.01787574951572113,735.8,4.892633867898885,10,0.2,True,0,,,,,,,,,,,,0,,0.10428839661508367,9.588794462828723,2026-10-08T23:21:15.963886+00:00,pregame,experimental
2026020074,2026-10-10,8475842,Sam Carrick,BUF,UTA,1,0,2026-10-10T23:00:00Z,effectif actuel ; participation non confirmée,26,5,0.8,0.6,0.23071993220883702,0.2,0.036223160969787456,0.0,-3.139202815737979e-17,0.0,-3.139202815737979e-17,473.2,6.086221470836856,5,0.0,10,1.3,0.6,0.3126695474501863,0.4,0.16817758120350967,0.3,0.10778928748621182,0.0,-2.0052288475052677e-17,629.7,7.432110528823249,10,0.2,True,10,1.1,0.7,0.3967732199795652,0.3,0.10778928748621182,0.1,0.01787574951572113,0.0,-2.0052288475052677e-17,552.5,7.167420814479638,10,0.2,True,0,,,,,,,,,,,,0,,0.10419657634473882,9.597244315316631,2026-10-08T23:21:15.963886+00:00,pregame,experimental
2026020078,2026-10-10,8476873,Mark Jankowski,CAR,CHI,0,0,2026-10-10T23:00:00Z,effectif actuel ; participation non confirmée,35,5,0.6,0.4,0.11761823115925325,0.2,0.036223160969787456,0.0,-3.139202815737979e-17,0.0,-3.139202815737979e-17,816.0,2.6470588235294117,5,0.4,10,0.8,0.5,0.2365895936154873,0.3,0.10778928748621182,0.0,-2.0052288475052677e-17,0.0,-2.0052288475052677e-17,766.8,3.755868544600939,10,0.3,True,10,1.2,0.8,0.49015684672072346,0.4,0.16817758120350967,0.0,-2.0052288475052677e-17,0.0,-2.0052288475052677e-17,761.6,5.6722689075630255,10,0.4,True,1,2.0,1.0,0.20654329147389294,1.0,0.20654329147389294,0.0,0.0,0.0,0.0,743.0,9.690444145356663,1,1.0,0.10371818295720336,9.641510981855749,2026-10-08T23:21:15.963886+00:00,pregame,experimental
2026020074,2026-10-10,8482671,Owen Power,BUF,UTA,1,1,2026-10-10T23:00:00Z,effectif actuel ; participation non confirmée,38,5,0.8,0.6,0.23071993220883702,0.2,0.036223160969787456,0.0,-3.139202815737979e-17,0.0,-3.139202815737979e-17,1498.8,1.9215372297838271,5,0.2,10,1.3,0.8,0.49015684672072346,0.5,0.2365895936154873,0.0,-2.0052288475052677e-17,0.0,-2.0052288475052677e-17,1349.8,3.4671803230108162,10,0.1,True,10,1.4,1.0,0.7224598312333834,0.4,0.16817758120350967,0.0,-2.0052288475052677e-17,0.0,-2.0052288475052677e-17,1335.8,3.773019913160653,10,0.2,True,0,,,,,,,,,,,,0,,0.10311405119600864,9.697999335697792,2026-10-08T23:21:15.963886+00:00,pregame,experimental
2026020075,2026-10-10,8482802,Carter Mazur,DET,MTL,0,0,2026-10-10T23:00:00Z,effectif actuel ; participation non confirmée,9,5,0.6,0.4,0.11761823115925325,0.2,0.036223160969787456,0.0,-3.139202815737979e-17,0.0,-3.139202815737979e-17,707.8,3.0517095224639728,5,0.0,9,0.4444444444444444,0.3333333333333333,0.12058159868274292,0.1111111111111111,0.019890371327130518,0.0,0.0,0.0,0.0,620.0,2.5806451612903225,9,0.0,True,3,0.0,0.0,0.0,0.0,0.0,0.0,0.0,0.0,0.0,649.3333333333334,0.0,3,0.0,True,0,,,,,,,,,,,,0,,0.10288745223636837,9.71935817501488,2026-10-08T23:21:15.963886+00:00,pregame,experimental
2026020079,2026-10-10,8480281,Alexey Toropchenko,STL,CBJ,1,0,2026-10-10T23:00:00Z,effectif actuel ; participation non confirmée,34,5,0.8,0.6,0.23071993220883702,0.2,0.036223160969787456,0.0,-3.139202815737979e-17,0.0,-3.139202815737979e-17,700.8,4.109589041095891,5,0.2,10,1.0,0.6,0.3126695474501863,0.2,0.05668094798069332,0.1,0.01787574951572113,0.1,0.01787574951572113,656.9,5.480286192723398,10,0.1,True,10,1.4,0.8,0.49015684672072346,0.4,0.16817758120350967,0.2,0.05668094798069332,0.0,-2.0052288475052677e-17,678.4,7.429245283018868,10,0.0,True,1,3.0,1.0,0.20654329147389294,1.0,0.20654329147389294,1.0,0.20654329147389294,0.0,0.0,744.0,14.516129032258064,1,0.0,0.10279440768617219,9.728155670228343,2026-10-08T23:21:15.963886+00:00,pregame,experimental
2026020078,2026-10-10,8484197,Oliver Moore,CHI,CAR,1,0,2026-10-10T23:00:00Z,effectif actuel ; participation non confirmée,19,5,1.0,0.6,0.23071993220883702,0.4,0.11761823115925325,0.0,-3.139202815737979e-17,0.0,-3.139202815737979e-17,587.4,6.128702757916241,5,0.2,10,1.1,0.6,0.3126695474501863,0.5,0.2365895936154873,0.0,-2.0052288475052677e-17,0.0,-2.0052288475052677e-17,655.2,6.043956043956044,10,0.1,True,7,0.7142857142857143,0.5714285714285714,0.2504542304090258,0.14285714285714285,0.02567895594897479,0.0,0.0,0.0,0.0,774.8571428571429,3.3185840707964602,7,0.0,True,0,,,,,,,,,,,,0,,0.10097060301154921,9.903872713185818,2026-10-08T23:21:15.963886+00:00,pregame,experimental
2026020077,2026-10-10,8471724,Kris Letang,PIT,DAL,1,1,2026-10-10T23:00:00Z,effectif actuel ; participation non confirmée,31,5,2.4,0.8,0.37552826411853885,0.8,0.37552826411853885,0.6,0.23071993220883702,0.2,0.036223160969787456,1158.4,7.458563535911602,5,0.0,10,1.4,0.6,0.3126695474501863,0.4,0.16817758120350967,0.3,0.10778928748621182,0.1,0.01787574951572113,1157.3,4.354964140672254,10,0.0,True,10,1.1,0.7,0.3967732199795652,0.3,0.10778928748621182,0.1,0.01787574951572113,0.0,-2.0052288475052677e-17,1244.7,3.181489515545915,10,0.0,True,1,0.0,0.0,0.0,0.0,0.0,0.0,0.0,0.0,0.0,1310.0,0.0,1,0.0,0.1007934985674362,9.921274826381255,2026-10-08T23:21:15.963886+00:00,pregame,experimental
2026020074,2026-10-10,8482896,Tyson Kozak,BUF,UTA,1,0,2026-10-10T23:00:00Z,effectif actuel ; participation non confirmée,19,5,0.6,0.4,0.11761823115925325,0.2,0.036223160969787456,0.0,-3.139202815737979e-17,0.0,-3.139202815737979e-17,685.2,3.1523642732049035,5,0.0,10,0.5,0.4,0.16817758120350967,0.1,0.01787574951572113,0.0,-2.0052288475052677e-17,0.0,-2.0052288475052677e-17,651.0,2.7649769585253456,10,0.0,True,7,0.42857142857142855,0.2857142857142857,0.08221716570901548,0.14285714285714285,0.02567895594897479,0.0,0.0,0.0,0.0,589.8571428571429,2.615645434729959,7,0.0,True,0,,,,,,,,,,,,0,,0.10073399502031613,9.927135321083206,2026-10-08T23:21:15.963886+00:00,pregame,experimental
2026020077,2026-10-10,8482148,Hendrix Lapierre,PIT,DAL,1,0,2026-10-10T23:00:00Z,effectif actuel ; participation non confirmée,32,5,0.4,0.4,0.11761823115925325,0.0,-3.139202815737979e-17,0.0,-3.139202815737979e-17,0.0,-3.139202815737979e-17,740.4,1.9448946515397083,5,0.2,10,0.5,0.5,0.2365895936154873,0.0,-2.0052288475052677e-17,0.0,-2.0052288475052677e-17,0.0,-2.0052288475052677e-17,697.0,2.582496413199426,10,0.2,True,10,0.4,0.4,0.16817758120350967,0.0,-2.0052288475052677e-17,0.0,-2.0052288475052677e-17,0.0,-2.0052288475052677e-17,638.3,2.255992480025067,10,0.1,True,0,,,,,,,,,,,,0,,0.09996166750690988,10.003834719252504,2026-10-08T23:21:15.963886+00:00,pregame,experimental
2026020078,2026-10-10,8480817,K'Andre Miller,CAR,CHI,0,1,2026-10-10T23:00:00Z,effectif actuel ; participation non confirmée,35,5,0.8,0.4,0.11761823115925325,0.2,0.036223160969787456,0.2,0.036223160969787456,0.0,-3.139202815737979e-17,1447.0,1.990324809951624,5,0.0,10,1.4,0.6,0.3126695474501863,0.3,0.10778928748621182,0.2,0.05668094798069332,0.1,0.01787574951572113,1332.5,3.782363977485929,10,0.2,True,10,1.5,0.9,0.5958436145024278,0.4,0.16817758120350967,0.2,0.05668094798069332,0.0,-2.0052288475052677e-17,1341.7,4.024744726839085,10,0.2,True,1,2.0,1.0,0.20654329147389294,1.0,0.20654329147389294,0.0,0.0,0.0,0.0,1265.0,5.691699604743083,1,1.0,0.09943108413077592,10.057217104107586,2026-10-08T23:21:15.963886+00:00,pregame,experimental
2026020075,2026-10-10,8475753,Justin Faulk,DET,MTL,0,1,2026-10-10T23:00:00Z,effectif actuel ; participation non confirmée,33,5,2.6,1.0,0.565508505247919,0.8,0.37552826411853885,0.6,0.23071993220883702,0.2,0.036223160969787456,1197.6,7.81563126252505,5,0.4,10,2.6,0.9,0.5958436145024278,0.8,0.49015684672072346,0.5,0.2365895936154873,0.2,0.05668094798069332,1188.8,7.873485868102288,10,0.4,True,10,1.4,0.7,0.3967732199795652,0.4,0.16817758120350967,0.2,0.05668094798069332,0.1,0.01787574951572113,1191.2,4.231027535258563,10,0.2,True,0,,,,,,,,,,,,0,,0.09842479923470654,10.160041044283686,2026-10-08T23:21:15.963886+00:00,pregame,experimental
2026020077,2026-10-10,8476278,Colin Blackwell,DAL,PIT,0,0,2026-10-10T23:00:00Z,effectif actuel ; participation non confirmée,29,5,0.4,0.2,0.036223160969787456,0.2,0.036223160969787456,0.0,-3.139202815737979e-17,0.0,-3.139202815737979e-17,685.4,2.1009629413481177,5,0.2,10,0.7,0.3,0.10778928748621182,0.3,0.10778928748621182,0.1,0.01787574951572113,0.0,-2.0052288475052677e-17,732.6,3.43980343980344,10,0.1,True,10,1.4,0.5,0.2365895936154873,0.5,0.2365895936154873,0.3,0.10778928748621182,0.1,0.01787574951572113,767.9,6.563354603463993,10,0.1,True,1,3.0,1.0,0.20654329147389294,1.0,0.20654329147389294,1.0,0.20654329147389294,0.0,0.0,936.0,11.538461538461538,1,0.0,0.09828073652784428,10.174933922241072,2026-10-08T23:21:15.963886+00:00,pregame,experimental
2026020080,2026-10-10,8476927,Teddy Blueger,TOR,COL,0,0,2026-10-10T23:00:00Z,effectif actuel ; participation non confirmée,37,5,0.4,0.4,0.11761823115925325,0.0,-3.139202815737979e-17,0.0,-3.139202815737979e-17,0.0,-3.139202815737979e-17,708.4,2.0327498588368154,5,0.0,10,0.6,0.5,0.2365895936154873,0.1,0.01787574951572113,0.0,-2.0052288475052677e-17,0.0,-2.0052288475052677e-17,829.1,2.605234591725968,10,0.1,True,10,1.7,0.8,0.49015684672072346,0.6,0.3126695474501863,0.2,0.05668094798069332,0.1,0.01787574951572113,984.7,6.215090890626587,10,0.3,True,1,2.0,1.0,0.20654329147389294,1.0,0.20654329147389294,0.0,0.0,0.0,0.0,1188.0,6.0606060606060606,1,1.0,0.09765595515935577,10.240030916375678,2026-10-08T23:21:15.963886+00:00,pregame,experimental
2026020076,2026-10-10,8476393,Nick Cousins,OTT,NSH,1,0,2026-10-10T23:00:00Z,effectif actuel ; participation non confirmée,38,5,1.0,0.6,0.23071993220883702,0.2,0.036223160969787456,0.2,0.036223160969787456,0.0,-3.139202815737979e-17,625.4,5.756315957787017,5,0.0,10,0.9,0.5,0.2365895936154873,0.2,0.05668094798069332,0.2,0.05668094798069332,0.0,-2.0052288475052677e-17,702.2,4.614070065508402,10,0.0,True,10,1.3,0.7,0.3967732199795652,0.4,0.16817758120350967,0.2,0.05668094798069332,0.0,-2.0052288475052677e-17,782.9,5.977774939328139,10,0.1,True,0,,,,,,,,,,,,0,,0.09711239885010328,10.297346289875286,2026-10-08T23:21:15.963886+00:00,pregame,experimental
2026020079,2026-10-10,8479066,Ryan Lomberg,CBJ,STL,0,0,2026-10-10T23:00:00Z,effectif actuel ; participation non confirmée,15,5,1.2,0.6,0.23071993220883702,0.6,0.23071993220883702,0.0,-3.139202815737979e-17,0.0,-3.139202815737979e-17,543.4,7.949944792050055,5,0.0,10,0.8,0.5,0.2365895936154873,0.3,0.10778928748621182,0.0,-2.0052288475052677e-17,0.0,-2.0052288475052677e-17,573.3,5.023547880690738,10,0.1,True,3,1.3333333333333333,0.6666666666666666,0.20765495512648788,0.6666666666666666,0.20765495512648788,0.0,0.0,0.0,0.0,567.0,8.465608465608465,3,0.0,True,0,,,,,,,,,,,,0,,0.09692022167252111,10.317764267800067,2026-10-08T23:21:15.963886+00:00,pregame,experimental
2026020077,2026-10-10,8481582,Nick Robertson,PIT,DAL,1,0,2026-10-10T23:00:00Z,effectif actuel ; participation non confirmée,37,5,1.4,0.8,0.37552826411853885,0.2,0.036223160969787456,0.2,0.036223160969787456,0.2,0.036223160969787456,785.2,6.418746816097809,5,0.4,10,1.8,0.8,0.49015684672072346,0.4,0.16817758120350967,0.2,0.05668094798069332,0.2,0.05668094798069332,782.5,8.281150159744408,10,0.4,True,10,2.3,0.9,0.5958436145024278,0.5,0.2365895936154873,0.3,0.10778928748621182,0.2,0.05668094798069332,810.6,10.214655810510733,10,0.3,True,1,6.0,1.0,0.20654329147389294,1.0,0.20654329147389294,1.0,0.20654329147389294,1.0,0.20654329147389294,872.0,24.770642201834864,1,1.0,0.09374976408350293,10.666693508788992,2026-10-08T23:21:15.963886+00:00,pregame,experimental
2026020079,2026-10-10,8482733,Logan Mailloux,STL,CBJ,1,1,2026-10-10T23:00:00Z,effectif actuel ; participation non confirmée,34,5,1.6,0.8,0.37552826411853885,0.4,0.11761823115925325,0.2,0.036223160969787456,0.2,0.036223160969787456,1307.4,4.405690683799908,5,0.4,10,1.5,0.8,0.49015684672072346,0.4,0.16817758120350967,0.2,0.05668094798069332,0.1,0.01787574951572113,1253.0,4.309656823623304,10,0.2,True,10,1.9,0.9,0.5958436145024278,0.5,0.2365895936154873,0.3,0.10778928748621182,0.2,0.05668094798069332,1279.0,5.3479280688037525,10,0.1,True,1,2.0,1.0,0.20654329147389294,1.0,0.20654329147389294,0.0,0.0,0.0,0.0,976.0,7.377049180327869,1,0.0,0.09371669859430874,10.670456972976728,2026-10-08T23:21:15.963886+00:00,pregame,experimental
2026020079,2026-10-10,8482660,Kent Johnson,CBJ,STL,0,0,2026-10-10T23:00:00Z,effectif actuel ; participation non confirmée,31,5,2.0,1.0,0.565508505247919,0.4,0.11761823115925325,0.2,0.036223160969787456,0.2,0.036223160969787456,805.4,8.93965731313633,5,0.2,10,1.3,0.7,0.3967732199795652,0.3,0.10778928748621182,0.1,0.01787574951572113,0.1,0.01787574951572113,723.6,6.467661691542289,10,0.1,True,10,1.1,0.7,0.3967732199795652,0.4,0.16817758120350967,0.0,-2.0052288475052677e-17,0.0,-2.0052288475052677e-17,689.1,5.746626033957336,10,0.0,True,1,4.0,1.0,0.20654329147389294,1.0,0.20654329147389294,1.0,0.20654329147389294,1.0,0.20654329147389294,660.0,21.818181818181817,1,1.0,0.0932730608252607,10.721209223244175,2026-10-08T23:21:15.963886+00:00,pregame,experimental
2026020077,2026-10-10,8476902,Esa Lindell,DAL,PIT,0,1,2026-10-10T23:00:00Z,effectif actuel ; participation non confirmée,36,5,1.0,0.6,0.23071993220883702,0.2,0.036223160969787456,0.2,0.036223160969787456,0.0,-3.139202815737979e-17,1204.8,2.9880478087649402,5,0.2,10,1.2,0.6,0.3126695474501863,0.3,0.10778928748621182,0.3,0.10778928748621182,0.0,-2.0052288475052677e-17,1262.6,3.4215111674322825,10,0.1,True,10,0.8,0.4,0.16817758120350967,0.3,0.10778928748621182,0.1,0.01787574951572113,0.0,-2.0052288475052677e-17,1273.9,2.260774001098987,10,0.1,True,1,0.0,0.0,0.0,0.0,0.0,0.0,0.0,0.0,0.0,1340.0,0.0,1,0.0,0.09179127500605555,10.894281618095283,2026-10-08T23:21:15.963886+00:00,pregame,experimental
2026020079,2026-10-10,8475764,Cam Fowler,STL,CBJ,1,1,2026-10-10T23:00:00Z,effectif actuel ; participation non confirmée,37,5,1.4,1.0,0.565508505247919,0.4,0.11761823115925325,0.0,-3.139202815737979e-17,0.0,-3.139202815737979e-17,1335.4,3.774150067395537,5,0.0,10,0.9,0.7,0.3967732199795652,0.2,0.05668094798069332,0.0,-2.0052288475052677e-17,0.0,-2.0052288475052677e-17,1225.7,2.643387452068206,10,0.1,True,10,0.6,0.5,0.2365895936154873,0.1,0.01787574951572113,0.0,-2.0052288475052677e-17,0.0,-2.0052288475052677e-17,1229.8,1.756383151731989,10,0.1,True,1,2.0,1.0,0.20654329147389294,1.0,0.20654329147389294,0.0,0.0,0.0,0.0,1326.0,5.429864253393665,1,0.0,0.09136437891649048,10.945184675463368,2026-10-08T23:21:15.963886+00:00,pregame,experimental
2026020078,2026-10-10,8484783,Artyom Levshunov,CHI,CAR,1,1,2026-10-10T23:00:00Z,effectif actuel ; participation non confirmée,26,5,2.0,1.0,0.565508505247919,0.4,0.11761823115925325,0.2,0.036223160969787456,0.2,0.036223160969787456,1251.6,5.752636625119846,5,0.0,10,1.5,0.8,0.49015684672072346,0.4,0.16817758120350967,0.1,0.01787574951572113,0.1,0.01787574951572113,1296.1,4.166345189414397,10,0.0,True,9,1.0,0.7777777777777778,0.4525833436728054,0.2222222222222222,0.0632237623122272,0.0,0.0,0.0,0.0,1284.0,2.803738317757009,9,0.0,True,0,,,,,,,,,,,,0,,0.09112474760199021,10.973967295555608,2026-10-08T23:21:15.963886+00:00,pregame,experimental
2026020077,2026-10-10,8480036,Miro Heiskanen,DAL,PIT,0,1,2026-10-10T23:00:00Z,effectif actuel ; participation non confirmée,33,5,1.8,0.8,0.37552826411853885,0.4,0.11761823115925325,0.2,0.036223160969787456,0.2,0.036223160969787456,1258.2,5.150214592274678,5,0.4,10,1.3,0.7,0.3967732199795652,0.3,0.10778928748621182,0.1,0.01787574951572113,0.1,0.01787574951572113,1368.4,3.4200526161940954,10,0.2,True,10,2.5,0.8,0.49015684672072346,0.7,0.3967732199795652,0.4,0.16817758120350967,0.4,0.16817758120350967,1457.3,6.175804570095382,10,0.1,True,1,2.0,1.0,0.20654329147389294,1.0,0.20654329147389294,0.0,0.0,0.0,0.0,1538.0,4.681404421326398,1,0.0,0.08954909785506569,11.16705833953224,2026-10-08T23:21:15.963886+00:00,pregame,experimental
2026020078,2026-10-10,8475235,Nicolas Deslauriers,CAR,CHI,0,0,2026-10-10T23:00:00Z,effectif actuel ; participation non confirmée,15,5,0.4,0.4,0.11761823115925325,0.0,-3.139202815737979e-17,0.0,-3.139202815737979e-17,0.0,-3.139202815737979e-17,509.0,2.8290766208251474,5,0.0,10,0.5,0.4,0.16817758120350967,0.1,0.01787574951572113,0.0,-2.0052288475052677e-17,0.0,-2.0052288475052677e-17,544.7,3.3045713236644025,10,0.0,True,8,1.0,0.625,0.3057378545838018,0.25,0.07147768885802765,0.125,0.02241690886329618,0.0,0.0,628.875,5.724508050089446,8,0.0,True,1,2.0,1.0,0.20654329147389294,1.0,0.20654329147389294,0.0,0.0,0.0,0.0,589.0,12.224108658743633,1,0.0,0.08947717609076038,11.176034422294004,2026-10-08T23:21:15.963886+00:00,pregame,experimental
2026020078,2026-10-10,8482176,Wyatt Kaiser,CHI,CAR,1,1,2026-10-10T23:00:00Z,effectif actuel ; participation non confirmée,33,5,1.0,0.6,0.23071993220883702,0.4,0.11761823115925325,0.0,-3.139202815737979e-17,0.0,-3.139202815737979e-17,1234.0,2.9173419773095626,5,0.0,10,0.8,0.6,0.3126695474501863,0.2,0.05668094798069332,0.0,-2.0052288475052677e-17,0.0,-2.0052288475052677e-17,1241.6,2.3195876288659796,10,0.0,True,10,1.2,0.7,0.3967732199795652,0.4,0.16817758120350967,0.1,0.01787574951572113,0.0,-2.0052288475052677e-17,1272.5,3.3948919449901767,10,0.1,True,1,1.0,1.0,0.20654329147389294,0.0,0.0,0.0,0.0,0.0,0.0,1076.0,3.345724907063197,1,0.0,0.08842774205305226,11.308668261596566,2026-10-08T23:21:15.963886+00:00,pregame,experimental
2026020074,2026-10-10,8479359,Beck Malenstyn,BUF,UTA,1,0,2026-10-10T23:00:00Z,effectif actuel ; participation non confirmée,38,5,0.6,0.4,0.11761823115925325,0.2,0.036223160969787456,0.0,-3.139202815737979e-17,0.0,-3.139202815737979e-17,620.2,3.4827475008061914,5,0.0,10,0.5,0.4,0.16817758120350967,0.1,0.01787574951572113,0.0,-2.0052288475052677e-17,0.0,-2.0052288475052677e-17,649.9,2.7696568702877364,10,0.1,True,10,0.6,0.4,0.16817758120350967,0.2,0.05668094798069332,0.0,-2.0052288475052677e-17,0.0,-2.0052288475052677e-17,668.1,3.2330489447687474,10,0.0,True,0,,,,,,,,,,,,0,,0.08619449458628779,11.601669048583116,2026-10-08T23:21:15.963886+00:00,pregame,experimental
2026020079,2026-10-10,8483485,Denton Mateychuk,CBJ,STL,0,1,2026-10-10T23:00:00Z,effectif actuel ; participation non confirmée,33,5,1.2,1.0,0.565508505247919,0.2,0.036223160969787456,0.0,-3.139202815737979e-17,0.0,-3.139202815737979e-17,1356.2,3.185370889249373,5,0.0,10,1.4,0.9,0.5958436145024278,0.3,0.10778928748621182,0.1,0.01787574951572113,0.1,0.01787574951572113,1299.6,3.8781163434903045,10,0.1,True,10,1.4,0.7,0.3967732199795652,0.4,0.16817758120350967,0.2,0.05668094798069332,0.1,0.01787574951572113,1023.5,4.924279433317049,10,0.1,True,1,2.0,1.0,0.20654329147389294,1.0,0.20654329147389294,0.0,0.0,0.0,0.0,1024.0,7.03125,1,1.0,0.08610043102398507,11.614343715903457,2026-10-08T23:21:15.963886+00:00,pregame,experimental
2026020078,2026-10-10,8480336,Sean Walker,CAR,CHI,0,1,2026-10-10T23:00:00Z,effectif actuel ; participation non confirmée,36,5,1.8,1.0,0.565508505247919,0.4,0.11761823115925325,0.2,0.036223160969787456,0.2,0.036223160969787456,1283.6,5.048301651604861,5,0.0,10,1.9,0.9,0.5958436145024278,0.6,0.3126695474501863,0.3,0.10778928748621182,0.1,0.01787574951572113,1274.6,5.366389455515455,10,0.2,True,10,2.6,0.9,0.5958436145024278,0.7,0.3967732199795652,0.6,0.3126695474501863,0.3,0.10778928748621182,1297.1,7.216097448153573,10,0.2,True,1,3.0,1.0,0.20654329147389294,1.0,0.20654329147389294,1.0,0.20654329147389294,0.0,0.0,1386.0,7.792207792207792,1,1.0,0.08598082700781584,11.630499900973247,2026-10-08T23:21:15.963886+00:00,pregame,experimental
2026020079,2026-10-10,8477527,Ross Johnston,STL,CBJ,1,0,2026-10-10T23:00:00Z,effectif actuel ; participation non confirmée,18,5,0.4,0.4,0.11761823115925325,0.0,-3.139202815737979e-17,0.0,-3.139202815737979e-17,0.0,-3.139202815737979e-17,549.4,2.621041135784492,5,0.0,10,0.4,0.4,0.16817758120350967,0.0,-2.0052288475052677e-17,0.0,-2.0052288475052677e-17,0.0,-2.0052288475052677e-17,592.6,2.429969625379683,10,0.0,True,10,0.5,0.3,0.10778928748621182,0.1,0.01787574951572113,0.1,0.01787574951572113,0.0,-2.0052288475052677e-17,615.8,2.9230269568041574,10,0.1,True,0,,,,,,,,,,,,0,,0.08514128718007567,11.745183014264024,2026-10-08T23:21:15.963886+00:00,pregame,experimental
2026020078,2026-10-10,8476906,Shayne Gostisbehere,CAR,CHI,0,1,2026-10-10T23:00:00Z,effectif actuel ; participation non confirmée,24,5,1.2,0.6,0.23071993220883702,0.2,0.036223160969787456,0.2,0.036223160969787456,0.2,0.036223160969787456,1132.8,3.8135593220338984,5,0.2,10,1.6,0.8,0.49015684672072346,0.5,0.2365895936154873,0.2,0.05668094798069332,0.1,0.01787574951572113,1135.9,5.070868914517123,10,0.1,True,10,2.0,0.9,0.5958436145024278,0.7,0.3967732199795652,0.2,0.05668094798069332,0.2,0.05668094798069332,995.3,7.233999799055561,10,0.3,True,1,2.0,1.0,0.20654329147389294,1.0,0.20654329147389294,0.0,0.0,0.0,0.0,1226.0,5.872756933115824,1,0.0,0.08409697905481801,11.89103355720016,2026-10-08T23:21:15.963886+00:00,pregame,experimental
2026020080,2026-10-10,8484258,Sam Malinski,COL,TOR,1,1,2026-10-10T23:00:00Z,effectif actuel ; participation non confirmée,39,5,2.0,1.0,0.565508505247919,0.6,0.23071993220883702,0.2,0.036223160969787456,0.2,0.036223160969787456,1070.8,6.72394471423235,5,0.0,10,2.3,0.9,0.5958436145024278,0.7,0.3967732199795652,0.3,0.10778928748621182,0.3,0.10778928748621182,1170.8,7.072087461564742,10,0.1,True,10,1.9,0.9,0.5958436145024278,0.6,0.3126695474501863,0.2,0.05668094798069332,0.2,0.05668094798069332,1173.2,5.830207978179339,10,0.2,True,0,,,,,,,,,,,,0,,0.08380669143887333,11.932221435198608,2026-10-08T23:21:15.963886+00:00,pregame,experimental
2026020077,2026-10-10,8479398,Samuel Girard,PIT,DAL,1,1,2026-10-10T23:00:00Z,effectif actuel ; participation non confirmée,33,5,1.4,0.8,0.37552826411853885,0.4,0.11761823115925325,0.2,0.036223160969787456,0.0,-3.139202815737979e-17,1145.0,4.401746724890829,5,0.2,10,1.0,0.6,0.3126695474501863,0.3,0.10778928748621182,0.1,0.01787574951572113,0.0,-2.0052288475052677e-17,1135.6,3.170130327580134,10,0.1,True,10,0.7,0.4,0.16817758120350967,0.2,0.05668094798069332,0.1,0.01787574951572113,0.0,-2.0052288475052677e-17,1142.4,2.2058823529411766,10,0.1,True,1,0.0,0.0,0.0,0.0,0.0,0.0,0.0,0.0,0.0,1009.0,0.0,1,0.0,0.08377875374647001,11.936200471854532,2026-10-08T23:21:15.963886+00:00,pregame,experimental
2026020075,2026-10-10,8480865,Noah Dobson,MTL,DET,1,1,2026-10-10T23:00:00Z,effectif actuel ; participation non confirmée,34,5,1.2,0.8,0.37552826411853885,0.4,0.11761823115925325,0.0,-3.139202815737979e-17,0.0,-3.139202815737979e-17,1261.8,3.4236804564907275,5,0.0,10,1.1,0.7,0.3967732199795652,0.3,0.10778928748621182,0.1,0.01787574951572113,0.0,-2.0052288475052677e-17,1327.6,2.982826152455559,10,0.0,True,10,1.8,0.9,0.5958436145024278,0.6,0.3126695474501863,0.3,0.10778928748621182,0.0,-2.0052288475052677e-17,1342.5,4.826815642458101,10,0.0,True,0,,,,,,,,,,,,0,,0.08160530053124955,12.254105964808803,2026-10-08T23:21:15.963886+00:00,pregame,experimental
2026020076,2026-10-10,8483513,Reid Schaefer,NSH,OTT,0,0,2026-10-10T23:00:00Z,effectif actuel ; participation non confirmée,23,5,0.8,0.8,0.37552826411853885,0.0,-3.139202815737979e-17,0.0,-3.139202815737979e-17,0.0,-3.139202815737979e-17,536.0,5.373134328358209,5,0.0,10,0.7,0.6,0.3126695474501863,0.1,0.01787574951572113,0.0,-2.0052288475052677e-17,0.0,-2.0052288475052677e-17,507.9,4.961606615475487,10,0.0,True,10,0.7,0.4,0.16817758120350967,0.2,0.05668094798069332,0.1,0.01787574951572113,0.0,-2.0052288475052677e-17,490.5,5.137614678899083,10,0.0,True,0,,,,,,,,,,,,0,,0.08119231743405814,12.316436229476622,2026-10-08T23:21:15.963886+00:00,pregame,experimental
2026020078,2026-10-10,8481568,Alex Vlasic,CHI,CAR,1,1,2026-10-10T23:00:00Z,effectif actuel ; participation non confirmée,38,5,0.8,0.6,0.23071993220883702,0.2,0.036223160969787456,0.0,-3.139202815737979e-17,0.0,-3.139202815737979e-17,1248.0,2.3076923076923075,5,0.0,10,1.0,0.6,0.3126695474501863,0.3,0.10778928748621182,0.1,0.01787574951572113,0.0,-2.0052288475052677e-17,1211.0,2.972749793559042,10,0.0,True,10,1.4,0.9,0.5958436145024278,0.4,0.16817758120350967,0.1,0.01787574951572113,0.0,-2.0052288475052677e-17,1260.2,3.999365180130138,10,0.0,True,1,2.0,1.0,0.20654329147389294,1.0,0.20654329147389294,0.0,0.0,0.0,0.0,1077.0,6.685236768802229,1,0.0,0.07926102310968805,12.61654165902093,2026-10-08T23:21:15.963886+00:00,pregame,experimental
2026020078,2026-10-10,8478970,Jalen Chatfield,CAR,CHI,0,1,2026-10-10T23:00:00Z,effectif actuel ; participation non confirmée,34,5,1.2,0.6,0.23071993220883702,0.4,0.11761823115925325,0.2,0.036223160969787456,0.0,-3.139202815737979e-17,1257.6,3.435114503816794,5,0.0,10,1.3,0.6,0.3126695474501863,0.4,0.16817758120350967,0.2,0.05668094798069332,0.1,0.01787574951572113,1205.8,3.881240670094543,10,0.0,True,10,2.0,1.0,0.7224598312333834,0.6,0.3126695474501863,0.4,0.16817758120350967,0.0,-2.0052288475052677e-17,1273.9,5.651935002747468,10,0.1,True,0,,,,,,,,,,,,0,,0.07909474383546418,12.643065158416052,2026-10-08T23:21:15.963886+00:00,pregame,experimental
2026020080,2026-10-10,8476853,Morgan Rielly,TOR,COL,0,1,2026-10-10T23:00:00Z,effectif actuel ; participation non confirmée,35,5,1.2,1.0,0.565508505247919,0.2,0.036223160969787456,0.0,-3.139202815737979e-17,0.0,-3.139202815737979e-17,1204.8,3.585657370517928,5,0.0,10,1.3,0.9,0.5958436145024278,0.3,0.10778928748621182,0.1,0.01787574951572113,0.0,-2.0052288475052677e-17,1216.7,3.8464699597271306,10,0.1,True,10,1.4,0.7,0.3967732199795652,0.5,0.2365895936154873,0.2,0.05668094798069332,0.0,-2.0052288475052677e-17,1218.5,4.136233073450964,10,0.3,True,0,,,,,,,,,,,,0,,0.07906722179207465,12.647466008477304,2026-10-08T23:21:15.963886+00:00,pregame,experimental
2026020078,2026-10-10,8481524,Bowen Byram,CHI,CAR,1,1,2026-10-10T23:00:00Z,effectif actuel ; participation non confirmée,38,5,0.6,0.4,0.11761823115925325,0.2,0.036223160969787456,0.0,-3.139202815737979e-17,0.0,-3.139202815737979e-17,1345.2,1.6057091882247994,5,0.0,10,0.7,0.5,0.2365895936154873,0.2,0.05668094798069332,0.0,-2.0052288475052677e-17,0.0,-2.0052288475052677e-17,1313.8,1.9181001674531892,10,0.0,True,10,1.4,0.8,0.49015684672072346,0.4,0.16817758120350967,0.2,0.05668094798069332,0.0,-2.0052288475052677e-17,1293.8,3.8955016231256763,10,0.1,True,0,,,,,,,,,,,,0,,0.07887130493918908,12.678882399258065,2026-10-08T23:21:15.963886+00:00,pregame,experimental
2026020074,2026-10-10,8480807,Mattias Samuelsson,BUF,UTA,1,1,2026-10-10T23:00:00Z,effectif actuel ; participation non confirmée,36,5,1.2,0.8,0.37552826411853885,0.4,0.11761823115925325,0.0,-3.139202815737979e-17,0.0,-3.139202815737979e-17,1263.0,3.4204275534441804,5,0.2,10,1.2,0.8,0.49015684672072346,0.4,0.16817758120350967,0.0,-2.0052288475052677e-17,0.0,-2.0052288475052677e-17,1272.5,3.3948919449901767,10,0.2,True,10,1.2,0.8,0.49015684672072346,0.3,0.10778928748621182,0.1,0.01787574951572113,0.0,-2.0052288475052677e-17,1353.9,3.190782184799468,10,0.0,True,0,,,,,,,,,,,,0,,0.07844574578811665,12.747663878434118,2026-10-08T23:21:15.963886+00:00,pregame,experimental
2026020076,2026-10-10,8476869,Brady Skjei,NSH,OTT,0,1,2026-10-10T23:00:00Z,effectif actuel ; participation non confirmée,37,5,0.6,0.4,0.11761823115925325,0.2,0.036223160969787456,0.0,-3.139202815737979e-17,0.0,-3.139202815737979e-17,1266.6,1.7053529133112268,5,0.0,10,1.0,0.6,0.3126695474501863,0.3,0.10778928748621182,0.1,0.01787574951572113,0.0,-2.0052288475052677e-17,1342.8,2.680965147453083,10,0.1,True,10,0.9,0.6,0.3126695474501863,0.2,0.05668094798069332,0.1,0.01787574951572113,0.0,-2.0052288475052677e-17,1441.9,2.2470351619391082,10,0.1,True,0,,,,,,,,,,,,0,,0.07777648200304049,12.85735706020886,2026-10-08T23:21:15.963886+00:00,pregame,experimental
2026020078,2026-10-10,8483506,Sam Rinzel,CHI,CAR,1,1,2026-10-10T23:00:00Z,effectif actuel ; participation non confirmée,29,5,1.6,1.0,0.565508505247919,0.6,0.23071993220883702,0.0,-3.139202815737979e-17,0.0,-3.139202815737979e-17,1065.4,5.406420123897128,5,0.4,10,1.4,0.9,0.5958436145024278,0.5,0.2365895936154873,0.0,-2.0052288475052677e-17,0.0,-2.0052288475052677e-17,1120.9,4.496386832009992,10,0.2,True,10,1.4,1.0,0.7224598312333834,0.4,0.16817758120350967,0.0,-2.0052288475052677e-17,0.0,-2.0052288475052677e-17,1200.3,4.1989502624343915,10,0.2,True,1,1.0,1.0,0.20654329147389294,0.0,0.0,0.0,0.0,0.0,0.0,1317.0,2.733485193621868,1,0.0,0.0768867662279264,13.006139405519509,2026-10-08T23:21:15.963886+00:00,pregame,experimental
2026020076,2026-10-10,8482095,Tyler Kleven,OTT,NSH,1,1,2026-10-10T23:00:00Z,effectif actuel ; participation non confirmée,31,5,1.4,0.8,0.37552826411853885,0.4,0.11761823115925325,0.2,0.036223160969787456,0.0,-3.139202815737979e-17,1061.8,4.746656620832549,5,0.0,10,1.8,0.9,0.5958436145024278,0.4,0.16817758120350967,0.2,0.05668094798069332,0.1,0.01787574951572113,1280.7,5.0597329585383,10,0.0,True,10,1.6,0.8,0.49015684672072346,0.5,0.2365895936154873,0.1,0.01787574951572113,0.1,0.01787574951572113,1051.2,5.47945205479452,10,0.1,True,0,,,,,,,,,,,,0,,0.07669888773315943,13.037998718821934,2026-10-08T23:21:15.963886+00:00,pregame,experimental
2026020074,2026-10-10,8479982,Conor Timmins,BUF,UTA,1,1,2026-10-10T23:00:00Z,effectif actuel ; participation non confirmée,6,5,1.8,0.8,0.37552826411853885,0.4,0.11761823115925325,0.4,0.11761823115925325,0.2,0.036223160969787456,977.0,6.632548618219038,5,0.0,6,1.8333333333333333,0.8333333333333334,0.4364905634363539,0.5,0.1876128068994087,0.3333333333333333,0.09676933255921684,0.16666666666666666,0.030052585871730285,969.1666666666666,6.809974204643164,6,0.0,True,4,2.5,1.0,0.5100999795960008,0.75,0.30063605244263664,0.5,0.15003570882017145,0.25,0.045586062644636216,954.5,9.429020429544265,4,0.0,True,0,,,,,,,,,,,,0,,0.07550086803016294,13.244880835018948,2026-10-08T23:21:15.963886+00:00,pregame,experimental
2026020075,2026-10-10,8480326,Sheldon Dries,DET,MTL,0,0,2026-10-10T23:00:00Z,effectif actuel ; participation non confirmée,5,5,0.4,0.2,0.036223160969787456,0.2,0.036223160969787456,0.0,-3.139202815737979e-17,0.0,-3.139202815737979e-17,418.4,3.4416826003824093,5,0.0,5,0.4,0.2,0.036223160969787456,0.2,0.036223160969787456,0.0,-3.139202815737979e-17,0.0,-3.139202815737979e-17,418.4,3.4416826003824093,5,0.0,True,2,1.0,0.5,0.09452865480086611,0.5,0.09452865480086611,0.0,0.0,0.0,0.0,545.0,6.605504587155964,2,0.0,True,0,,,,,,,,,,,,0,,0.07252831541363165,13.787718552360733,2026-10-08T23:21:15.963886+00:00,pregame,experimental
2026020074,2026-10-10,8477346,MacKenzie Weegar,UTA,BUF,0,1,2026-10-10T23:00:00Z,effectif actuel ; participation non confirmée,35,5,1.4,0.8,0.37552826411853885,0.4,0.11761823115925325,0.2,0.036223160969787456,0.0,-3.139202815737979e-17,1209.2,4.168044988422097,5,0.2,10,1.4,0.8,0.49015684672072346,0.4,0.16817758120350967,0.2,0.05668094798069332,0.0,-2.0052288475052677e-17,1198.0,4.207011686143573,10,0.1,True,10,1.5,0.7,0.3967732199795652,0.6,0.3126695474501863,0.2,0.05668094798069332,0.0,-2.0052288475052677e-17,1231.3,4.385608706245431,10,0.1,True,0,,,,,,,,,,,,0,,0.07173788169182702,13.939636582744656,2026-10-08T23:21:15.963886+00:00,pregame,experimental
2026020077,2026-10-10,8474574,Tyler Myers,DAL,PIT,0,1,2026-10-10T23:00:00Z,effectif actuel ; participation non confirmée,28,5,1.2,0.8,0.37552826411853885,0.2,0.036223160969787456,0.2,0.036223160969787456,0.0,-3.139202815737979e-17,1047.0,4.126074498567335,5,0.0,10,0.7,0.5,0.2365895936154873,0.1,0.01787574951572113,0.1,0.01787574951572113,0.0,-2.0052288475052677e-17,1062.9,2.3708721422523285,10,0.0,True,10,0.9,0.7,0.3967732199795652,0.1,0.01787574951572113,0.1,0.01787574951572113,0.0,-2.0052288475052677e-17,1057.1,3.0649891211805884,10,0.0,True,1,0.0,0.0,0.0,0.0,0.0,0.0,0.0,0.0,0.0,977.0,0.0,1,0.0,0.07097343077840274,14.089779640528533,2026-10-08T23:21:15.963886+00:00,pregame,experimental
2026020074,2026-10-10,8481806,Louis Crevier,BUF,UTA,1,1,2026-10-10T23:00:00Z,effectif actuel ; participation non confirmée,36,5,1.4,1.0,0.565508505247919,0.4,0.11761823115925325,0.0,-3.139202815737979e-17,0.0,-3.139202815737979e-17,1026.2,4.911323328785811,5,0.2,10,1.0,0.8,0.49015684672072346,0.2,0.05668094798069332,0.0,-2.0052288475052677e-17,0.0,-2.0052288475052677e-17,1097.2,3.2810791104629966,10,0.1,True,10,1.7,0.9,0.5958436145024278,0.4,0.16817758120350967,0.2,0.05668094798069332,0.2,0.05668094798069332,1077.8,5.678233438485805,10,0.2,True,1,1.0,1.0,0.20654329147389294,0.0,0.0,0.0,0.0,0.0,0.0,1037.0,3.471552555448409,1,0.0,0.06729910094801438,14.859039510385978,2026-10-08T23:21:15.963886+00:00,pregame,experimental
2026020074,2026-10-10,8477220,Nate Schmidt,UTA,BUF,0,1,2026-10-10T23:00:00Z,effectif actuel ; participation non confirmée,37,5,1.4,0.6,0.23071993220883702,0.6,0.23071993220883702,0.2,0.036223160969787456,0.0,-3.139202815737979e-17,1236.0,4.077669902912621,5,0.0,10,0.9,0.5,0.2365895936154873,0.3,0.10778928748621182,0.1,0.01787574951572113,0.0,-2.0052288475052677e-17,1153.1,2.8098170150030355,10,0.0,True,10,1.1,0.6,0.3126695474501863,0.4,0.16817758120350967,0.1,0.01787574951572113,0.0,-2.0052288475052677e-17,1235.3,3.205699020480855,10,0.1,True,0,,,,,,,,,,,,0,,0.06708353765523721,14.906786895159069,2026-10-08T23:21:15.963886+00:00,pregame,experimental
2026020079,2026-10-10,8475790,Erik Gudbranson,CBJ,STL,0,1,2026-10-10T23:00:00Z,effectif actuel ; participation non confirmée,33,5,0.6,0.6,0.23071993220883702,0.0,-3.139202815737979e-17,0.0,-3.139202815737979e-17,0.0,-3.139202815737979e-17,1043.0,2.070949185043145,5,0.0,10,0.7,0.6,0.3126695474501863,0.1,0.01787574951572113,0.0,-2.0052288475052677e-17,0.0,-2.0052288475052677e-17,1037.3,2.429383977634243,10,0.0,True,10,1.0,0.6,0.3126695474501863,0.3,0.10778928748621182,0.1,0.01787574951572113,0.0,-2.0052288475052677e-17,1087.7,3.3097361404799117,10,0.0,True,1,0.0,0.0,0.0,0.0,0.0,0.0,0.0,0.0,0.0,1066.0,0.0,1,0.0,0.06631603426131234,15.079309417984652,2026-10-08T23:21:15.963886+00:00,pregame,experimental
2026020080,2026-10-10,8470613,Brent Burns,COL,TOR,1,1,2026-10-10T23:00:00Z,effectif actuel ; participation non confirmée,39,5,1.0,0.6,0.23071993220883702,0.4,0.11761823115925325,0.0,-3.139202815737979e-17,0.0,-3.139202815737979e-17,1004.8,3.582802547770701,5,0.0,10,1.8,0.8,0.49015684672072346,0.7,0.3967732199795652,0.3,0.10778928748621182,0.0,-2.0052288475052677e-17,1080.3,5.998333796167731,10,0.1,True,10,1.9,0.9,0.5958436145024278,0.7,0.3967732199795652,0.3,0.10778928748621182,0.0,-2.0052288475052677e-17,1005.9,6.799880703847301,10,0.2,True,0,,,,,,,,,,,,0,,0.0661300632146866,15.121715470822556,2026-10-08T23:21:15.963886+00:00,pregame,experimental
2026020077,2026-10-10,8483398,Declan Carlile,PIT,DAL,1,1,2026-10-10T23:00:00Z,effectif actuel ; participation non confirmée,20,5,1.6,0.6,0.23071993220883702,0.6,0.23071993220883702,0.4,0.11761823115925325,0.0,-3.139202815737979e-17,1107.0,5.203252032520325,5,0.4,10,1.2,0.5,0.2365895936154873,0.5,0.2365895936154873,0.2,0.05668094798069332,0.0,-2.0052288475052677e-17,1038.6,4.15944540727903,10,0.2,True,10,1.6,0.7,0.3967732199795652,0.4,0.16817758120350967,0.3,0.10778928748621182,0.1,0.01787574951572113,1025.1,5.618964003511852,10,0.2,True,0,,,,,,,,,,,,0,,0.06517030245196646,15.344412445178483,2026-10-08T23:21:15.963886+00:00,pregame,experimental
2026020080,2026-10-10,8476967,Brett Kulak,COL,TOR,1,1,2026-10-10T23:00:00Z,effectif actuel ; participation non confirmée,39,5,0.8,0.4,0.11761823115925325,0.4,0.11761823115925325,0.0,-3.139202815737979e-17,0.0,-3.139202815737979e-17,1130.6,2.547320007075889,5,0.0,10,1.2,0.7,0.3967732199795652,0.4,0.16817758120350967,0.1,0.01787574951572113,0.0,-2.0052288475052677e-17,1223.9,3.529700138900237,10,0.0,True,10,1.3,0.8,0.49015684672072346,0.4,0.16817758120350967,0.1,0.01787574951572113,0.0,-2.0052288475052677e-17,1200.1,3.8996750270810767,10,0.0,True,0,,,,,,,,,,,,0,,0.06482622077452811,15.425856822320355,2026-10-08T23:21:15.963886+00:00,pregame,experimental
2026020077,2026-10-10,8480878,Nils Lundkvist,DAL,PIT,0,1,2026-10-10T23:00:00Z,effectif actuel ; participation non confirmée,33,5,1.0,0.6,0.23071993220883702,0.4,0.11761823115925325,0.0,-3.139202815737979e-17,0.0,-3.139202815737979e-17,1034.2,3.4809514600657514,5,0.0,10,0.6,0.4,0.16817758120350967,0.2,0.05668094798069332,0.0,-2.0052288475052677e-17,0.0,-2.0052288475052677e-17,996.9,2.166716822148661,10,0.0,True,10,1.3,0.6,0.3126695474501863,0.5,0.2365895936154873,0.1,0.01787574951572113,0.1,0.01787574951572113,1110.8,4.213179690313288,10,0.0,True,1,0.0,0.0,0.0,0.0,0.0,0.0,0.0,0.0,0.0,887.0,0.0,1,0.0,0.06455118248125964,15.49158298208275,2026-10-08T23:21:15.963886+00:00,pregame,experimental
2026020076,2026-10-10,8484759,Carter Yakemchuk,OTT,NSH,1,1,2026-10-10T23:00:00Z,effectif actuel ; participation non confirmée,7,5,1.0,0.8,0.37552826411853885,0.2,0.036223160969787456,0.0,-3.139202815737979e-17,0.0,-3.139202815737979e-17,931.0,3.866809881847476,5,0.0,7,1.2857142857142858,0.8571428571428571,0.4868654966809702,0.42857142857142855,0.1582169222626268,0.0,0.0,0.0,0.0,926.1428571428571,4.997686256362795,7,0.14285714285714285,True,1,2.0,1.0,0.20654329147389294,1.0,0.20654329147389294,0.0,0.0,0.0,0.0,1062.0,6.779661016949152,1,0.0,True,0,,,,,,,,,,,,0,,0.06389156460562412,15.65151841518644,2026-10-08T23:21:15.963886+00:00,pregame,experimental
2026020080,2026-10-10,8476312,Josh Manson,COL,TOR,1,1,2026-10-10T23:00:00Z,effectif actuel ; participation non confirmée,36,5,1.8,0.8,0.37552826411853885,0.6,0.23071993220883702,0.4,0.11761823115925325,0.0,-3.139202815737979e-17,954.8,6.786761625471303,5,0.2,10,2.1,0.9,0.5958436145024278,0.7,0.3967732199795652,0.4,0.16817758120350967,0.1,0.01787574951572113,1058.4,7.142857142857143,10,0.1,True,10,2.0,1.0,0.7224598312333834,0.6,0.3126695474501863,0.3,0.10778928748621182,0.1,0.01787574951572113,993.2,7.24929520741039,10,0.1,True,0,,,,,,,,,,,,0,,0.06226767949666642,16.05969594633017,2026-10-08T23:21:15.963886+00:00,pregame,experimental
2026020077,2026-10-10,8477845,Trevor van Riemsdyk,PIT,DAL,1,1,2026-10-10T23:00:00Z,effectif actuel ; participation non confirmée,36,5,0.4,0.4,0.11761823115925325,0.0,-3.139202815737979e-17,0.0,-3.139202815737979e-17,0.0,-3.139202815737979e-17,1139.4,1.263823064770932,5,0.0,10,0.8,0.4,0.16817758120350967,0.1,0.01787574951572113,0.1,0.01787574951572113,0.1,0.01787574951572113,1136.4,2.5343189017951424,10,0.1,True,10,1.0,0.5,0.2365895936154873,0.2,0.05668094798069332,0.1,0.01787574951572113,0.1,0.01787574951572113,1075.7,3.3466579901459514,10,0.1,True,0,,,,,,,,,,,,0,,0.06180385259796403,16.180221102154114,2026-10-08T23:21:15.963886+00:00,pregame,experimental
2026020076,2026-10-10,8484321,Nikolas Matinpalo,OTT,NSH,1,1,2026-10-10T23:00:00Z,effectif actuel ; participation non confirmée,24,5,0.8,0.6,0.23071993220883702,0.2,0.036223160969787456,0.0,-3.139202815737979e-17,0.0,-3.139202815737979e-17,1138.4,2.52986647926915,5,0.0,10,0.8,0.6,0.3126695474501863,0.2,0.05668094798069332,0.0,-2.0052288475052677e-17,0.0,-2.0052288475052677e-17,1051.6,2.7386839102320275,10,0.0,True,10,0.8,0.6,0.3126695474501863,0.2,0.05668094798069332,0.0,-2.0052288475052677e-17,0.0,-2.0052288475052677e-17,1042.1,2.76365032146627,10,0.0,True,0,,,,,,,,,,,,0,,0.06157766004337445,16.23965573384266,2026-10-08T23:21:15.963886+00:00,pregame,experimental
2026020077,2026-10-10,8481527,Kaedan Korczak,PIT,DAL,1,1,2026-10-10T23:00:00Z,effectif actuel ; participation non confirmée,35,5,1.2,0.8,0.37552826411853885,0.2,0.036223160969787456,0.2,0.036223160969787456,0.0,-3.139202815737979e-17,974.2,4.434407719154178,5,0.0,10,0.9,0.7,0.3967732199795652,0.1,0.01787574951572113,0.1,0.01787574951572113,0.0,-2.0052288475052677e-17,865.1,3.74523176511386,10,0.0,True,10,0.4,0.4,0.16817758120350967,0.0,-2.0052288475052677e-17,0.0,-2.0052288475052677e-17,0.0,-2.0052288475052677e-17,798.1,1.8042851772960782,10,0.0,True,1,0.0,0.0,0.0,0.0,0.0,0.0,0.0,0.0,0.0,902.0,0.0,1,0.0,0.06083665873533275,16.43745762485834,2026-10-08T23:21:15.963886+00:00,pregame,experimental
2026020078,2026-10-10,8482807,Ethan Del Mastro,CHI,CAR,1,1,2026-10-10T23:00:00Z,effectif actuel ; participation non confirmée,18,5,1.2,0.8,0.37552826411853885,0.2,0.036223160969787456,0.2,0.036223160969787456,0.0,-3.139202815737979e-17,914.6,4.723376339383337,5,0.0,10,0.9,0.6,0.3126695474501863,0.2,0.05668094798069332,0.1,0.01787574951572113,0.0,-2.0052288475052677e-17,928.7,3.4887477118552814,10,0.0,True,7,0.8571428571428571,0.5714285714285714,0.2504542304090258,0.14285714285714285,0.02567895594897479,0.14285714285714285,0.02567895594897479,0.0,0.0,814.4285714285714,3.7888089808805474,7,0.0,True,1,1.0,1.0,0.20654329147389294,0.0,0.0,0.0,0.0,0.0,0.0,995.0,3.6180904522613067,1,0.0,0.06074073485602885,16.463416229162473,2026-10-08T23:21:15.963886+00:00,pregame,experimental
2026020075,2026-10-10,8475279,Ben Chiarot,DET,MTL,0,1,2026-10-10T23:00:00Z,effectif actuel ; participation non confirmée,36,5,1.0,1.0,0.565508505247919,0.0,-3.139202815737979e-17,0.0,-3.139202815737979e-17,0.0,-3.139202815737979e-17,1091.8,3.297307199120718,5,0.0,10,1.2,1.0,0.7224598312333834,0.2,0.05668094798069332,0.0,-2.0052288475052677e-17,0.0,-2.0052288475052677e-17,1177.0,3.6703483432455397,10,0.0,True,10,1.3,0.9,0.5958436145024278,0.3,0.10778928748621182,0.1,0.01787574951572113,0.0,-2.0052288475052677e-17,1130.4,4.140127388535032,10,0.0,True,0,,,,,,,,,,,,0,,0.060440230360896637,16.545271155137353,2026-10-08T23:21:15.963886+00:00,pregame,experimental
2026020079,2026-10-10,8479371,Dante Fabbro,CBJ,STL,0,1,2026-10-10T23:00:00Z,effectif actuel ; participation non confirmée,26,5,0.8,0.8,0.37552826411853885,0.0,-3.139202815737979e-17,0.0,-3.139202815737979e-17,0.0,-3.139202815737979e-17,1121.6,2.5677603423680457,5,0.0,10,0.7,0.7,0.3967732199795652,0.0,-2.0052288475052677e-17,0.0,-2.0052288475052677e-17,0.0,-2.0052288475052677e-17,1142.2,2.2062686044475575,10,0.0,True,10,0.6,0.6,0.3126695474501863,0.0,-2.0052288475052677e-17,0.0,-2.0052288475052677e-17,0.0,-2.0052288475052677e-17,1098.6,1.9661387220098308,10,0.1,True,0,,,,,,,,,,,,0,,0.059384398807160295,16.839439652278244,2026-10-08T23:21:15.963886+00:00,pregame,experimental
2026020078,2026-10-10,8474013,Ian Cole,CHI,CAR,1,1,2026-10-10T23:00:00Z,effectif actuel ; participation non confirmée,37,5,0.4,0.4,0.11761823115925325,0.0,-3.139202815737979e-17,0.0,-3.139202815737979e-17,0.0,-3.139202815737979e-17,1009.6,1.4263074484944533,5,0.0,10,0.7,0.7,0.3967732199795652,0.0,-2.0052288475052677e-17,0.0,-2.0052288475052677e-17,0.0,-2.0052288475052677e-17,1069.3,2.356681941457028,10,0.0,True,10,1.2,0.8,0.49015684672072346,0.2,0.05668094798069332,0.2,0.05668094798069332,0.0,-2.0052288475052677e-17,1064.0,4.06015037593985,10,0.0,True,1,1.0,1.0,0.20654329147389294,0.0,0.0,0.0,0.0,0.0,0.0,1057.0,3.4058656575212867,1,0.0,0.059094139085330157,16.922151933815808,2026-10-08T23:21:15.963886+00:00,pregame,experimental
2026020074,2026-10-10,8478507,John Marino,UTA,BUF,0,1,2026-10-10T23:00:00Z,effectif actuel ; participation non confirmée,35,5,0.8,0.6,0.23071993220883702,0.2,0.036223160969787456,0.0,-3.139202815737979e-17,0.0,-3.139202815737979e-17,1216.6,2.3672530001643928,5,0.0,10,0.5,0.4,0.16817758120350967,0.1,0.01787574951572113,0.0,-2.0052288475052677e-17,0.0,-2.0052288475052677e-17,1168.8,1.540041067761807,10,0.0,True,10,0.2,0.2,0.05668094798069332,0.0,-2.0052288475052677e-17,0.0,-2.0052288475052677e-17,0.0,-2.0052288475052677e-17,1163.9,0.6186098462067188,10,0.0,True,0,,,,,,,,,,,,0,,0.05833109784261111,17.143514128573383,2026-10-08T23:21:15.963886+00:00,pregame,experimental
2026020080,2026-10-10,8476931,Jake McCabe,TOR,COL,0,1,2026-10-10T23:00:00Z,effectif actuel ; participation non confirmée,38,5,1.0,1.0,0.565508505247919,0.0,-3.139202815737979e-17,0.0,-3.139202815737979e-17,0.0,-3.139202815737979e-17,1071.2,3.3607169529499625,5,0.0,10,1.0,0.8,0.49015684672072346,0.2,0.05668094798069332,0.0,-2.0052288475052677e-17,0.0,-2.0052288475052677e-17,1201.1,2.997252518524686,10,0.0,True,10,0.9,0.5,0.2365895936154873,0.2,0.05668094798069332,0.1,0.01787574951572113,0.1,0.01787574951572113,1407.8,2.3014632760335276,10,0.1,True,0,,,,,,,,,,,,0,,0.056909865694263095,17.571645755980178,2026-10-08T23:21:15.963886+00:00,pregame,experimental
2026020076,2026-10-10,8480246,Nick Perbix,NSH,OTT,0,1,2026-10-10T23:00:00Z,effectif actuel ; participation non confirmée,37,5,0.4,0.4,0.11761823115925325,0.0,-3.139202815737979e-17,0.0,-3.139202815737979e-17,0.0,-3.139202815737979e-17,1145.4,1.2572027239392352,5,0.0,10,0.8,0.7,0.3967732199795652,0.1,0.01787574951572113,0.0,-2.0052288475052677e-17,0.0,-2.0052288475052677e-17,1157.2,2.488765986864846,10,0.0,True,10,1.1,1.0,0.7224598312333834,0.1,0.01787574951572113,0.0,-2.0052288475052677e-17,0.0,-2.0052288475052677e-17,1145.4,3.4573074908328967,10,0.0,True,0,,,,,,,,,,,,0,,0.05684490225791791,17.591726967227043,2026-10-08T23:21:15.963886+00:00,pregame,experimental
2026020078,2026-10-10,8483466,Kevin Korchinski,CHI,CAR,1,1,2026-10-10T23:00:00Z,effectif actuel ; participation non confirmée,12,5,0.8,0.6,0.23071993220883702,0.2,0.036223160969787456,0.0,-3.139202815737979e-17,0.0,-3.139202815737979e-17,899.4,3.202134756504336,5,0.0,10,0.6,0.5,0.2365895936154873,0.1,0.01787574951572113,0.0,-2.0052288475052677e-17,0.0,-2.0052288475052677e-17,851.0,2.538190364277321,10,0.0,True,5,0.6,0.6,0.23071993220883702,0.0,-3.139202815737979e-17,0.0,-3.139202815737979e-17,0.0,-3.139202815737979e-17,918.8,2.3508924684370918,5,0.0,True,1,1.0,1.0,0.20654329147389294,0.0,0.0,0.0,0.0,0.0,0.0,993.0,3.6253776435045317,1,0.0,0.05548332297830239,18.023433823368247,2026-10-08T23:21:15.963886+00:00,pregame,experimental
2026020076,2026-10-10,8482482,Adam Wilsby,NSH,OTT,0,1,2026-10-10T23:00:00Z,effectif actuel ; participation non confirmée,25,5,0.6,0.4,0.11761823115925325,0.2,0.036223160969787456,0.0,-3.139202815737979e-17,0.0,-3.139202815737979e-17,990.4,2.1809369951534734,5,0.0,10,1.0,0.6,0.3126695474501863,0.3,0.10778928748621182,0.1,0.01787574951572113,0.0,-2.0052288475052677e-17,1138.6,3.1617776216406113,10,0.0,True,10,1.4,0.9,0.5958436145024278,0.4,0.16817758120350967,0.1,0.01787574951572113,0.0,-2.0052288475052677e-17,1014.7,4.9669853158569035,10,0.0,True,0,,,,,,,,,,,,0,,0.05483957289567505,18.235007079693457,2026-10-08T23:21:15.963886+00:00,pregame,experimental
2026020079,2026-10-10,8478443,Brandon Carlo,STL,CBJ,1,1,2026-10-10T23:00:00Z,effectif actuel ; participation non confirmée,33,5,1.0,0.8,0.37552826411853885,0.2,0.036223160969787456,0.0,-3.139202815737979e-17,0.0,-3.139202815737979e-17,988.6,3.641513251062108,5,0.0,10,1.1,0.9,0.5958436145024278,0.2,0.05668094798069332,0.0,-2.0052288475052677e-17,0.0,-2.0052288475052677e-17,1093.2,3.622392974753019,10,0.0,True,10,1.5,0.9,0.5958436145024278,0.3,0.10778928748621182,0.2,0.05668094798069332,0.1,0.01787574951572113,1093.8,4.9369171695008225,10,0.0,True,0,,,,,,,,,,,,0,,0.05430499516983648,18.41451227226048,2026-10-08T23:21:15.963886+00:00,pregame,experimental
2026020075,2026-10-10,8484223,Axel Sandin-Pellikka,DET,MTL,0,1,2026-10-10T23:00:00Z,effectif actuel ; participation non confirmée,22,5,1.2,0.6,0.23071993220883702,0.4,0.11761823115925325,0.2,0.036223160969787456,0.0,-3.139202815737979e-17,917.8,4.706907823055132,5,0.0,10,1.5,0.8,0.49015684672072346,0.5,0.2365895936154873,0.2,0.05668094798069332,0.0,-2.0052288475052677e-17,855.1,6.3150508712431295,10,0.1,True,10,0.8,0.4,0.16817758120350967,0.2,0.05668094798069332,0.2,0.05668094798069332,0.0,-2.0052288475052677e-17,858.0,3.3566433566433567,10,0.0,True,0,,,,,,,,,,,,0,,0.05319683043562946,18.79811244036512,2026-10-08T23:21:15.963886+00:00,pregame,experimental
2026020079,2026-10-10,8482111,Justin Barron,STL,CBJ,1,1,2026-10-10T23:00:00Z,effectif actuel ; participation non confirmée,28,5,0.6,0.4,0.11761823115925325,0.2,0.036223160969787456,0.0,-3.139202815737979e-17,0.0,-3.139202815737979e-17,1075.6,2.008181480104128,5,0.0,10,0.6,0.5,0.2365895936154873,0.1,0.01787574951572113,0.0,-2.0052288475052677e-17,0.0,-2.0052288475052677e-17,1037.0,2.0829315332690452,10,0.0,True,10,0.5,0.4,0.16817758120350967,0.1,0.01787574951572113,0.0,-2.0052288475052677e-17,0.0,-2.0052288475052677e-17,849.9,2.1178962230850686,10,0.0,True,0,,,,,,,,,,,,0,,0.052457877529138226,19.062913848249778,2026-10-08T23:21:15.963886+00:00,pregame,experimental
2026020080,2026-10-10,8479442,Troy Stecher,TOR,COL,0,1,2026-10-10T23:00:00Z,effectif actuel ; participation non confirmée,33,5,1.0,0.6,0.23071993220883702,0.4,0.11761823115925325,0.0,-3.139202815737979e-17,0.0,-3.139202815737979e-17,1077.8,3.3401373167563557,5,0.0,10,0.6,0.4,0.16817758120350967,0.2,0.05668094798069332,0.0,-2.0052288475052677e-17,0.0,-2.0052288475052677e-17,1142.9,1.8899291276577128,10,0.0,True,10,0.8,0.5,0.2365895936154873,0.2,0.05668094798069332,0.1,0.01787574951572113,0.0,-2.0052288475052677e-17,1148.2,2.508273819892005,10,0.0,True,0,,,,,,,,,,,,0,,0.05242104659233214,19.07630741859844,2026-10-08T23:21:15.963886+00:00,pregame,experimental
2026020079,2026-10-10,8484188,Theo Lindstein,STL,CBJ,1,1,2026-10-10T23:00:00Z,effectif actuel ; participation non confirmée,20,5,1.2,0.8,0.37552826411853885,0.2,0.036223160969787456,0.2,0.036223160969787456,0.0,-3.139202815737979e-17,938.2,4.604561927094436,5,0.2,10,1.1,0.7,0.3967732199795652,0.3,0.10778928748621182,0.1,0.01787574951572113,0.0,-2.0052288475052677e-17,959.6,4.126719466444352,10,0.1,True,8,1.0,0.375,0.13684175946152105,0.375,0.13684175946152105,0.25,0.07147768885802765,0.0,0.0,941.625,3.823178016726404,8,0.125,True,0,,,,,,,,,,,,0,,0.05149391197508039,19.419771418491823,2026-10-08T23:21:15.963886+00:00,pregame,experimental
2026020080,2026-10-10,8475171,Oliver Ekman-Larsson,TOR,COL,0,1,2026-10-10T23:00:00Z,effectif actuel ; participation non confirmée,34,5,0.8,0.6,0.23071993220883702,0.2,0.036223160969787456,0.0,-3.139202815737979e-17,0.0,-3.139202815737979e-17,1071.2,2.68857356235997,5,0.0,10,0.7,0.6,0.3126695474501863,0.1,0.01787574951572113,0.0,-2.0052288475052677e-17,0.0,-2.0052288475052677e-17,1058.3,2.381177359916848,10,0.0,True,10,0.9,0.7,0.3967732199795652,0.2,0.05668094798069332,0.0,-2.0052288475052677e-17,0.0,-2.0052288475052677e-17,1158.8,2.7959958577839146,10,0.0,True,0,,,,,,,,,,,,0,,0.050542739866980574,19.785235280711348,2026-10-08T23:21:15.963886+00:00,pregame,experimental
2026020076,2026-10-10,8479980,Nicolas Hague,NSH,OTT,0,1,2026-10-10T23:00:00Z,effectif actuel ; participation non confirmée,26,5,0.4,0.4,0.11761823115925325,0.0,-3.139202815737979e-17,0.0,-3.139202815737979e-17,0.0,-3.139202815737979e-17,931.8,1.54539600772698,5,0.0,10,1.0,0.7,0.3967732199795652,0.2,0.05668094798069332,0.1,0.01787574951572113,0.0,-2.0052288475052677e-17,1081.1,3.3299417260197948,10,0.0,True,10,1.3,0.6,0.3126695474501863,0.4,0.16817758120350967,0.3,0.10778928748621182,0.0,-2.0052288475052677e-17,1154.4,4.054054054054054,10,0.0,True,0,,,,,,,,,,,,0,,0.049283585987136544,20.29073128446881,2026-10-08T23:21:15.963886+00:00,pregame,experimental
2026020079,2026-10-10,8481006,Tyler Tucker,STL,CBJ,1,1,2026-10-10T23:00:00Z,effectif actuel ; participation non confirmée,26,5,1.2,0.6,0.23071993220883702,0.2,0.036223160969787456,0.2,0.036223160969787456,0.2,0.036223160969787456,1022.8,4.223699648025029,5,0.0,10,0.6,0.3,0.10778928748621182,0.1,0.01787574951572113,0.1,0.01787574951572113,0.1,0.01787574951572113,904.4,2.3883237505528525,10,0.0,True,10,0.6,0.6,0.3126695474501863,0.0,-2.0052288475052677e-17,0.0,-2.0052288475052677e-17,0.0,-2.0052288475052677e-17,901.1,2.397070247475308,10,0.1,True,1,1.0,1.0,0.20654329147389294,0.0,0.0,0.0,0.0,0.0,0.0,856.0,4.205607476635514,1,1.0,0.048401608596369584,20.660470364511937,2026-10-08T23:21:15.963886+00:00,pregame,experimental
2026020075,2026-10-10,8478851,Alexandre Carrier,MTL,DET,1,1,2026-10-10T23:00:00Z,effectif actuel ; participation non confirmée,27,5,0.8,0.4,0.11761823115925325,0.2,0.036223160969787456,0.2,0.036223160969787456,0.0,-3.139202815737979e-17,1043.4,2.7602070155261647,5,0.2,10,0.4,0.2,0.05668094798069332,0.1,0.01787574951572113,0.1,0.01787574951572113,0.0,-2.0052288475052677e-17,1096.4,1.3133892739875959,10,0.1,True,10,0.6,0.4,0.16817758120350967,0.2,0.05668094798069332,0.0,-2.0052288475052677e-17,0.0,-2.0052288475052677e-17,1051.6,2.0540129326740204,10,0.0,True,0,,,,,,,,,,,,0,,0.048396199690079605,20.662779441439962,2026-10-08T23:21:15.963886+00:00,pregame,experimental
2026020074,2026-10-10,8484386,Dmitri Simashev,UTA,BUF,0,1,2026-10-10T23:00:00Z,effectif actuel ; participation non confirmée,8,5,0.6,0.4,0.11761823115925325,0.2,0.036223160969787456,0.0,-3.139202815737979e-17,0.0,-3.139202815737979e-17,920.0,2.347826086956522,5,0.0,8,0.625,0.375,0.13684175946152105,0.25,0.07147768885802765,0.0,0.0,0.0,0.0,870.125,2.58583536848154,8,0.0,True,5,0.0,0.0,-3.139202815737979e-17,0.0,-3.139202815737979e-17,0.0,-3.139202815737979e-17,0.0,-3.139202815737979e-17,885.6,0.0,5,0.0,True,0,,,,,,,,,,,,0,,0.045255465421192256,22.096778603269417,2026-10-08T23:21:15.963886+00:00,pregame,experimental
2026020077,2026-10-10,8482470,Ilya Solovyov,PIT,DAL,1,1,2026-10-10T23:00:00Z,effectif actuel ; participation non confirmée,15,5,0.8,0.6,0.23071993220883702,0.2,0.036223160969787456,0.0,-3.139202815737979e-17,0.0,-3.139202815737979e-17,911.6,3.1592803861342693,5,0.0,10,0.7,0.5,0.2365895936154873,0.2,0.05668094798069332,0.0,-2.0052288475052677e-17,0.0,-2.0052288475052677e-17,842.0,2.992874109263658,10,0.0,True,6,0.3333333333333333,0.16666666666666666,0.030052585871730285,0.16666666666666666,0.030052585871730285,0.0,0.0,0.0,0.0,807.5,1.4860681114551084,6,0.0,True,0,,,,,,,,,,,,0,,0.04501258587886514,22.21600871123319,2026-10-08T23:21:15.963886+00:00,pregame,experimental
2026020074,2026-10-10,8479369,Andrew Peeke,UTA,BUF,0,1,2026-10-10T23:00:00Z,effectif actuel ; participation non confirmée,33,5,1.2,0.6,0.23071993220883702,0.4,0.11761823115925325,0.2,0.036223160969787456,0.0,-3.139202815737979e-17,1001.6,4.313099041533547,5,0.2,10,0.8,0.5,0.2365895936154873,0.2,0.05668094798069332,0.1,0.01787574951572113,0.0,-2.0052288475052677e-17,1094.2,2.632059952476695,10,0.1,True,10,1.4,0.6,0.3126695474501863,0.4,0.16817758120350967,0.3,0.10778928748621182,0.1,0.01787574951572113,1070.3,4.708960104643558,10,0.1,True,1,4.0,1.0,0.20654329147389294,1.0,0.20654329147389294,1.0,0.20654329147389294,1.0,0.20654329147389294,1035.0,13.91304347826087,1,0.0,0.04457212178301658,22.43554849975826,2026-10-08T23:21:15.963886+00:00,pregame,experimental
2026020074,2026-10-10,8476891,Matt Grzelcyk,BUF,UTA,1,1,2026-10-10T23:00:00Z,effectif actuel ; participation non confirmée,22,5,0.2,0.2,0.036223160969787456,0.0,-3.139202815737979e-17,0.0,-3.139202815737979e-17,0.0,-3.139202815737979e-17,835.2,0.8620689655172413,5,0.0,10,0.6,0.3,0.10778928748621182,0.2,0.05668094798069332,0.1,0.01787574951572113,0.0,-2.0052288475052677e-17,935.7,2.3084321898044244,10,0.0,True,9,0.4444444444444444,0.2222222222222222,0.0632237623122272,0.2222222222222222,0.0632237623122272,0.0,0.0,0.0,0.0,900.2222222222222,1.7773389286595902,9,0.0,True,1,2.0,1.0,0.20654329147389294,1.0,0.20654329147389294,0.0,0.0,0.0,0.0,990.0,7.2727272727272725,1,0.0,0.0441812148060685,22.63405396138282,2026-10-08T23:21:15.963886+00:00,pregame,experimental
2026020078,2026-10-10,8476422,Mike Reilly,CAR,CHI,0,1,2026-10-10T23:00:00Z,effectif actuel ; participation non confirmée,15,5,1.0,0.8,0.37552826411853885,0.2,0.036223160969787456,0.0,-3.139202815737979e-17,0.0,-3.139202815737979e-17,790.4,4.554655870445344,5,0.0,10,1.3,0.9,0.5958436145024278,0.3,0.10778928748621182,0.1,0.01787574951572113,0.0,-2.0052288475052677e-17,765.9,6.110458284371328,10,0.0,True,10,1.3,0.9,0.5958436145024278,0.3,0.10778928748621182,0.1,0.01787574951572113,0.0,-2.0052288475052677e-17,781.4,5.989250063987714,10,0.0,True,1,3.0,1.0,0.20654329147389294,1.0,0.20654329147389294,1.0,0.20654329147389294,0.0,0.0,935.0,11.550802139037433,1,0.0,0.043929369233998275,22.763814218986546,2026-10-08T23:21:15.963886+00:00,pregame,experimental
2026020077,2026-10-10,8483425,Lian Bichsel,DAL,PIT,0,1,2026-10-10T23:00:00Z,effectif actuel ; participation non confirmée,27,5,0.2,0.2,0.036223160969787456,0.0,-3.139202815737979e-17,0.0,-3.139202815737979e-17,0.0,-3.139202815737979e-17,1033.0,0.6969990319457889,5,0.0,10,0.5,0.4,0.16817758120350967,0.1,0.01787574951572113,0.0,-2.0052288475052677e-17,0.0,-2.0052288475052677e-17,1007.3,1.7869552268440385,10,0.0,True,10,1.1,0.7,0.3967732199795652,0.4,0.16817758120350967,0.0,-2.0052288475052677e-17,0.0,-2.0052288475052677e-17,945.5,4.188260179799048,10,0.2,True,1,2.0,1.0,0.20654329147389294,1.0,0.20654329147389294,0.0,0.0,0.0,0.0,852.0,8.450704225352112,1,1.0,0.04351063296902453,22.982887900341645,2026-10-08T23:21:15.963886+00:00,pregame,experimental
2026020075,2026-10-10,8481593,Jayden Struble,MTL,DET,1,1,2026-10-10T23:00:00Z,effectif actuel ; participation non confirmée,26,5,0.4,0.4,0.11761823115925325,0.0,-3.139202815737979e-17,0.0,-3.139202815737979e-17,0.0,-3.139202815737979e-17,867.2,1.6605166051660516,5,0.0,10,0.7,0.6,0.3126695474501863,0.1,0.01787574951572113,0.0,-2.0052288475052677e-17,0.0,-2.0052288475052677e-17,903.9,2.7879190175904416,10,0.1,True,10,0.7,0.5,0.2365895936154873,0.2,0.05668094798069332,0.0,-2.0052288475052677e-17,0.0,-2.0052288475052677e-17,827.0,3.0471584038694073,10,0.1,True,0,,,,,,,,,,,,0,,0.043120282378422296,23.19094274995767,2026-10-08T23:21:15.963886+00:00,pregame,experimental
2026020077,2026-10-10,8481056,Spencer Stastney,PIT,DAL,1,1,2026-10-10T23:00:00Z,effectif actuel ; participation non confirmée,18,5,0.2,0.2,0.036223160969787456,0.0,-3.139202815737979e-17,0.0,-3.139202815737979e-17,0.0,-3.139202815737979e-17,920.6,0.7820986313273952,5,0.0,10,0.3,0.3,0.10778928748621182,0.0,-2.0052288475052677e-17,0.0,-2.0052288475052677e-17,0.0,-2.0052288475052677e-17,950.4,1.1363636363636365,10,0.0,True,10,0.4,0.3,0.10778928748621182,0.1,0.01787574951572113,0.0,-2.0052288475052677e-17,0.0,-2.0052288475052677e-17,867.3,1.6603251470079556,10,0.1,True,0,,,,,,,,,,,,0,,0.043034349969957544,23.237251188831806,2026-10-08T23:21:15.963886+00:00,pregame,experimental
2026020076,2026-10-10,8480950,Ilya Lyubushkin,NSH,OTT,0,1,2026-10-10T23:00:00Z,effectif actuel ; participation non confirmée,17,5,0.6,0.6,0.23071993220883702,0.0,-3.139202815737979e-17,0.0,-3.139202815737979e-17,0.0,-3.139202815737979e-17,944.8,2.2861981371718882,5,0.0,10,0.5,0.5,0.2365895936154873,0.0,-2.0052288475052677e-17,0.0,-2.0052288475052677e-17,0.0,-2.0052288475052677e-17,839.4,2.144388849177984,10,0.0,True,6,0.6666666666666666,0.5,0.1876128068994087,0.16666666666666666,0.030052585871730285,0.0,0.0,0.0,0.0,957.5,2.506527415143603,6,0.0,True,0,,,,,,,,,,,,0,,0.04260359589425241,23.472197100031845,2026-10-08T23:21:15.963886+00:00,pregame,experimental
2026020079,2026-10-10,8477369,Carson Soucy,CBJ,STL,0,1,2026-10-10T23:00:00Z,effectif actuel ; participation non confirmée,34,5,0.8,0.4,0.11761823115925325,0.4,0.11761823115925325,0.0,-3.139202815737979e-17,0.0,-3.139202815737979e-17,953.4,3.0207677784770297,5,0.0,10,0.6,0.4,0.16817758120350967,0.2,0.05668094798069332,0.0,-2.0052288475052677e-17,0.0,-2.0052288475052677e-17,991.2,2.179176755447942,10,0.0,True,10,0.8,0.5,0.2365895936154873,0.2,0.05668094798069332,0.1,0.01787574951572113,0.0,-2.0052288475052677e-17,920.7,3.1280547409579667,10,0.0,True,1,3.0,1.0,0.20654329147389294,1.0,0.20654329147389294,1.0,0.20654329147389294,0.0,0.0,919.0,11.7519042437432,1,0.0,0.04249552075696185,23.531891883832827,2026-10-08T23:21:15.963886+00:00,pregame,experimental
2026020075,2026-10-10,8481607,Albert Johansson,DET,MTL,0,1,2026-10-10T23:00:00Z,effectif actuel ; participation non confirmée,36,5,1.2,0.6,0.23071993220883702,0.4,0.11761823115925325,0.2,0.036223160969787456,0.0,-3.139202815737979e-17,907.8,4.758757435558493,5,0.0,10,0.9,0.6,0.3126695474501863,0.2,0.05668094798069332,0.1,0.01787574951572113,0.0,-2.0052288475052677e-17,879.9,3.682236617797477,10,0.1,True,10,0.7,0.5,0.2365895936154873,0.2,0.05668094798069332,0.0,-2.0052288475052677e-17,0.0,-2.0052288475052677e-17,909.4,2.7710578403342865,10,0.0,True,0,,,,,,,,,,,,0,,0.04204535792406339,23.783838439574332,2026-10-08T23:21:15.963886+00:00,pregame,experimental
2026020076,2026-10-10,8480075,Cameron Crotty,OTT,NSH,1,1,2026-10-10T23:00:00Z,effectif actuel ; participation non confirmée,8,5,0.8,0.6,0.23071993220883702,0.2,0.036223160969787456,0.0,-3.139202815737979e-17,0.0,-3.139202815737979e-17,804.4,3.580308304326206,5,0.0,8,0.625,0.5,0.2152125268244419,0.125,0.02241690886329618,0.0,0.0,0.0,0.0,834.75,2.6954177897574123,8,0.0,True,5,0.6,0.6,0.23071993220883702,0.0,-3.139202815737979e-17,0.0,-3.139202815737979e-17,0.0,-3.139202815737979e-17,935.8,2.3081855097243,5,0.0,True,0,,,,,,,,,,,,0,,0.04155846532769883,24.062486237515063,2026-10-08T23:21:15.963886+00:00,pregame,experimental
2026020080,2026-10-10,8483565,Nick Blankenburg,TOR,COL,0,1,2026-10-10T23:00:00Z,effectif actuel ; participation non confirmée,23,5,2.2,0.8,0.37552826411853885,0.8,0.37552826411853885,0.6,0.23071993220883702,0.0,-3.139202815737979e-17,825.8,9.590699927343183,5,0.4,10,1.3,0.6,0.3126695474501863,0.4,0.16817758120350967,0.3,0.10778928748621182,0.0,-2.0052288475052677e-17,768.9,6.086617245415528,10,0.2,True,10,1.1,0.6,0.3126695474501863,0.3,0.10778928748621182,0.2,0.05668094798069332,0.0,-2.0052288475052677e-17,791.1,5.005688282138794,10,0.1,True,0,,,,,,,,,,,,0,,0.040666616822033895,24.59019407432443,2026-10-08T23:21:15.963886+00:00,pregame,experimental
2026020074,2026-10-10,8480084,Nick DeSimone,UTA,BUF,0,1,2026-10-10T23:00:00Z,effectif actuel ; participation non confirmée,16,5,0.6,0.4,0.11761823115925325,0.2,0.036223160969787456,0.0,-3.139202815737979e-17,0.0,-3.139202815737979e-17,815.0,2.6503067484662575,5,0.0,10,0.6,0.5,0.2365895936154873,0.1,0.01787574951572113,0.0,-2.0052288475052677e-17,0.0,-2.0052288475052677e-17,874.9,2.468853583266659,10,0.0,True,9,0.3333333333333333,0.3333333333333333,0.12058159868274292,0.0,0.0,0.0,0.0,0.0,0.0,885.5555555555555,1.355081555834379,9,0.0,True,0,,,,,,,,,,,,0,,0.038258472942097416,26.138000894950977,2026-10-08T23:21:15.963886+00:00,pregame,experimental
2026020079,2026-10-10,8482126,Emil Andrae,CBJ,STL,0,1,2026-10-10T23:00:00Z,effectif actuel ; participation non confirmée,27,5,0.2,0.2,0.036223160969787456,0.0,-3.139202815737979e-17,0.0,-3.139202815737979e-17,0.0,-3.139202815737979e-17,936.8,0.7685738684884714,5,0.0,10,0.3,0.2,0.05668094798069332,0.1,0.01787574951572113,0.0,-2.0052288475052677e-17,0.0,-2.0052288475052677e-17,854.2,1.264340903769609,10,0.0,True,10,0.4,0.2,0.05668094798069332,0.1,0.01787574951572113,0.1,0.01787574951572113,0.0,-2.0052288475052677e-17,677.5,2.125461254612546,10,0.1,True,0,,,,,,,,,,,,0,,0.03777991323450726,26.46909202233488,2026-10-08T23:21:15.963886+00:00,pregame,experimental
2026020074,2026-10-10,8482803,Olen Zellweger,BUF,UTA,1,1,2026-10-10T23:00:00Z,effectif actuel ; participation non confirmée,31,5,0.6,0.6,0.23071993220883702,0.0,-3.139202815737979e-17,0.0,-3.139202815737979e-17,0.0,-3.139202815737979e-17,834.8,2.5874460948730236,5,0.0,10,0.7,0.6,0.3126695474501863,0.1,0.01787574951572113,0.0,-2.0052288475052677e-17,0.0,-2.0052288475052677e-17,815.0,3.0920245398773005,10,0.0,True,10,1.1,0.7,0.3967732199795652,0.3,0.10778928748621182,0.1,0.01787574951572113,0.0,-2.0052288475052677e-17,870.9,4.547020323802962,10,0.0,True,0,,,,,,,,,,,,0,,0.03688574151614262,27.110746833227182,2026-10-08T23:21:15.963886+00:00,pregame,experimental
2026020080,2026-10-10,8478454,Noah Juulsen,COL,TOR,1,1,2026-10-10T23:00:00Z,effectif actuel ; participation non confirmée,20,5,0.2,0.2,0.036223160969787456,0.0,-3.139202815737979e-17,0.0,-3.139202815737979e-17,0.0,-3.139202815737979e-17,804.0,0.8955223880597015,5,0.0,10,0.6,0.4,0.16817758120350967,0.1,0.01787574951572113,0.1,0.01787574951572113,0.0,-2.0052288475052677e-17,764.0,2.8272251308900525,10,0.0,True,10,0.5,0.3,0.10778928748621182,0.1,0.01787574951572113,0.1,0.01787574951572113,0.0,-2.0052288475052677e-17,793.8,2.2675736961451247,10,0.0,True,0,,,,,,,,,,,,0,,0.03591547885337658,27.8431481891821,2026-10-08T23:21:15.963886+00:00,pregame,experimental
2026020075,2026-10-10,8480879,Jacob Bernard-Docker,DET,MTL,0,1,2026-10-10T23:00:00Z,effectif actuel ; participation non confirmée,30,5,0.4,0.4,0.11761823115925325,0.0,-3.139202815737979e-17,0.0,-3.139202815737979e-17,0.0,-3.139202815737979e-17,845.6,1.7029328287606433,5,0.0,10,0.4,0.4,0.16817758120350967,0.0,-2.0052288475052677e-17,0.0,-2.0052288475052677e-17,0.0,-2.0052288475052677e-17,765.6,1.8808777429467085,10,0.1,True,10,0.7,0.5,0.2365895936154873,0.1,0.01787574951572113,0.1,0.01787574951572113,0.0,-2.0052288475052677e-17,896.6,2.8106178898059335,10,0.1,True,0,,,,,,,,,,,,0,,0.03468070942128127,28.834473593160286,2026-10-08T23:21:15.963886+00:00,pregame,experimental
2026020075,2026-10-10,8482964,Arber Xhekaj,MTL,DET,1,1,2026-10-10T23:00:00Z,effectif actuel ; participation non confirmée,23,5,0.4,0.2,0.036223160969787456,0.2,0.036223160969787456,0.0,-3.139202815737979e-17,0.0,-3.139202815737979e-17,812.4,1.7725258493353029,5,0.0,10,0.4,0.3,0.10778928748621182,0.1,0.01787574951572113,0.0,-2.0052288475052677e-17,0.0,-2.0052288475052677e-17,778.5,1.8497109826589595,10,0.0,True,10,0.5,0.4,0.16817758120350967,0.1,0.01787574951572113,0.0,-2.0052288475052677e-17,0.0,-2.0052288475052677e-17,697.4,2.581015199311729,10,0.0,True,0,,,,,,,,,,,,0,,0.034355813637682496,29.107155212390886,2026-10-08T23:21:15.963886+00:00,pregame,experimental
2026020077,2026-10-10,8478476,Kyle Capobianco,DAL,PIT,0,1,2026-10-10T23:00:00Z,effectif actuel ; participation non confirmée,8,5,0.6,0.6,0.23071993220883702,0.0,-3.139202815737979e-17,0.0,-3.139202815737979e-17,0.0,-3.139202815737979e-17,738.2,2.9260363045245192,5,0.0,8,0.5,0.5,0.2152125268244419,0.0,0.0,0.0,0.0,0.0,0.0,713.25,2.5236593059936907,8,0.0,True,4,0.75,0.75,0.30063605244263664,0.0,0.0,0.0,0.0,0.0,0.0,745.5,3.6217303822937628,4,0.0,True,0,,,,,,,,,,,,0,,0.03419435235490484,29.244595412159047,2026-10-08T23:21:15.963886+00:00,pregame,experimental
2026020074,2026-10-10,8484305,Zach Metsa,BUF,UTA,1,1,2026-10-10T23:00:00Z,effectif actuel ; participation non confirmée,28,5,0.0,0.0,-3.139202815737979e-17,0.0,-3.139202815737979e-17,0.0,-3.139202815737979e-17,0.0,-3.139202815737979e-17,795.0,0.0,5,0.0,10,0.3,0.3,0.10778928748621182,0.0,-2.0052288475052677e-17,0.0,-2.0052288475052677e-17,0.0,-2.0052288475052677e-17,827.0,1.305925030229746,10,0.0,True,10,0.4,0.4,0.16817758120350967,0.0,-2.0052288475052677e-17,0.0,-2.0052288475052677e-17,0.0,-2.0052288475052677e-17,751.4,1.9164226776683524,10,0.0,True,0,,,,,,,,,,,,0,,0.031951722842438024,31.29721689597933,2026-10-08T23:21:15.963886+00:00,pregame,experimental
2026020076,2026-10-10,8482072,Jack Ahcan,NSH,OTT,0,1,2026-10-10T23:00:00Z,effectif actuel ; participation non confirmée,7,5,1.0,0.6,0.23071993220883702,0.4,0.11761823115925325,0.0,-3.139202815737979e-17,0.0,-3.139202815737979e-17,580.8,6.198347107438017,5,0.0,7,0.8571428571428571,0.5714285714285714,0.2504542304090258,0.2857142857142857,0.08221716570901548,0.0,0.0,0.0,0.0,621.4285714285714,4.9655172413793105,7,0.0,True,4,1.25,0.75,0.30063605244263664,0.5,0.15003570882017145,0.0,0.0,0.0,0.0,638.75,7.045009784735812,4,0.0,True,0,,,,,,,,,,,,0,,0.030962509621292968,32.29712359337624,2026-10-08T23:21:15.963886+00:00,pregame,experimental
2026020079,2026-10-10,8481161,Jake Christiansen,CBJ,STL,0,1,2026-10-10T23:00:00Z,effectif actuel ; participation non confirmée,14,5,0.4,0.4,0.11761823115925325,0.0,-3.139202815737979e-17,0.0,-3.139202815737979e-17,0.0,-3.139202815737979e-17,445.6,3.2315978456014363,5,0.0,10,0.4,0.4,0.16817758120350967,0.0,-2.0052288475052677e-17,0.0,-2.0052288475052677e-17,0.0,-2.0052288475052677e-17,554.7,2.5959978366684693,10,0.0,True,5,0.8,0.8,0.37552826411853885,0.0,-3.139202815737979e-17,0.0,-3.139202815737979e-17,0.0,-3.139202815737979e-17,499.8,5.762304921968788,5,0.0,True,0,,,,,,,,,,,,0,,0.021258961236854126,47.038986941018514,2026-10-08T23:21:15.963886+00:00,pregame,experimental
2026020074,2026-10-10,8479941,Justin Danforth,BUF,UTA,1,0,2026-10-10T23:00:00Z,effectif actuel ; participation non confirmée,1,1,0.0,0.0,0.0,0.0,0.0,0.0,0.0,0.0,0.0,497.0,0.0,1,0.0,1,0.0,0.0,0.0,0.0,0.0,0.0,0.0,0.0,0.0,497.0,0.0,1,0.0,True,1,0.0,0.0,0.0,0.0,0.0,0.0,0.0,0.0,0.0,497.0,0.0,1,0.0,True,0,,,,,,,,,,,,0,,,,2026-10-08T23:21:15.963886+00:00,pregame,historique insuffisant
2026020074,2026-10-10,8483468,Jiri Kulich,BUF,UTA,1,0,2026-10-10T23:00:00Z,effectif actuel ; participation non confirmée,3,3,1.3333333333333333,1.0,0.4384939195509822,0.3333333333333333,0.061490315276160515,0.0,0.0,0.0,0.0,724.0,6.629834254143646,3,0.3333333333333333,3,1.3333333333333333,1.0,0.4384939195509822,0.3333333333333333,0.061490315276160515,0.0,0.0,0.0,0.0,724.0,6.629834254143646,3,0.3333333333333333,True,2,1.5,1.0,0.3423719528896193,0.5,0.09452865480086611,0.0,0.0,0.0,0.0,823.5,6.557377049180328,2,0.5,True,0,,,,,,,,,,,,0,,,,2026-10-08T23:21:15.963886+00:00,pregame,historique insuffisant
2026020074,2026-10-10,8483472,Maveric Lamoureux,UTA,BUF,0,1,2026-10-10T23:00:00Z,effectif actuel ; participation non confirmée,0,0,,,,,,,,,,,,0,,0,,,,,,,,,,,,0,,True,0,,,,,,,,,,,,0,,True,0,,,,,,,,,,,,0,,,,2026-10-08T23:21:15.963886+00:00,pregame,historique insuffisant
2026020075,2026-10-10,8484403,Florian Xhekaj,MTL,DET,1,0,2026-10-10T23:00:00Z,effectif actuel ; participation non confirmée,1,1,1.0,1.0,0.20654329147389294,0.0,0.0,0.0,0.0,0.0,0.0,528.0,6.818181818181818,1,0.0,1,1.0,1.0,0.20654329147389294,0.0,0.0,0.0,0.0,0.0,0.0,528.0,6.818181818181818,1,0.0,True,1,1.0,1.0,0.20654329147389294,0.0,0.0,0.0,0.0,0.0,0.0,528.0,6.818181818181818,1,0.0,True,0,,,,,,,,,,,,0,,,,2026-10-08T23:21:15.963886+00:00,pregame,historique insuffisant
2026020075,2026-10-10,8483686,Adam Engstrom,MTL,DET,1,1,2026-10-10T23:00:00Z,effectif actuel ; participation non confirmée,4,4,1.0,1.0,0.5100999795960008,0.0,0.0,0.0,0.0,0.0,0.0,867.75,4.148660328435609,4,0.0,4,1.0,1.0,0.5100999795960008,0.0,0.0,0.0,0.0,0.0,0.0,867.75,4.148660328435609,4,0.0,True,3,1.0,1.0,0.4384939195509822,0.0,0.0,0.0,0.0,0.0,0.0,847.6666666666666,4.246952418403461,3,0.0,True,0,,,,,,,,,,,,0,,,,2026-10-08T23:21:15.963886+00:00,pregame,historique insuffisant
2026020075,2026-10-10,8484160,Nate Danielson,DET,MTL,0,0,2026-10-10T23:00:00Z,effectif actuel ; participation non confirmée,3,3,0.6666666666666666,0.6666666666666666,0.20765495512648788,0.0,0.0,0.0,0.0,0.0,0.0,517.3333333333334,4.639175257731959,3,0.0,3,0.6666666666666666,0.6666666666666666,0.20765495512648788,0.0,0.0,0.0,0.0,0.0,0.0,517.3333333333334,4.639175257731959,3,0.0,True,0,,,,,,,,,,,,0,,True,0,,,,,,,,,,,,0,,,,2026-10-08T23:21:15.963886+00:00,pregame,historique insuffisant
2026020075,2026-10-10,8477971,Andreas Englund,DET,MTL,0,1,2026-10-10T23:00:00Z,effectif actuel ; participation non confirmée,4,4,0.5,0.5,0.15003570882017145,0.0,0.0,0.0,0.0,0.0,0.0,505.5,3.5608308605341246,4,0.0,4,0.5,0.5,0.15003570882017145,0.0,0.0,0.0,0.0,0.0,0.0,505.5,3.5608308605341246,4,0.0,True,2,0.5,0.5,0.09452865480086611,0.0,0.0,0.0,0.0,0.0,0.0,607.0,2.9654036243822075,2,0.0,True,0,,,,,,,,,,,,0,,,,2026-10-08T23:21:15.963886+00:00,pregame,historique insuffisant
2026020075,2026-10-10,8483679,Anton Johansson,DET,MTL,0,1,2026-10-10T23:00:00Z,effectif actuel ; participation non confirmée,3,3,0.0,0.0,0.0,0.0,0.0,0.0,0.0,0.0,0.0,997.6666666666666,0.0,3,0.0,3,0.0,0.0,0.0,0.0,0.0,0.0,0.0,0.0,0.0,997.6666666666666,0.0,3,0.0,True,0,,,,,,,,,,,,0,,True,0,,,,,,,,,,,,0,,,,2026-10-08T23:21:15.963886+00:00,pregame,historique insuffisant
2026020075,2026-10-10,8482171,William Wallinder,DET,MTL,0,1,2026-10-10T23:00:00Z,effectif actuel ; participation non confirmée,1,1,0.0,0.0,0.0,0.0,0.0,0.0,0.0,0.0,0.0,547.0,0.0,1,0.0,1,0.0,0.0,0.0,0.0,0.0,0.0,0.0,0.0,0.0,547.0,0.0,1,0.0,True,0,,,,,,,,,,,,0,,True,0,,,,,,,,,,,,0,,,,2026-10-08T23:21:15.963886+00:00,pregame,historique insuffisant
2026020076,2026-10-10,8478173,Hayden Hodgson,OTT,NSH,1,0,2026-10-10T23:00:00Z,effectif actuel ; participation non confirmée,3,3,0.3333333333333333,0.3333333333333333,0.061490315276160515,0.0,0.0,0.0,0.0,0.0,0.0,475.0,2.526315789473684,3,0.0,3,0.3333333333333333,0.3333333333333333,0.061490315276160515,0.0,0.0,0.0,0.0,0.0,0.0,475.0,2.526315789473684,3,0.0,True,1,1.0,1.0,0.20654329147389294,0.0,0.0,0.0,0.0,0.0,0.0,780.0,4.615384615384615,1,0.0,True,0,,,,,,,,,,,,0,,,,2026-10-08T23:21:15.963886+00:00,pregame,historique insuffisant
2026020076,2026-10-10,8486189,Vitali Pinchuk,NSH,OTT,0,0,2026-10-10T23:00:00Z,effectif actuel ; participation non confirmée,0,0,,,,,,,,,,,,0,,0,,,,,,,,,,,,0,,True,0,,,,,,,,,,,,0,,True,0,,,,,,,,,,,,0,,,,2026-10-08T23:21:15.963886+00:00,pregame,historique insuffisant
2026020076,2026-10-10,8482806,William Trudeau,NSH,OTT,0,1,2026-10-10T23:00:00Z,effectif actuel ; participation non confirmée,2,2,1.0,1.0,0.3423719528896193,0.0,0.0,0.0,0.0,0.0,0.0,686.5,5.243991260014567,2,0.0,2,1.0,1.0,0.3423719528896193,0.0,0.0,0.0,0.0,0.0,0.0,686.5,5.243991260014567,2,0.0,True,1,1.0,1.0,0.20654329147389294,0.0,0.0,0.0,0.0,0.0,0.0,638.0,5.6426332288401255,1,0.0,True,0,,,,,,,,,,,,0,,,,2026-10-08T23:21:15.963886+00:00,pregame,historique insuffisant
2026020077,2026-10-10,8475794,Tyler Seguin,DAL,PIT,0,0,2026-10-10T23:00:00Z,effectif actuel ; participation non confirmée,3,3,3.0,1.0,0.4384939195509822,1.0,0.4384939195509822,0.6666666666666666,0.20765495512648788,0.3333333333333333,0.061490315276160515,879.0,12.286689419795222,3,0.0,3,3.0,1.0,0.4384939195509822,1.0,0.4384939195509822,0.6666666666666666,0.20765495512648788,0.3333333333333333,0.061490315276160515,879.0,12.286689419795222,3,0.0,True,1,3.0,1.0,0.20654329147389294,1.0,0.20654329147389294,1.0,0.20654329147389294,0.0,0.0,754.0,14.323607427055704,1,0.0,True,0,,,,,,,,,,,,0,,,,2026-10-08T23:21:15.963886+00:00,pregame,historique insuffisant
2026020077,2026-10-10,8477335,Kyle Burroughs,DAL,PIT,0,1,2026-10-10T23:00:00Z,effectif actuel ; participation non confirmée,0,0,,,,,,,,,,,,0,,0,,,,,,,,,,,,0,,True,0,,,,,,,,,,,,0,,True,0,,,,,,,,,,,,0,,,,2026-10-08T23:21:15.963886+00:00,pregame,historique insuffisant
2026020078,2026-10-10,8484390,Roman Kantserov,CHI,CAR,1,0,2026-10-10T23:00:00Z,effectif actuel ; participation non confirmée,4,4,0.75,0.5,0.15003570882017145,0.25,0.045586062644636216,0.0,0.0,0.0,0.0,1096.75,2.4618190107134716,4,0.0,4,0.75,0.5,0.15003570882017145,0.25,0.045586062644636216,0.0,0.0,0.0,0.0,1096.75,2.4618190107134716,4,0.0,True,1,2.0,1.0,0.20654329147389294,1.0,0.20654329147389294,0.0,0.0,0.0,0.0,1236.0,5.825242718446602,1,0.0,True,0,,,,,,,,,,,,0,,,,2026-10-08T23:21:15.963886+00:00,pregame,historique insuffisant
2026020078,2026-10-10,8479976,Juuso Välimäki,CAR,CHI,0,1,2026-10-10T23:00:00Z,effectif actuel ; participation non confirmée,0,0,,,,,,,,,,,,0,,0,,,,,,,,,,,,0,,True,0,,,,,,,,,,,,0,,True,0,,,,,,,,,,,,0,,,,2026-10-08T23:21:15.963886+00:00,pregame,historique insuffisant
2026020079,2026-10-10,8482784,Zach Dean,STL,CBJ,1,0,2026-10-10T23:00:00Z,effectif actuel ; participation non confirmée,1,1,0.0,0.0,0.0,0.0,0.0,0.0,0.0,0.0,0.0,757.0,0.0,1,0.0,1,0.0,0.0,0.0,0.0,0.0,0.0,0.0,0.0,0.0,757.0,0.0,1,0.0,True,0,,,,,,,,,,,,0,,True,0,,,,,,,,,,,,0,,,,2026-10-08T23:21:15.963886+00:00,pregame,historique insuffisant
2026020079,2026-10-10,8479346,Dillon Dube,STL,CBJ,1,0,2026-10-10T23:00:00Z,effectif actuel ; participation non confirmée,2,2,0.0,0.0,0.0,0.0,0.0,0.0,0.0,0.0,0.0,704.0,0.0,2,0.0,2,0.0,0.0,0.0,0.0,0.0,0.0,0.0,0.0,0.0,704.0,0.0,2,0.0,True,0,,,,,,,,,,,,0,,True,0,,,,,,,,,,,,0,,,,2026-10-08T23:21:15.963886+00:00,pregame,historique insuffisant
2026020079,2026-10-10,8484790,Adam Jiricek,STL,CBJ,1,1,2026-10-10T23:00:00Z,effectif actuel ; participation non confirmée,3,3,1.6666666666666667,1.0,0.4384939195509822,0.6666666666666666,0.20765495512648788,0.0,0.0,0.0,0.0,1090.0,5.504587155963303,3,0.0,3,1.6666666666666667,1.0,0.4384939195509822,0.6666666666666666,0.20765495512648788,0.0,0.0,0.0,0.0,1090.0,5.504587155963303,3,0.0,True,0,,,,,,,,,,,,0,,True,0,,,,,,,,,,,,0,,,,2026-10-08T23:21:15.963886+00:00,pregame,historique insuffisant
2026020079,2026-10-10,8483432,Luca Del Bel Belluz,CBJ,STL,0,0,2026-10-10T23:00:00Z,effectif actuel ; participation non confirmée,1,1,0.0,0.0,0.0,0.0,0.0,0.0,0.0,0.0,0.0,798.0,0.0,1,0.0,1,0.0,0.0,0.0,0.0,0.0,0.0,0.0,0.0,0.0,798.0,0.0,1,0.0,True,1,0.0,0.0,0.0,0.0,0.0,0.0,0.0,0.0,0.0,798.0,0.0,1,0.0,True,0,,,,,,,,,,,,0,,,,2026-10-08T23:21:15.963886+00:00,pregame,historique insuffisant
2026020080,2026-10-10,8486171,T.J. Hughes,COL,TOR,1,0,2026-10-10T23:00:00Z,effectif actuel ; participation non confirmée,3,3,1.6666666666666667,1.0,0.4384939195509822,0.6666666666666666,0.20765495512648788,0.0,0.0,0.0,0.0,909.0,6.600660066006601,3,0.0,3,1.6666666666666667,1.0,0.4384939195509822,0.6666666666666666,0.20765495512648788,0.0,0.0,0.0,0.0,909.0,6.600660066006601,3,0.0,True,2,2.0,1.0,0.3423719528896193,1.0,0.3423719528896193,0.0,0.0,0.0,0.0,1005.5,7.160616608652412,2,0.0,True,0,,,,,,,,,,,,0,,,,2026-10-08T23:21:15.963886+00:00,pregame,historique insuffisant
2026020080,2026-10-10,8479772,Zack MacEwen,TOR,COL,0,0,2026-10-10T23:00:00Z,effectif actuel ; participation non confirmée,1,1,0.0,0.0,0.0,0.0,0.0,0.0,0.0,0.0,0.0,325.0,0.0,1,0.0,1,0.0,0.0,0.0,0.0,0.0,0.0,0.0,0.0,0.0,325.0,0.0,1,0.0,True,0,,,,,,,,,,,,0,,True,0,,,,,,,,,,,,0,,,,2026-10-08T23:21:15.963886+00:00,pregame,historique insuffisant
2026020080,2026-10-10,8486067,Gavin McKenna,TOR,COL,0,0,2026-10-10T23:00:00Z,effectif actuel ; participation non confirmée,4,4,1.75,1.0,0.5100999795960008,0.25,0.045586062644636216,0.25,0.045586062644636216,0.25,0.045586062644636216,875.5,7.19588806396345,4,0.25,4,1.75,1.0,0.5100999795960008,0.25,0.045586062644636216,0.25,0.045586062644636216,0.25,0.045586062644636216,875.5,7.19588806396345,4,0.25,True,0,,,,,,,,,,,,0,,True,0,,,,,,,,,,,,0,,,,2026-10-08T23:21:15.963886+00:00,pregame,historique insuffisant
2026020080,2026-10-10,8475690,Chris Tanev,TOR,COL,0,1,2026-10-10T23:00:00Z,effectif actuel ; participation non confirmée,4,4,0.25,0.25,0.045586062644636216,0.0,0.0,0.0,0.0,0.0,0.0,1131.0,0.7957559681697612,4,0.0,4,0.25,0.25,0.045586062644636216,0.0,0.0,0.0,0.0,0.0,0.0,1131.0,0.7957559681697612,4,0.0,True,0,,,,,,,,,,,,0,,True,0,,,,,,,,,,,,0,,,,2026-10-08T23:21:15.963886+00:00,pregame,historique insuffisant
2026020060,2026-10-08,8481557,Matt Boldy,MIN,TBL,0,0,2026-10-08T23:00:00Z,effectif actuel ; participation non confirmée,31,5,5.0,1.0,0.565508505247919,1.0,0.565508505247919,1.0,0.565508505247919,1.0,0.565508505247919,1239.8,14.518470721084046,5,0.0,10,4.2,1.0,0.7224598312333834,0.9,0.5958436145024278,0.8,0.49015684672072346,0.7,0.3967732199795652,1142.0,13.239929947460595,10,0.3,True,10,3.7,1.0,0.7224598312333834,0.9,0.5958436145024278,0.7,0.3967732199795652,0.5,0.2365895936154873,1194.5,11.151109250732524,10,0.1,True,1,2.0,1.0,0.20654329147389294,1.0,0.20654329147389294,0.0,0.0,0.0,0.0,1275.0,5.647058823529412,1,0.0,0.4651631722997257,2.1497832578965532,2026-10-08T23:21:15.963886+00:00,retrospective_history_only,experimental
2026020060,2026-10-08,8479542,Brandon Hagel,TBL,MIN,1,0,2026-10-08T23:00:00Z,effectif actuel ; participation non confirmée,32,5,5.2,1.0,0.565508505247919,1.0,0.565508505247919,1.0,0.565508505247919,0.8,0.37552826411853885,1260.0,14.857142857142858,5,0.4,10,4.6,1.0,0.7224598312333834,1.0,0.7224598312333834,0.9,0.5958436145024278,0.7,0.3967732199795652,1277.6,12.961803381340012,10,0.5,True,10,4.3,1.0,0.7224598312333834,0.9,0.5958436145024278,0.8,0.49015684672072346,0.6,0.3126695474501863,1241.9,12.464771720750463,10,0.4,True,1,2.0,1.0,0.20654329147389294,1.0,0.20654329147389294,0.0,0.0,0.0,0.0,1129.0,6.377325066430469,1,1.0,0.4471929305764895,2.2361713068917943,2026-10-08T23:21:15.963886+00:00,retrospective_history_only,experimental
2026020060,2026-10-08,8478864,Kirill Kaprizov,MIN,TBL,0,0,2026-10-08T23:00:00Z,effectif actuel ; participation non confirmée,32,5,2.6,0.8,0.37552826411853885,0.8,0.37552826411853885,0.8,0.37552826411853885,0.2,0.036223160969787456,1300.2,7.198892478080295,5,0.6,10,3.3,0.9,0.5958436145024278,0.9,0.5958436145024278,0.8,0.49015684672072346,0.4,0.16817758120350967,1241.1,9.572153734590282,10,0.6,True,10,2.9,0.9,0.5958436145024278,0.8,0.49015684672072346,0.6,0.3126695474501863,0.3,0.10778928748621182,1254.0,8.325358851674642,10,0.4,True,1,2.0,1.0,0.20654329147389294,1.0,0.20654329147389294,0.0,0.0,0.0,0.0,1291.0,5.57707203718048,1,0.0,0.39447875490317436,2.534990763306004,2026-10-08T23:21:15.963886+00:00,retrospective_history_only,experimental
2026020058,2026-10-08,8481540,Cole Caufield,MTL,NSH,1,0,2026-10-08T23:00:00Z,effectif actuel ; participation non confirmée,35,5,3.6,1.0,0.565508505247919,0.6,0.23071993220883702,0.6,0.23071993220883702,0.2,0.036223160969787456,1188.6,10.903584048460374,5,0.2,10,3.4,1.0,0.7224598312333834,0.7,0.3967732199795652,0.6,0.3126695474501863,0.3,0.10778928748621182,1180.2,10.371123538383324,10,0.3,True,10,2.8,1.0,0.7224598312333834,0.8,0.49015684672072346,0.6,0.3126695474501863,0.3,0.10778928748621182,1136.3,8.870896770219133,10,0.6,True,0,,,,,,,,,,,,0,,0.36774287177264314,2.719291322166673,2026-10-08T23:21:15.963886+00:00,retrospective_history_only,experimental
2026020057,2026-10-08,8480027,Jason Robertson,DAL,BUF,0,0,2026-10-08T23:00:00Z,effectif actuel ; participation non confirmée,36,5,2.6,1.0,0.565508505247919,0.6,0.23071993220883702,0.4,0.11761823115925325,0.4,0.11761823115925325,1117.4,8.37658850903884,5,0.4,10,3.1,1.0,0.7224598312333834,0.8,0.49015684672072346,0.5,0.2365895936154873,0.5,0.2365895936154873,1213.6,9.195781147000659,10,0.5,True,10,3.5,1.0,0.7224598312333834,0.8,0.49015684672072346,0.7,0.3967732199795652,0.6,0.3126695474501863,1243.8,10.130246020260492,10,0.4,True,1,1.0,1.0,0.20654329147389294,0.0,0.0,0.0,0.0,0.0,0.0,1046.0,3.4416826003824093,1,0.0,0.3652891650279475,2.737557244336804,2026-10-08T23:21:15.963886+00:00,retrospective_history_only,experimental
2026020057,2026-10-08,8482740,Wyatt Johnston,DAL,BUF,0,0,2026-10-08T23:00:00Z,effectif actuel ; participation non confirmée,36,5,2.4,0.8,0.37552826411853885,0.8,0.37552826411853885,0.6,0.23071993220883702,0.2,0.036223160969787456,1175.8,7.348188467426433,5,0.2,10,2.6,0.9,0.5958436145024278,0.8,0.49015684672072346,0.6,0.3126695474501863,0.2,0.05668094798069332,1182.6,7.91476407914764,10,0.3,True,10,1.8,0.8,0.49015684672072346,0.7,0.3967732199795652,0.3,0.10778928748621182,0.0,-2.0052288475052677e-17,1243.6,5.210678674815053,10,0.3,True,1,0.0,0.0,0.0,0.0,0.0,0.0,0.0,0.0,0.0,1091.0,0.0,1,0.0,0.36182179566556905,2.76379149067155,2026-10-08T23:21:15.963886+00:00,retrospective_history_only,experimental
2026020057,2026-10-08,8479420,Tage Thompson,BUF,DAL,1,0,2026-10-08T23:00:00Z,effectif actuel ; participation non confirmée,37,5,5.0,1.0,0.565508505247919,1.0,0.565508505247919,0.8,0.37552826411853885,0.8,0.37552826411853885,1129.6,15.93484419263456,5,0.6,10,3.8,1.0,0.7224598312333834,0.9,0.5958436145024278,0.6,0.3126695474501863,0.5,0.2365895936154873,1154.5,11.849285404937202,10,0.4,True,10,4.0,1.0,0.7224598312333834,0.9,0.5958436145024278,0.8,0.49015684672072346,0.6,0.3126695474501863,1224.2,11.762783858846594,10,0.4,True,0,,,,,,,,,,,,0,,0.342460763970081,2.9200425427053145,2026-10-08T23:21:15.963886+00:00,retrospective_history_only,experimental
2026020058,2026-10-08,8474564,Steven Stamkos,NSH,MTL,0,0,2026-10-08T23:00:00Z,effectif actuel ; participation non confirmée,37,5,4.0,1.0,0.565508505247919,0.8,0.37552826411853885,0.8,0.37552826411853885,0.4,0.11761823115925325,1178.0,12.224108658743633,5,0.6,10,3.2,1.0,0.7224598312333834,0.8,0.49015684672072346,0.7,0.3967732199795652,0.2,0.05668094798069332,1140.0,10.105263157894736,10,0.6,True,10,2.7,1.0,0.7224598312333834,0.9,0.5958436145024278,0.6,0.3126695474501863,0.2,0.05668094798069332,1088.1,8.933002481389579,10,0.5,True,0,,,,,,,,,,,,0,,0.32520892181072997,3.07494638963809,2026-10-08T23:21:15.963886+00:00,retrospective_history_only,experimental
2026020056,2026-10-08,8477951,Nick Schmaltz,UTA,BOS,0,0,2026-10-08T23:00:00Z,effectif actuel ; participation non confirmée,37,5,3.6,1.0,0.565508505247919,0.8,0.37552826411853885,0.6,0.23071993220883702,0.4,0.11761823115925325,1094.2,11.844269786145128,5,0.8,10,3.8,1.0,0.7224598312333834,0.9,0.5958436145024278,0.7,0.3967732199795652,0.4,0.16817758120350967,1162.5,11.76774193548387,10,0.7,True,10,2.9,1.0,0.7224598312333834,0.6,0.3126695474501863,0.6,0.3126695474501863,0.3,0.10778928748621182,1134.4,9.203102961918194,10,0.5,True,0,,,,,,,,,,,,0,,0.3208641716936032,3.116583552229419,2026-10-08T23:21:15.963886+00:00,retrospective_history_only,experimental
2026020061,2026-10-08,8478427,Sebastian Aho,CAR,VAN,1,0,2026-10-08T23:00:00Z,effectif actuel ; participation non confirmée,34,5,4.0,1.0,0.565508505247919,1.0,0.565508505247919,0.8,0.37552826411853885,0.6,0.23071993220883702,1182.8,12.17450118363206,5,0.8,10,3.5,1.0,0.7224598312333834,0.8,0.49015684672072346,0.7,0.3967732199795652,0.4,0.16817758120350967,1130.8,11.142553944110364,10,0.5,True,10,3.8,1.0,0.7224598312333834,0.8,0.49015684672072346,0.7,0.3967732199795652,0.5,0.2365895936154873,1166.0,11.732418524871354,10,0.2,True,0,,,,,,,,,,,,0,,0.31727122806096203,3.1518773577787367,2026-10-08T23:21:15.963886+00:00,retrospective_history_only,experimental
2026020060,2026-10-08,8477404,Jake Guentzel,TBL,MIN,1,0,2026-10-08T23:00:00Z,effectif actuel ; participation non confirmée,37,5,2.6,1.0,0.565508505247919,0.8,0.37552826411853885,0.4,0.11761823115925325,0.2,0.036223160969787456,1239.8,7.549604774963703,5,0.4,10,3.4,1.0,0.7224598312333834,0.8,0.49015684672072346,0.6,0.3126695474501863,0.4,0.16817758120350967,1306.9,9.365674496901063,10,0.3,True,10,3.1,1.0,0.7224598312333834,0.9,0.5958436145024278,0.6,0.3126695474501863,0.2,0.05668094798069332,1211.4,9.212481426448736,10,0.7,True,1,3.0,1.0,0.20654329147389294,1.0,0.20654329147389294,1.0,0.20654329147389294,0.0,0.0,1154.0,9.358752166377815,1,1.0,0.3154337527352939,3.1702377799727137,2026-10-08T23:21:15.963886+00:00,retrospective_history_only,experimental
2026020056,2026-10-08,8477956,David Pastrnak,BOS,UTA,1,0,2026-10-08T23:00:00Z,effectif actuel ; participation non confirmée,37,5,3.6,1.0,0.565508505247919,1.0,0.565508505247919,0.8,0.37552826411853885,0.6,0.23071993220883702,1185.2,10.934863314208572,5,0.0,10,2.9,1.0,0.7224598312333834,0.8,0.49015684672072346,0.6,0.3126695474501863,0.4,0.16817758120350967,1187.5,8.791578947368421,10,0.0,True,10,2.7,1.0,0.7224598312333834,0.9,0.5958436145024278,0.6,0.3126695474501863,0.2,0.05668094798069332,1192.8,8.148893360160965,10,0.2,True,0,,,,,,,,,,,,0,,0.314419541447071,3.180463896733781,2026-10-08T23:21:15.963886+00:00,retrospective_history_only,experimental
2026020061,2026-10-08,8480830,Andrei Svechnikov,CAR,VAN,1,0,2026-10-08T23:00:00Z,effectif actuel ; participation non confirmée,34,5,4.0,1.0,0.565508505247919,1.0,0.565508505247919,0.8,0.37552826411853885,0.6,0.23071993220883702,1053.6,13.66742596810934,5,0.4,10,3.3,1.0,0.7224598312333834,0.8,0.49015684672072346,0.6,0.3126695474501863,0.5,0.2365895936154873,1012.0,11.73913043478261,10,0.6,True,10,2.3,0.8,0.49015684672072346,0.6,0.3126695474501863,0.3,0.10778928748621182,0.3,0.10778928748621182,1040.5,7.957712638154733,10,0.3,True,0,,,,,,,,,,,,0,,0.31118608302023704,3.2135113186760607,2026-10-08T23:21:15.963886+00:00,retrospective_history_only,experimental
2026020057,2026-10-08,8478420,Mikko Rantanen,DAL,BUF,0,0,2026-10-08T23:00:00Z,effectif actuel ; participation non confirmée,19,5,2.0,1.0,0.565508505247919,0.6,0.23071993220883702,0.4,0.11761823115925325,0.0,-3.139202815737979e-17,1219.0,5.9064807219032,5,0.2,10,1.5,0.8,0.49015684672072346,0.4,0.16817758120350967,0.3,0.10778928748621182,0.0,-2.0052288475052677e-17,1206.6,4.475385380407757,10,0.2,True,9,1.8888888888888888,0.8888888888888888,0.5649937852319398,0.5555555555555556,0.26664734574402965,0.3333333333333333,0.12058159868274292,0.1111111111111111,0.019890371327130518,1248.7777777777778,5.445324317110063,9,0.1111111111111111,True,1,1.0,1.0,0.20654329147389294,0.0,0.0,0.0,0.0,0.0,0.0,1113.0,3.234501347708895,1,0.0,0.3096668924028218,3.2292764403731513,2026-10-08T23:21:15.963886+00:00,retrospective_history_only,experimental
2026020060,2026-10-08,8476453,Nikita Kucherov,TBL,MIN,1,0,2026-10-08T23:00:00Z,effectif actuel ; participation non confirmée,36,5,1.8,1.0,0.565508505247919,0.4,0.11761823115925325,0.4,0.11761823115925325,0.0,-3.139202815737979e-17,1275.0,5.08235294117647,5,0.4,10,2.1,1.0,0.7224598312333834,0.6,0.3126695474501863,0.5,0.2365895936154873,0.0,-2.0052288475052677e-17,1259.7,6.00142891164563,10,0.4,True,10,3.0,1.0,0.7224598312333834,0.7,0.3967732199795652,0.7,0.3967732199795652,0.3,0.10778928748621182,1207.8,8.941877794336811,10,0.3,True,1,3.0,1.0,0.20654329147389294,1.0,0.20654329147389294,1.0,0.20654329147389294,0.0,0.0,1166.0,9.262435677530018,1,0.0,0.3024670329025039,3.306145434773172,2026-10-08T23:21:15.963886+00:00,retrospective_history_only,experimental
2026020058,2026-10-08,8476887,Filip Forsberg,NSH,MTL,0,0,2026-10-08T23:00:00Z,effectif actuel ; participation non confirmée,37,5,2.6,1.0,0.565508505247919,0.8,0.37552826411853885,0.2,0.036223160969787456,0.2,0.036223160969787456,1217.8,7.685991131548694,5,0.2,10,2.2,0.9,0.5958436145024278,0.7,0.3967732199795652,0.2,0.05668094798069332,0.2,0.05668094798069332,1170.6,6.765761148129164,10,0.3,True,10,2.6,0.9,0.5958436145024278,0.8,0.49015684672072346,0.5,0.2365895936154873,0.3,0.10778928748621182,1143.2,8.187543736878936,10,0.6,True,0,,,,,,,,,,,,0,,0.29783866498817185,3.3575224359796043,2026-10-08T23:21:15.963886+00:00,retrospective_history_only,experimental
2026020060,2026-10-08,8478519,Anthony Cirelli,TBL,MIN,1,0,2026-10-08T23:00:00Z,effectif actuel ; participation non confirmée,31,5,1.6,1.0,0.565508505247919,0.4,0.11761823115925325,0.2,0.036223160969787456,0.0,-3.139202815737979e-17,1092.2,5.273759384728072,5,0.0,10,1.7,1.0,0.7224598312333834,0.4,0.16817758120350967,0.3,0.10778928748621182,0.0,-2.0052288475052677e-17,1082.6,5.653057454276741,10,0.1,True,10,1.3,0.8,0.49015684672072346,0.3,0.10778928748621182,0.2,0.05668094798069332,0.0,-2.0052288475052677e-17,1044.7,4.479754953575189,10,0.2,True,1,0.0,0.0,0.0,0.0,0.0,0.0,0.0,0.0,0.0,966.0,0.0,1,0.0,0.2937888943594848,3.4038046338687806,2026-10-08T23:21:15.963886+00:00,retrospective_history_only,experimental
2026020059,2026-10-08,8482159,Tyson Foerster,PHI,OTT,0,0,2026-10-08T23:00:00Z,effectif actuel ; participation non confirmée,12,5,2.4,1.0,0.565508505247919,0.8,0.37552826411853885,0.4,0.11761823115925325,0.2,0.036223160969787456,1102.6,7.836023943406493,5,0.2,10,2.4,0.9,0.5958436145024278,0.8,0.49015684672072346,0.4,0.16817758120350967,0.3,0.10778928748621182,1065.0,8.112676056338028,10,0.2,True,6,3.0,1.0,0.6096569663469354,1.0,0.6096569663469354,0.5,0.1876128068994087,0.5,0.1876128068994087,1014.1666666666666,10.649137222678718,6,0.3333333333333333,True,0,,,,,,,,,,,,0,,0.29088494271011095,3.4377853686176403,2026-10-08T23:21:15.963886+00:00,retrospective_history_only,experimental
2026020059,2026-10-08,8481528,Dylan Cozens,OTT,PHI,1,0,2026-10-08T23:00:00Z,effectif actuel ; participation non confirmée,38,5,3.0,1.0,0.565508505247919,0.8,0.37552826411853885,0.6,0.23071993220883702,0.6,0.23071993220883702,1110.2,9.727976941091695,5,0.2,10,2.9,1.0,0.7224598312333834,0.9,0.5958436145024278,0.5,0.2365895936154873,0.5,0.2365895936154873,1043.2,10.007668711656441,10,0.2,True,10,3.4,1.0,0.7224598312333834,0.9,0.5958436145024278,0.6,0.3126695474501863,0.5,0.2365895936154873,1002.4,12.210694333599362,10,0.4,True,0,,,,,,,,,,,,0,,0.28876914740927423,3.462973828650379,2026-10-08T23:21:15.963886+00:00,retrospective_history_only,experimental
2026020057,2026-10-08,8475168,Matt Duchene,DAL,BUF,0,0,2026-10-08T23:00:00Z,effectif actuel ; participation non confirmée,33,5,2.2,0.8,0.37552826411853885,0.6,0.23071993220883702,0.4,0.11761823115925325,0.4,0.11761823115925325,1050.6,7.538549400342661,5,0.0,10,1.7,0.8,0.49015684672072346,0.5,0.2365895936154873,0.2,0.05668094798069332,0.2,0.05668094798069332,1031.1,5.935408786732616,10,0.2,True,10,1.6,0.7,0.3967732199795652,0.6,0.3126695474501863,0.2,0.05668094798069332,0.1,0.01787574951572113,1037.0,5.554484088717454,10,0.3,True,1,0.0,0.0,0.0,0.0,0.0,0.0,0.0,0.0,0.0,1046.0,0.0,1,0.0,0.28720532444955366,3.4818296001878113,2026-10-08T23:21:15.963886+00:00,retrospective_history_only,experimental
2026020059,2026-10-08,8482116,Tim Stützle,OTT,PHI,1,0,2026-10-08T23:00:00Z,effectif actuel ; participation non confirmée,36,5,2.4,1.0,0.565508505247919,0.8,0.37552826411853885,0.4,0.11761823115925325,0.2,0.036223160969787456,1214.6,7.113452988638235,5,0.4,10,2.3,1.0,0.7224598312333834,0.8,0.49015684672072346,0.3,0.10778928748621182,0.2,0.05668094798069332,1165.3,7.105466403501245,10,0.4,True,10,2.4,0.9,0.5958436145024278,0.8,0.49015684672072346,0.5,0.2365895936154873,0.2,0.05668094798069332,1137.2,7.59760816039395,10,0.3,True,0,,,,,,,,,,,,0,,0.2859195583215281,3.4974872158813968,2026-10-08T23:21:15.963886+00:00,retrospective_history_only,experimental
2026020061,2026-10-08,8478498,Jake DeBrusk,VAN,CAR,0,0,2026-10-08T23:00:00Z,effectif actuel ; participation non confirmée,36,5,2.8,0.8,0.37552826411853885,0.8,0.37552826411853885,0.4,0.11761823115925325,0.4,0.11761823115925325,1002.4,10.05586592178771,5,0.4,10,3.4,0.9,0.5958436145024278,0.8,0.49015684672072346,0.5,0.2365895936154873,0.4,0.16817758120350967,1016.4,12.04250295159386,10,0.5,True,10,2.8,0.9,0.5958436145024278,0.7,0.3967732199795652,0.4,0.16817758120350967,0.2,0.05668094798069332,986.4,10.218978102189782,10,0.5,True,0,,,,,,,,,,,,0,,0.28538613142924213,3.5040245123051372,2026-10-08T23:21:15.963886+00:00,retrospective_history_only,experimental
2026020058,2026-10-08,8483515,Juraj Slafkovský,MTL,NSH,1,0,2026-10-08T23:00:00Z,effectif actuel ; participation non confirmée,36,5,1.6,1.0,0.565508505247919,0.6,0.23071993220883702,0.0,-3.139202815737979e-17,0.0,-3.139202815737979e-17,1166.0,4.939965694682676,5,0.2,10,2.4,1.0,0.7224598312333834,0.8,0.49015684672072346,0.3,0.10778928748621182,0.2,0.05668094798069332,1212.2,7.1275367101138425,10,0.2,True,10,2.9,0.9,0.5958436145024278,0.8,0.49015684672072346,0.6,0.3126695474501863,0.4,0.16817758120350967,1193.1,8.750314307266784,10,0.4,True,0,,,,,,,,,,,,0,,0.28524760256156767,3.5057262217801135,2026-10-08T23:21:15.963886+00:00,retrospective_history_only,experimental
2026020057,2026-10-08,8482097,Jack Quinn,BUF,DAL,1,0,2026-10-08T23:00:00Z,effectif actuel ; participation non confirmée,38,5,3.4,1.0,0.565508505247919,0.8,0.37552826411853885,0.6,0.23071993220883702,0.6,0.23071993220883702,1141.8,10.719915922228061,5,0.4,10,3.3,1.0,0.7224598312333834,0.8,0.49015684672072346,0.6,0.3126695474501863,0.5,0.2365895936154873,1064.5,11.160169093471113,10,0.4,True,10,3.8,0.9,0.5958436145024278,0.9,0.5958436145024278,0.7,0.3967732199795652,0.6,0.3126695474501863,1021.9,13.386828456796165,10,0.5,True,1,5.0,1.0,0.20654329147389294,1.0,0.20654329147389294,1.0,0.20654329147389294,1.0,0.20654329147389294,1169.0,15.397775876817793,1,0.0,0.2828435443872355,3.535523507055617,2026-10-08T23:21:15.963886+00:00,retrospective_history_only,experimental
2026020058,2026-10-08,8475158,Ryan O'Reilly,NSH,MTL,0,0,2026-10-08T23:00:00Z,effectif actuel ; participation non confirmée,36,5,2.0,0.8,0.37552826411853885,0.4,0.11761823115925325,0.4,0.11761823115925325,0.4,0.11761823115925325,1309.6,5.497861942577886,5,0.0,10,1.7,0.9,0.5958436145024278,0.4,0.16817758120350967,0.2,0.05668094798069332,0.2,0.05668094798069332,1290.7,4.741613078174634,10,0.1,True,10,1.5,0.9,0.5958436145024278,0.4,0.16817758120350967,0.1,0.01787574951572113,0.1,0.01787574951572113,1320.4,4.089669797031203,10,0.1,True,0,,,,,,,,,,,,0,,0.2824396091095028,3.540579889459827,2026-10-08T23:21:15.963886+00:00,retrospective_history_only,experimental
2026020058,2026-10-08,8480018,Nick Suzuki,MTL,NSH,1,0,2026-10-08T23:00:00Z,effectif actuel ; participation non confirmée,36,5,2.6,1.0,0.565508505247919,0.8,0.37552826411853885,0.4,0.11761823115925325,0.4,0.11761823115925325,1255.6,7.454603376871615,5,0.6,10,2.1,1.0,0.7224598312333834,0.6,0.3126695474501863,0.3,0.10778928748621182,0.2,0.05668094798069332,1266.0,5.971563981042654,10,0.4,True,10,2.1,1.0,0.7224598312333834,0.7,0.3967732199795652,0.4,0.16817758120350967,0.0,-2.0052288475052677e-17,1277.6,5.917345021916093,10,0.4,True,0,,,,,,,,,,,,0,,0.27994312501082186,3.5721541651052964,2026-10-08T23:21:15.963886+00:00,retrospective_history_only,experimental
2026020056,2026-10-08,8482699,Dylan Guenther,UTA,BOS,0,0,2026-10-08T23:00:00Z,effectif actuel ; participation non confirmée,34,5,3.6,1.0,0.565508505247919,0.8,0.37552826411853885,0.6,0.23071993220883702,0.6,0.23071993220883702,996.4,13.006824568446406,5,0.4,10,3.2,1.0,0.7224598312333834,0.8,0.49015684672072346,0.6,0.3126695474501863,0.5,0.2365895936154873,1035.8,11.121838192701293,10,0.5,True,10,2.4,1.0,0.7224598312333834,0.7,0.3967732199795652,0.3,0.10778928748621182,0.2,0.05668094798069332,1001.6,8.626198083067093,10,0.3,True,0,,,,,,,,,,,,0,,0.2754636240077617,3.630243389130113,2026-10-08T23:21:15.963886+00:00,retrospective_history_only,experimental
2026020059,2026-10-08,8482667,William Eklund,OTT,PHI,1,0,2026-10-08T23:00:00Z,effectif actuel ; participation non confirmée,38,5,2.6,1.0,0.565508505247919,0.8,0.37552826411853885,0.6,0.23071993220883702,0.2,0.036223160969787456,1029.0,9.096209912536443,5,0.4,10,2.1,1.0,0.7224598312333834,0.6,0.3126695474501863,0.4,0.16817758120350967,0.1,0.01787574951572113,1020.0,7.411764705882353,10,0.3,True,10,1.5,0.8,0.49015684672072346,0.6,0.3126695474501863,0.1,0.01787574951572113,0.0,-2.0052288475052677e-17,1008.6,5.353955978584176,10,0.2,True,1,0.0,0.0,0.0,0.0,0.0,0.0,0.0,0.0,0.0,1325.0,0.0,1,0.0,0.2673704756342454,3.7401287394497866,2026-10-08T23:21:15.963886+00:00,retrospective_history_only,experimental
2026020059,2026-10-08,8481596,Shane Pinto,OTT,PHI,1,0,2026-10-08T23:00:00Z,effectif actuel ; participation non confirmée,38,5,2.8,1.0,0.565508505247919,0.8,0.37552826411853885,0.6,0.23071993220883702,0.4,0.11761823115925325,1134.6,8.8841882601798,5,0.2,10,2.1,0.8,0.49015684672072346,0.7,0.3967732199795652,0.4,0.16817758120350967,0.2,0.05668094798069332,1102.2,6.859009254218835,10,0.3,True,10,2.3,0.9,0.5958436145024278,0.8,0.49015684672072346,0.6,0.3126695474501863,0.0,-2.0052288475052677e-17,1092.7,7.577560172050883,10,0.4,True,0,,,,,,,,,,,,0,,0.2661167530672762,3.757749140082108,2026-10-08T23:21:15.963886+00:00,retrospective_history_only,experimental
2026020061,2026-10-08,8482702,Logan Stankoven,CAR,VAN,1,0,2026-10-08T23:00:00Z,effectif actuel ; participation non confirmée,36,5,2.2,0.8,0.37552826411853885,0.6,0.23071993220883702,0.4,0.11761823115925325,0.4,0.11761823115925325,1054.4,7.511380880121396,5,0.2,10,2.2,0.9,0.5958436145024278,0.7,0.3967732199795652,0.4,0.16817758120350967,0.2,0.05668094798069332,1064.6,7.439413864362201,10,0.4,True,10,2.8,0.9,0.5958436145024278,0.7,0.3967732199795652,0.5,0.2365895936154873,0.4,0.16817758120350967,1027.0,9.814995131450827,10,0.5,True,0,,,,,,,,,,,,0,,0.2633259407855761,3.797574963623849,2026-10-08T23:21:15.963886+00:00,retrospective_history_only,experimental
2026020060,2026-10-08,8478493,Joel Eriksson Ek,MIN,TBL,0,0,2026-10-08T23:00:00Z,effectif actuel ; participation non confirmée,28,5,2.8,0.8,0.37552826411853885,0.8,0.37552826411853885,0.6,0.23071993220883702,0.2,0.036223160969787456,1078.4,9.347181008902076,5,0.2,10,2.3,0.7,0.3967732199795652,0.6,0.3126695474501863,0.5,0.2365895936154873,0.2,0.05668094798069332,1063.2,7.787810383747178,10,0.2,True,10,2.5,0.7,0.3967732199795652,0.6,0.3126695474501863,0.6,0.3126695474501863,0.3,0.10778928748621182,1148.3,7.8376730819472264,10,0.1,True,1,3.0,1.0,0.20654329147389294,1.0,0.20654329147389294,1.0,0.20654329147389294,0.0,0.0,1192.0,9.060402684563758,1,0.0,0.25058968737804016,3.990587204378438,2026-10-08T23:21:15.963886+00:00,retrospective_history_only,experimental
2026020056,2026-10-08,8479343,Clayton Keller,UTA,BOS,0,0,2026-10-08T23:00:00Z,effectif actuel ; participation non confirmée,37,5,2.4,1.0,0.565508505247919,0.8,0.37552826411853885,0.4,0.11761823115925325,0.2,0.036223160969787456,1096.4,7.880335643925575,5,0.2,10,2.1,0.9,0.5958436145024278,0.8,0.49015684672072346,0.3,0.10778928748621182,0.1,0.01787574951572113,1146.4,6.594556873691556,10,0.2,True,10,2.9,1.0,0.7224598312333834,1.0,0.7224598312333834,0.6,0.3126695474501863,0.1,0.01787574951572113,1082.7,9.642560266001663,10,0.4,True,0,,,,,,,,,,,,0,,0.24782526980261319,4.035101024187226,2026-10-08T23:21:15.963886+00:00,retrospective_history_only,experimental
2026020061,2026-10-08,8482809,Jackson Blake,CAR,VAN,1,0,2026-10-08T23:00:00Z,effectif actuel ; participation non confirmée,36,5,2.6,1.0,0.565508505247919,1.0,0.565508505247919,0.4,0.11761823115925325,0.2,0.036223160969787456,1062.2,8.811899830540387,5,0.0,10,2.1,0.8,0.49015684672072346,0.8,0.49015684672072346,0.4,0.16817758120350967,0.1,0.01787574951572113,1069.2,7.070707070707071,10,0.1,True,10,2.4,0.9,0.5958436145024278,0.7,0.3967732199795652,0.5,0.2365895936154873,0.1,0.01787574951572113,1063.3,8.125646571992853,10,0.3,True,0,,,,,,,,,,,,0,,0.24716023738447662,4.045958243859523,2026-10-08T23:21:15.963886+00:00,retrospective_history_only,experimental
2026020060,2026-10-08,8478010,Brayden Point,TBL,MIN,1,0,2026-10-08T23:00:00Z,effectif actuel ; participation non confirmée,29,5,2.0,1.0,0.565508505247919,0.6,0.23071993220883702,0.4,0.11761823115925325,0.0,-3.139202815737979e-17,1162.6,6.193015654567349,5,0.2,10,2.0,0.9,0.5958436145024278,0.6,0.3126695474501863,0.4,0.16817758120350967,0.1,0.01787574951572113,1145.4,6.286013619696176,10,0.2,True,10,2.4,0.8,0.49015684672072346,0.8,0.49015684672072346,0.5,0.2365895936154873,0.2,0.05668094798069332,1110.6,7.779578606158833,10,0.3,True,1,2.0,1.0,0.20654329147389294,1.0,0.20654329147389294,0.0,0.0,0.0,0.0,1053.0,6.837606837606837,1,1.0,0.2453793869151106,4.07532194359077,2026-10-08T23:21:15.963886+00:00,retrospective_history_only,experimental
2026020056,2026-10-08,8482175,JJ Peterka,BOS,UTA,1,0,2026-10-08T23:00:00Z,effectif actuel ; participation non confirmée,37,5,2.2,0.8,0.37552826411853885,0.6,0.23071993220883702,0.4,0.11761823115925325,0.2,0.036223160969787456,1130.8,7.003891050583658,5,0.4,10,2.2,0.8,0.49015684672072346,0.7,0.3967732199795652,0.4,0.16817758120350967,0.2,0.05668094798069332,1011.4,7.830729681629425,10,0.4,True,10,1.7,0.8,0.49015684672072346,0.5,0.2365895936154873,0.3,0.10778928748621182,0.1,0.01787574951572113,947.8,6.457058451150032,10,0.3,True,0,,,,,,,,,,,,0,,0.24329398471536137,4.110253696448504,2026-10-08T23:21:15.963886+00:00,retrospective_history_only,experimental
2026020060,2026-10-08,8477446,Michael McCarron,MIN,TBL,0,0,2026-10-08T23:00:00Z,effectif actuel ; participation non confirmée,35,5,2.6,0.8,0.37552826411853885,0.8,0.37552826411853885,0.6,0.23071993220883702,0.4,0.11761823115925325,936.4,9.995728321230244,5,0.2,10,2.0,0.8,0.49015684672072346,0.6,0.3126695474501863,0.4,0.16817758120350967,0.2,0.05668094798069332,841.0,8.561236623067776,10,0.2,True,10,1.4,0.6,0.3126695474501863,0.4,0.16817758120350967,0.3,0.10778928748621182,0.1,0.01787574951572113,792.4,6.360424028268551,10,0.2,True,1,0.0,0.0,0.0,0.0,0.0,0.0,0.0,0.0,0.0,667.0,0.0,1,0.0,0.23564145840624587,4.24373540532074,2026-10-08T23:21:15.963886+00:00,retrospective_history_only,experimental
2026020061,2026-10-08,8477940,Nikolaj Ehlers,CAR,VAN,1,0,2026-10-08T23:00:00Z,effectif actuel ; participation non confirmée,37,5,2.8,1.0,0.565508505247919,0.8,0.37552826411853885,0.4,0.11761823115925325,0.4,0.11761823115925325,995.8,10.122514561156859,5,0.2,10,2.7,0.9,0.5958436145024278,0.8,0.49015684672072346,0.4,0.16817758120350967,0.3,0.10778928748621182,979.8,9.920391916717698,10,0.2,True,10,2.1,0.8,0.49015684672072346,0.7,0.3967732199795652,0.4,0.16817758120350967,0.2,0.05668094798069332,1060.9,7.126025073051183,10,0.1,True,0,,,,,,,,,,,,0,,0.23234815022293756,4.3038862114482175,2026-10-08T23:21:15.963886+00:00,retrospective_history_only,experimental
2026020056,2026-10-08,8479987,Morgan Geekie,BOS,UTA,1,0,2026-10-08T23:00:00Z,effectif actuel ; participation non confirmée,37,5,1.4,0.8,0.37552826411853885,0.4,0.11761823115925325,0.2,0.036223160969787456,0.0,-3.139202815737979e-17,1099.2,4.585152838427947,5,0.2,10,1.8,0.9,0.5958436145024278,0.6,0.3126695474501863,0.2,0.05668094798069332,0.1,0.01787574951572113,1076.2,6.0211856532243075,10,0.3,True,10,1.9,0.9,0.5958436145024278,0.5,0.2365895936154873,0.3,0.10778928748621182,0.2,0.05668094798069332,1058.0,6.465028355387524,10,0.2,True,0,,,,,,,,,,,,0,,0.228183933987226,4.382429483646211,2026-10-08T23:21:15.963886+00:00,retrospective_history_only,experimental
2026020058,2026-10-08,8482145,Mavrik Bourque,NSH,MTL,0,0,2026-10-08T23:00:00Z,effectif actuel ; participation non confirmée,36,5,3.0,1.0,0.565508505247919,0.6,0.23071993220883702,0.4,0.11761823115925325,0.4,0.11761823115925325,1053.4,10.252515663565598,5,0.4,10,2.3,0.9,0.5958436145024278,0.7,0.3967732199795652,0.2,0.05668094798069332,0.2,0.05668094798069332,1086.3,7.6222038111019055,10,0.2,True,10,2.1,0.9,0.5958436145024278,0.4,0.16817758120350967,0.2,0.05668094798069332,0.2,0.05668094798069332,1069.9,7.066080942144126,10,0.4,True,0,,,,,,,,,,,,0,,0.22527575995318433,4.439004002063138,2026-10-08T23:21:15.963886+00:00,retrospective_history_only,experimental
2026020060,2026-10-08,8477451,Ryan Hartman,MIN,TBL,0,0,2026-10-08T23:00:00Z,effectif actuel ; participation non confirmée,34,5,0.6,0.4,0.11761823115925325,0.2,0.036223160969787456,0.0,-3.139202815737979e-17,0.0,-3.139202815737979e-17,880.0,2.4545454545454546,5,0.2,10,1.8,0.7,0.3967732199795652,0.5,0.2365895936154873,0.4,0.16817758120350967,0.1,0.01787574951572113,947.1,6.841938549255622,10,0.4,True,10,1.9,0.8,0.49015684672072346,0.5,0.2365895936154873,0.4,0.16817758120350967,0.2,0.05668094798069332,954.3,7.16755737189563,10,0.5,True,1,1.0,1.0,0.20654329147389294,0.0,0.0,0.0,0.0,0.0,0.0,970.0,3.711340206185567,1,0.0,0.2229891483054287,4.484523159980403,2026-10-08T23:21:15.963886+00:00,retrospective_history_only,experimental
2026020060,2026-10-08,8480800,Quinn Hughes,MIN,TBL,0,1,2026-10-08T23:00:00Z,effectif actuel ; participation non confirmée,34,5,2.4,0.8,0.37552826411853885,0.6,0.23071993220883702,0.4,0.11761823115925325,0.4,0.11761823115925325,1694.4,5.09915014164306,5,0.4,10,2.4,0.9,0.5958436145024278,0.7,0.3967732199795652,0.4,0.16817758120350967,0.3,0.10778928748621182,1640.8,5.2657240370550955,10,0.2,True,10,2.1,0.8,0.49015684672072346,0.6,0.3126695474501863,0.3,0.10778928748621182,0.2,0.05668094798069332,1705.2,4.433497536945813,10,0.1,True,1,0.0,0.0,0.0,0.0,0.0,0.0,0.0,0.0,0.0,1732.0,0.0,1,0.0,0.22286813041799217,4.486958265968699,2026-10-08T23:21:15.963886+00:00,retrospective_history_only,experimental
2026020061,2026-10-08,8480012,Elias Pettersson,VAN,CAR,0,0,2026-10-08T23:00:00Z,effectif actuel ; participation non confirmée,38,5,1.4,0.8,0.37552826411853885,0.4,0.11761823115925325,0.2,0.036223160969787456,0.0,-3.139202815737979e-17,1150.2,4.381846635367762,5,0.4,10,2.0,0.9,0.5958436145024278,0.4,0.16817758120350967,0.3,0.10778928748621182,0.1,0.01787574951572113,1163.8,6.186630005155525,10,0.2,True,10,2.3,0.9,0.5958436145024278,0.5,0.2365895936154873,0.4,0.16817758120350967,0.2,0.05668094798069332,1123.2,7.371794871794871,10,0.1,True,0,,,,,,,,,,,,0,,0.21913025381324713,4.5634958322653425,2026-10-08T23:21:15.963886+00:00,retrospective_history_only,experimental
2026020057,2026-10-08,8484145,Zach Benson,BUF,DAL,1,0,2026-10-08T23:00:00Z,effectif actuel ; participation non confirmée,34,5,2.2,1.0,0.565508505247919,0.6,0.23071993220883702,0.4,0.11761823115925325,0.2,0.036223160969787456,1170.4,6.7669172932330826,5,0.2,10,2.2,1.0,0.7224598312333834,0.6,0.3126695474501863,0.5,0.2365895936154873,0.1,0.01787574951572113,1060.9,7.465359600339334,10,0.2,True,10,1.9,1.0,0.7224598312333834,0.5,0.2365895936154873,0.3,0.10778928748621182,0.1,0.01787574951572113,1013.3,6.750222046777854,10,0.2,True,1,3.0,1.0,0.20654329147389294,1.0,0.20654329147389294,1.0,0.20654329147389294,0.0,0.0,1462.0,7.387140902872777,1,1.0,0.21780593073067006,4.591243207406318,2026-10-08T23:21:15.963886+00:00,retrospective_history_only,experimental
2026020059,2026-10-08,8473512,Claude Giroux,OTT,PHI,1,0,2026-10-08T23:00:00Z,effectif actuel ; participation non confirmée,38,5,2.4,0.8,0.37552826411853885,0.4,0.11761823115925325,0.4,0.11761823115925325,0.4,0.11761823115925325,947.6,9.117771211481637,5,0.0,10,2.1,0.9,0.5958436145024278,0.4,0.16817758120350967,0.4,0.16817758120350967,0.2,0.05668094798069332,913.4,8.276768119115394,10,0.2,True,10,2.6,0.8,0.49015684672072346,0.6,0.3126695474501863,0.5,0.2365895936154873,0.2,0.05668094798069332,853.0,10.973036342321219,10,0.3,True,0,,,,,,,,,,,,0,,0.2170486460923762,4.607262095403252,2026-10-08T23:21:15.963886+00:00,retrospective_history_only,experimental
2026020061,2026-10-08,8478444,Brock Boeser,VAN,CAR,0,0,2026-10-08T23:00:00Z,effectif actuel ; participation non confirmée,33,5,1.4,0.8,0.37552826411853885,0.4,0.11761823115925325,0.2,0.036223160969787456,0.0,-3.139202815737979e-17,1051.8,4.791785510553337,5,0.2,10,1.6,0.8,0.49015684672072346,0.6,0.3126695474501863,0.2,0.05668094798069332,0.0,-2.0052288475052677e-17,1161.0,4.961240310077519,10,0.2,True,10,2.4,1.0,0.7224598312333834,0.7,0.3967732199795652,0.5,0.2365895936154873,0.2,0.05668094798069332,1152.3,7.498047383493882,10,0.3,True,0,,,,,,,,,,,,0,,0.21467410665750358,4.658223646857536,2026-10-08T23:21:15.963886+00:00,retrospective_history_only,experimental
2026020057,2026-10-08,8478449,Roope Hintz,DAL,BUF,0,0,2026-10-08T23:00:00Z,effectif actuel ; participation non confirmée,12,5,1.8,0.8,0.37552826411853885,0.4,0.11761823115925325,0.2,0.036223160969787456,0.2,0.036223160969787456,901.0,7.192008879023308,5,0.0,10,1.8,0.9,0.5958436145024278,0.5,0.2365895936154873,0.2,0.05668094798069332,0.1,0.01787574951572113,973.0,6.659815005138746,10,0.1,True,5,2.2,1.0,0.565508505247919,1.0,0.565508505247919,0.2,0.036223160969787456,0.0,-3.139202815737979e-17,999.2,7.926341072858286,5,0.2,True,0,,,,,,,,,,,,0,,0.21203649958554568,4.716169159341136,2026-10-08T23:21:15.963886+00:00,retrospective_history_only,experimental
2026020059,2026-10-08,8482092,Ridly Greig,OTT,PHI,1,0,2026-10-08T23:00:00Z,effectif actuel ; participation non confirmée,36,5,1.4,0.8,0.37552826411853885,0.6,0.23071993220883702,0.0,-3.139202815737979e-17,0.0,-3.139202815737979e-17,1047.8,4.810078259209773,5,0.2,10,1.9,0.9,0.5958436145024278,0.5,0.2365895936154873,0.2,0.05668094798069332,0.1,0.01787574951572113,1021.1,6.698658309666047,10,0.2,True,10,1.8,0.8,0.49015684672072346,0.4,0.16817758120350967,0.3,0.10778928748621182,0.1,0.01787574951572113,963.4,6.726178119161304,10,0.2,True,0,,,,,,,,,,,,0,,0.2106439469632942,4.747347428759751,2026-10-08T23:21:15.963886+00:00,retrospective_history_only,experimental
2026020060,2026-10-08,8476399,Blake Coleman,MIN,TBL,0,0,2026-10-08T23:00:00Z,effectif actuel ; participation non confirmée,28,5,1.8,0.8,0.37552826411853885,0.6,0.23071993220883702,0.2,0.036223160969787456,0.2,0.036223160969787456,940.8,6.887755102040816,5,0.4,10,2.2,0.9,0.5958436145024278,0.7,0.3967732199795652,0.5,0.2365895936154873,0.1,0.01787574951572113,1066.9,7.423376136470147,10,0.3,True,10,2.9,1.0,0.7224598312333834,0.8,0.49015684672072346,0.6,0.3126695474501863,0.3,0.10778928748621182,1094.9,9.535117362316193,10,0.3,True,0,,,,,,,,,,,,0,,0.21027189967316978,4.755747208991415,2026-10-08T23:21:15.963886+00:00,retrospective_history_only,experimental
2026020059,2026-10-08,8485406,Porter Martone,PHI,OTT,0,0,2026-10-08T23:00:00Z,effectif actuel ; participation non confirmée,13,5,1.4,0.6,0.23071993220883702,0.2,0.036223160969787456,0.2,0.036223160969787456,0.2,0.036223160969787456,837.4,6.018629090040601,5,0.2,10,1.9,0.7,0.3967732199795652,0.5,0.2365895936154873,0.3,0.10778928748621182,0.2,0.05668094798069332,931.0,7.346938775510204,10,0.4,True,7,2.0,0.8571428571428571,0.4868654966809702,0.5714285714285714,0.2504542304090258,0.2857142857142857,0.08221716570901548,0.14285714285714285,0.02567895594897479,943.5714285714286,7.630582891748675,7,0.2857142857142857,True,0,,,,,,,,,,,,0,,0.20539999600680853,4.868549266996346,2026-10-08T23:21:15.963886+00:00,retrospective_history_only,experimental
2026020058,2026-10-08,8484984,Ivan Demidov,MTL,NSH,1,0,2026-10-08T23:00:00Z,effectif actuel ; participation non confirmée,35,5,2.0,1.0,0.565508505247919,0.4,0.11761823115925325,0.4,0.11761823115925325,0.2,0.036223160969787456,936.4,7.689021785561725,5,0.4,10,2.2,1.0,0.7224598312333834,0.5,0.2365895936154873,0.4,0.16817758120350967,0.3,0.10778928748621182,1003.7,7.890804025107104,10,0.4,True,10,2.1,0.9,0.5958436145024278,0.6,0.3126695474501863,0.3,0.10778928748621182,0.3,0.10778928748621182,996.9,7.5835088775203126,10,0.2,True,0,,,,,,,,,,,,0,,0.20392128310087246,4.903853020115298,2026-10-08T23:21:15.963886+00:00,retrospective_history_only,experimental
2026020057,2026-10-08,8479351,Sam Steel,DAL,BUF,0,0,2026-10-08T23:00:00Z,effectif actuel ; participation non confirmée,27,5,1.4,0.8,0.37552826411853885,0.4,0.11761823115925325,0.2,0.036223160969787456,0.0,-3.139202815737979e-17,858.2,5.872756933115824,5,0.0,10,1.1,0.6,0.3126695474501863,0.4,0.16817758120350967,0.1,0.01787574951572113,0.0,-2.0052288475052677e-17,905.8,4.371826010156767,10,0.1,True,10,1.7,0.6,0.3126695474501863,0.5,0.2365895936154873,0.3,0.10778928748621182,0.2,0.05668094798069332,885.4,6.912130110684436,10,0.1,True,1,0.0,0.0,0.0,0.0,0.0,0.0,0.0,0.0,0.0,943.0,0.0,1,0.0,0.20128070027833364,4.968186212673081,2026-10-08T23:21:15.963886+00:00,retrospective_history_only,experimental
2026020057,2026-10-08,8482659,Josh Doan,BUF,DAL,1,0,2026-10-08T23:00:00Z,effectif actuel ; participation non confirmée,38,5,1.2,0.8,0.37552826411853885,0.2,0.036223160969787456,0.2,0.036223160969787456,0.0,-3.139202815737979e-17,944.6,4.573364387042134,5,0.0,10,1.4,0.8,0.49015684672072346,0.3,0.10778928748621182,0.2,0.05668094798069332,0.1,0.01787574951572113,915.5,5.505188421627526,10,0.1,True,10,1.2,0.7,0.3967732199795652,0.2,0.05668094798069332,0.2,0.05668094798069332,0.1,0.01787574951572113,903.4,4.781934912552579,10,0.1,True,1,1.0,1.0,0.20654329147389294,0.0,0.0,0.0,0.0,0.0,0.0,957.0,3.761755485893417,1,0.0,0.20075072012475018,4.981302181026209,2026-10-08T23:21:15.963886+00:00,retrospective_history_only,experimental
2026020056,2026-10-08,8478474,Lawson Crouse,UTA,BOS,0,0,2026-10-08T23:00:00Z,effectif actuel ; participation non confirmée,36,5,2.2,1.0,0.565508505247919,0.6,0.23071993220883702,0.2,0.036223160969787456,0.2,0.036223160969787456,939.6,8.42911877394636,5,0.4,10,2.1,1.0,0.7224598312333834,0.7,0.3967732199795652,0.2,0.05668094798069332,0.1,0.01787574951572113,1015.9,7.44167733044591,10,0.4,True,10,1.9,0.9,0.5958436145024278,0.6,0.3126695474501863,0.2,0.05668094798069332,0.1,0.01787574951572113,954.8,7.1638039379974865,10,0.4,True,0,,,,,,,,,,,,0,,0.20054264717309478,4.986470529317726,2026-10-08T23:21:15.963886+00:00,retrospective_history_only,experimental
2026020059,2026-10-08,8480015,Owen Tippett,PHI,OTT,0,0,2026-10-08T23:00:00Z,effectif actuel ; participation non confirmée,38,5,2.6,0.8,0.37552826411853885,0.8,0.37552826411853885,0.6,0.23071993220883702,0.4,0.11761823115925325,970.2,9.647495361781075,5,0.2,10,2.0,0.8,0.49015684672072346,0.6,0.3126695474501863,0.4,0.16817758120350967,0.2,0.05668094798069332,967.9,7.438784998450253,10,0.2,True,10,2.3,0.8,0.49015684672072346,0.5,0.2365895936154873,0.4,0.16817758120350967,0.2,0.05668094798069332,1013.2,8.172127911567312,10,0.3,True,0,,,,,,,,,,,,0,,0.19908446684866873,5.022993585733316,2026-10-08T23:21:15.963886+00:00,retrospective_history_only,experimental
2026020059,2026-10-08,8477989,Christian Dvorak,PHI,OTT,0,0,2026-10-08T23:00:00Z,effectif actuel ; participation non confirmée,38,5,1.0,0.8,0.37552826411853885,0.2,0.036223160969787456,0.0,-3.139202815737979e-17,0.0,-3.139202815737979e-17,985.6,3.6525974025974026,5,0.0,10,1.6,0.9,0.5958436145024278,0.5,0.2365895936154873,0.2,0.05668094798069332,0.0,-2.0052288475052677e-17,1029.7,5.593862289987375,10,0.2,True,10,2.3,1.0,0.7224598312333834,0.8,0.49015684672072346,0.4,0.16817758120350967,0.1,0.01787574951572113,1141.2,7.255520504731861,10,0.3,True,0,,,,,,,,,,,,0,,0.19903069595683268,5.024350616835947,2026-10-08T23:21:15.963886+00:00,retrospective_history_only,experimental
2026020060,2026-10-08,8483752,Dominic James,TBL,MIN,1,0,2026-10-08T23:00:00Z,effectif actuel ; participation non confirmée,11,5,2.0,0.8,0.37552826411853885,0.6,0.23071993220883702,0.4,0.11761823115925325,0.2,0.036223160969787456,833.0,8.643457382953182,5,0.4,10,2.2,0.8,0.49015684672072346,0.7,0.3967732199795652,0.5,0.2365895936154873,0.2,0.05668094798069332,805.7,9.829961524140499,10,0.3,True,8,2.5,0.875,0.5291051942301385,0.75,0.40926987910258916,0.625,0.3057378545838018,0.25,0.07147768885802765,788.75,11.410459587955627,8,0.25,True,0,,,,,,,,,,,,0,,0.19812170437721094,5.047402570775711,2026-10-08T23:21:15.963886+00:00,retrospective_history_only,experimental
2026020056,2026-10-08,8478401,Pavel Zacha,BOS,UTA,1,0,2026-10-08T23:00:00Z,effectif actuel ; participation non confirmée,34,5,1.6,0.8,0.37552826411853885,0.4,0.11761823115925325,0.4,0.11761823115925325,0.0,-3.139202815737979e-17,952.8,6.045340050377834,5,0.0,10,1.5,0.9,0.5958436145024278,0.4,0.16817758120350967,0.2,0.05668094798069332,0.0,-2.0052288475052677e-17,985.0,5.482233502538071,10,0.2,True,10,1.8,0.9,0.5958436145024278,0.5,0.2365895936154873,0.3,0.10778928748621182,0.1,0.01787574951572113,928.9,6.975993110130261,10,0.2,True,0,,,,,,,,,,,,0,,0.19525565164442468,5.121490679414881,2026-10-08T23:21:15.963886+00:00,retrospective_history_only,experimental
2026020056,2026-10-08,8483431,Logan Cooley,UTA,BOS,0,0,2026-10-08T23:00:00Z,effectif actuel ; participation non confirmée,29,5,0.4,0.4,0.11761823115925325,0.0,-3.139202815737979e-17,0.0,-3.139202815737979e-17,0.0,-3.139202815737979e-17,1009.2,1.426872770511296,5,0.0,10,1.2,0.7,0.3967732199795652,0.3,0.10778928748621182,0.2,0.05668094798069332,0.0,-2.0052288475052677e-17,1066.9,4.049114256256444,10,0.2,True,10,1.8,0.9,0.5958436145024278,0.5,0.2365895936154873,0.3,0.10778928748621182,0.1,0.01787574951572113,1006.8,6.436233611442193,10,0.2,True,0,,,,,,,,,,,,0,,0.19507354566367655,5.126271717663273,2026-10-08T23:21:15.963886+00:00,retrospective_history_only,experimental
2026020061,2026-10-08,8475791,Taylor Hall,CAR,VAN,1,0,2026-10-08T23:00:00Z,effectif actuel ; participation non confirmée,35,5,1.8,1.0,0.565508505247919,0.4,0.11761823115925325,0.2,0.036223160969787456,0.2,0.036223160969787456,904.2,7.1665560716655605,5,0.2,10,1.9,1.0,0.7224598312333834,0.5,0.2365895936154873,0.3,0.10778928748621182,0.1,0.01787574951572113,929.5,7.358795051102743,10,0.4,True,10,1.6,0.8,0.49015684672072346,0.4,0.16817758120350967,0.3,0.10778928748621182,0.1,0.01787574951572113,936.1,6.153188761884414,10,0.2,True,0,,,,,,,,,,,,0,,0.19443892496984957,5.143003131472074,2026-10-08T23:21:15.963886+00:00,retrospective_history_only,experimental
2026020058,2026-10-08,8476539,Jonathan Marchessault,NSH,MTL,0,0,2026-10-08T23:00:00Z,effectif actuel ; participation non confirmée,36,5,1.2,0.6,0.23071993220883702,0.4,0.11761823115925325,0.2,0.036223160969787456,0.0,-3.139202815737979e-17,956.2,4.517883288015059,5,0.0,10,1.8,0.8,0.49015684672072346,0.6,0.3126695474501863,0.3,0.10778928748621182,0.1,0.01787574951572113,1006.9,6.43559439864932,10,0.1,True,10,2.5,1.0,0.7224598312333834,0.9,0.5958436145024278,0.4,0.16817758120350967,0.2,0.05668094798069332,1024.2,8.787346221441124,10,0.1,True,0,,,,,,,,,,,,0,,0.19050551387545273,5.249191898213364,2026-10-08T23:21:15.963886+00:00,retrospective_history_only,experimental
2026020059,2026-10-08,8480208,Drake Batherson,OTT,PHI,1,0,2026-10-08T23:00:00Z,effectif actuel ; participation non confirmée,38,5,2.2,1.0,0.565508505247919,1.0,0.565508505247919,0.2,0.036223160969787456,0.0,-3.139202815737979e-17,1012.2,7.824540604623592,5,0.6,10,1.6,0.9,0.5958436145024278,0.6,0.3126695474501863,0.1,0.01787574951572113,0.0,-2.0052288475052677e-17,965.6,5.965202982601491,10,0.5,True,10,1.4,0.8,0.49015684672072346,0.4,0.16817758120350967,0.1,0.01787574951572113,0.1,0.01787574951572113,921.5,5.469343461747151,10,0.5,True,0,,,,,,,,,,,,0,,0.18945863307879865,5.278197059429249,2026-10-08T23:21:15.963886+00:00,retrospective_history_only,experimental
2026020056,2026-10-08,8476389,Vincent Trocheck,UTA,BOS,0,0,2026-10-08T23:00:00Z,effectif actuel ; participation non confirmée,36,5,0.8,0.6,0.23071993220883702,0.2,0.036223160969787456,0.0,-3.139202815737979e-17,0.0,-3.139202815737979e-17,1055.4,2.7288231949971573,5,0.2,10,1.3,0.6,0.3126695474501863,0.4,0.16817758120350967,0.2,0.05668094798069332,0.1,0.01787574951572113,1079.8,4.334135951102056,10,0.2,True,10,1.7,0.8,0.49015684672072346,0.6,0.3126695474501863,0.2,0.05668094798069332,0.1,0.01787574951572113,1143.0,5.354330708661418,10,0.3,True,0,,,,,,,,,,,,0,,0.1888180885450867,5.296102760627281,2026-10-08T23:21:15.963886+00:00,retrospective_history_only,experimental
2026020059,2026-10-08,8481533,Trevor Zegras,PHI,OTT,0,0,2026-10-08T23:00:00Z,effectif actuel ; participation non confirmée,38,5,1.2,0.6,0.23071993220883702,0.2,0.036223160969787456,0.2,0.036223160969787456,0.2,0.036223160969787456,1156.2,3.736377789309808,5,0.2,10,1.1,0.6,0.3126695474501863,0.3,0.10778928748621182,0.1,0.01787574951572113,0.1,0.01787574951572113,1054.3,3.7560466660343357,10,0.2,True,10,0.8,0.5,0.2365895936154873,0.2,0.05668094798069332,0.1,0.01787574951572113,0.0,-2.0052288475052677e-17,1020.6,2.821869488536155,10,0.1,True,0,,,,,,,,,,,,0,,0.18840649569674214,5.307672627219782,2026-10-08T23:21:15.963886+00:00,retrospective_history_only,experimental
2026020061,2026-10-08,8473533,Jordan Staal,CAR,VAN,1,0,2026-10-08T23:00:00Z,effectif actuel ; participation non confirmée,33,5,1.8,0.8,0.37552826411853885,0.4,0.11761823115925325,0.4,0.11761823115925325,0.2,0.036223160969787456,1016.2,6.376697500492029,5,0.2,10,1.6,0.9,0.5958436145024278,0.4,0.16817758120350967,0.2,0.05668094798069332,0.1,0.01787574951572113,1008.1,5.713718877095526,10,0.1,True,10,1.6,0.7,0.3967732199795652,0.5,0.2365895936154873,0.2,0.05668094798069332,0.1,0.01787574951572113,1005.6,5.727923627684964,10,0.1,True,0,,,,,,,,,,,,0,,0.1883078911825567,5.310451907883889,2026-10-08T23:21:15.963886+00:00,retrospective_history_only,experimental
2026020059,2026-10-08,8484387,Matvei Michkov,PHI,OTT,0,0,2026-10-08T23:00:00Z,effectif actuel ; participation non confirmée,39,5,2.6,1.0,0.565508505247919,0.4,0.11761823115925325,0.2,0.036223160969787456,0.2,0.036223160969787456,939.4,9.963806685118161,5,0.4,10,2.2,0.8,0.49015684672072346,0.5,0.2365895936154873,0.3,0.10778928748621182,0.2,0.05668094798069332,909.7,8.706166868198308,10,0.4,True,10,1.3,0.8,0.49015684672072346,0.3,0.10778928748621182,0.2,0.05668094798069332,0.0,-2.0052288475052677e-17,866.4,5.401662049861496,10,0.2,True,0,,,,,,,,,,,,0,,0.18713195696654494,5.343822702494251,2026-10-08T23:21:15.963886+00:00,retrospective_history_only,experimental
2026020060,2026-10-08,8476826,Yanni Gourde,TBL,MIN,1,0,2026-10-08T23:00:00Z,effectif actuel ; participation non confirmée,35,5,0.6,0.6,0.23071993220883702,0.0,-3.139202815737979e-17,0.0,-3.139202815737979e-17,0.0,-3.139202815737979e-17,985.2,2.192448233861145,5,0.0,10,1.2,0.7,0.3967732199795652,0.3,0.10778928748621182,0.1,0.01787574951572113,0.1,0.01787574951572113,957.4,4.512220597451431,10,0.0,True,10,1.9,0.9,0.5958436145024278,0.7,0.3967732199795652,0.2,0.05668094798069332,0.1,0.01787574951572113,989.9,6.90978886756238,10,0.1,True,1,2.0,1.0,0.20654329147389294,1.0,0.20654329147389294,0.0,0.0,0.0,0.0,900.0,8.0,1,0.0,0.18454438344914784,5.418750662089671,2026-10-08T23:21:15.963886+00:00,retrospective_history_only,experimental
2026020061,2026-10-08,8482079,Marco Rossi,VAN,CAR,0,0,2026-10-08T23:00:00Z,effectif actuel ; participation non confirmée,29,5,1.6,1.0,0.565508505247919,0.2,0.036223160969787456,0.2,0.036223160969787456,0.2,0.036223160969787456,986.2,5.84060028391807,5,0.4,10,1.4,0.9,0.5958436145024278,0.3,0.10778928748621182,0.1,0.01787574951572113,0.1,0.01787574951572113,1025.2,4.916113928989465,10,0.4,True,10,1.0,0.7,0.3967732199795652,0.2,0.05668094798069332,0.1,0.01787574951572113,0.0,-2.0052288475052677e-17,1003.2,3.588516746411483,10,0.3,True,0,,,,,,,,,,,,0,,0.18443387806738953,5.42199736013041,2026-10-08T23:21:15.963886+00:00,retrospective_history_only,experimental
2026020056,2026-10-08,8485395,James Hagens,BOS,UTA,1,0,2026-10-08T23:00:00Z,effectif actuel ; participation non confirmée,6,5,1.6,1.0,0.565508505247919,0.4,0.11761823115925325,0.2,0.036223160969787456,0.0,-3.139202815737979e-17,855.4,6.733691840074819,5,0.4,6,1.5,1.0,0.6096569663469354,0.3333333333333333,0.09676933255921684,0.16666666666666666,0.030052585871730285,0.0,0.0,844.1666666666666,6.396841066140178,6,0.3333333333333333,True,3,1.3333333333333333,1.0,0.4384939195509822,0.3333333333333333,0.061490315276160515,0.0,0.0,0.0,0.0,866.6666666666666,5.538461538461538,3,0.3333333333333333,True,0,,,,,,,,,,,,0,,0.18278609881667732,5.470875556039607,2026-10-08T23:21:15.963886+00:00,retrospective_history_only,experimental
2026020057,2026-10-08,8481522,Peyton Krebs,BUF,DAL,1,0,2026-10-08T23:00:00Z,effectif actuel ; participation non confirmée,38,5,1.0,0.8,0.37552826411853885,0.2,0.036223160969787456,0.0,-3.139202815737979e-17,0.0,-3.139202815737979e-17,930.6,3.8684719535783367,5,0.0,10,1.3,0.9,0.5958436145024278,0.4,0.16817758120350967,0.0,-2.0052288475052677e-17,0.0,-2.0052288475052677e-17,865.0,5.410404624277457,10,0.1,True,10,1.5,1.0,0.7224598312333834,0.3,0.10778928748621182,0.2,0.05668094798069332,0.0,-2.0052288475052677e-17,876.6,6.160164271047228,10,0.3,True,1,2.0,1.0,0.20654329147389294,1.0,0.20654329147389294,0.0,0.0,0.0,0.0,1140.0,6.315789473684211,1,0.0,0.1812121559588267,5.518393590699349,2026-10-08T23:21:15.963886+00:00,retrospective_history_only,experimental
2026020057,2026-10-08,8483500,Noah Ostlund,BUF,DAL,1,0,2026-10-08T23:00:00Z,effectif actuel ; participation non confirmée,28,5,1.6,0.8,0.37552826411853885,0.6,0.23071993220883702,0.2,0.036223160969787456,0.0,-3.139202815737979e-17,1007.4,5.717689100655152,5,0.2,10,1.2,0.6,0.3126695474501863,0.5,0.2365895936154873,0.1,0.01787574951572113,0.0,-2.0052288475052677e-17,968.5,4.460505937016004,10,0.2,True,10,1.1,0.6,0.3126695474501863,0.4,0.16817758120350967,0.1,0.01787574951572113,0.0,-2.0052288475052677e-17,951.9,4.1601008509297195,10,0.1,True,0,,,,,,,,,,,,0,,0.18043155716974632,5.542267747870848,2026-10-08T23:21:15.963886+00:00,retrospective_history_only,experimental
2026020056,2026-10-08,8477496,Elias Lindholm,BOS,UTA,1,0,2026-10-08T23:00:00Z,effectif actuel ; participation non confirmée,34,5,1.8,0.6,0.23071993220883702,0.6,0.23071993220883702,0.2,0.036223160969787456,0.2,0.036223160969787456,973.2,6.658446362515413,5,0.2,10,1.4,0.6,0.3126695474501863,0.5,0.2365895936154873,0.1,0.01787574951572113,0.1,0.01787574951572113,1035.7,4.866274017572656,10,0.1,True,10,1.4,0.7,0.3967732199795652,0.5,0.2365895936154873,0.2,0.05668094798069332,0.0,-2.0052288475052677e-17,1048.7,4.805950224086965,10,0.3,True,0,,,,,,,,,,,,0,,0.1795639661652208,5.569046069520862,2026-10-08T23:21:15.963886+00:00,retrospective_history_only,experimental
2026020059,2026-10-08,8478439,Travis Konecny,PHI,OTT,0,0,2026-10-08T23:00:00Z,effectif actuel ; participation non confirmée,35,5,1.4,1.0,0.565508505247919,0.4,0.11761823115925325,0.0,-3.139202815737979e-17,0.0,-3.139202815737979e-17,1038.8,4.8517520215633425,5,0.0,10,1.3,0.8,0.49015684672072346,0.4,0.16817758120350967,0.1,0.01787574951572113,0.0,-2.0052288475052677e-17,996.1,4.698323461499849,10,0.0,True,10,1.6,0.8,0.49015684672072346,0.5,0.2365895936154873,0.3,0.10778928748621182,0.0,-2.0052288475052677e-17,1083.6,5.3156146179401995,10,0.1,True,0,,,,,,,,,,,,0,,0.17930172104871914,5.577191307206047,2026-10-08T23:21:15.963886+00:00,retrospective_history_only,experimental
2026020058,2026-10-08,8475184,Chris Kreider,MTL,NSH,1,0,2026-10-08T23:00:00Z,effectif actuel ; participation non confirmée,36,5,1.0,1.0,0.565508505247919,0.0,-3.139202815737979e-17,0.0,-3.139202815737979e-17,0.0,-3.139202815737979e-17,912.6,3.9447731755424065,5,0.2,10,1.6,0.9,0.5958436145024278,0.4,0.16817758120350967,0.2,0.05668094798069332,0.1,0.01787574951572113,948.7,6.071466216928428,10,0.1,True,10,1.8,0.8,0.49015684672072346,0.6,0.3126695474501863,0.3,0.10778928748621182,0.1,0.01787574951572113,999.2,6.4851881505204165,10,0.1,True,1,2.0,1.0,0.20654329147389294,1.0,0.20654329147389294,0.0,0.0,0.0,0.0,811.0,8.877928483353884,1,0.0,0.17732111184893318,5.639486407303488,2026-10-08T23:21:15.963886+00:00,retrospective_history_only,experimental
2026020061,2026-10-08,8476921,Jordan Martinook,CAR,VAN,1,0,2026-10-08T23:00:00Z,effectif actuel ; participation non confirmée,35,5,1.8,0.8,0.37552826411853885,0.6,0.23071993220883702,0.4,0.11761823115925325,0.0,-3.139202815737979e-17,930.4,6.964746345657781,5,0.0,10,1.4,0.7,0.3967732199795652,0.5,0.2365895936154873,0.2,0.05668094798069332,0.0,-2.0052288475052677e-17,920.6,5.4746904192917665,10,0.1,True,10,1.8,0.7,0.3967732199795652,0.7,0.3967732199795652,0.2,0.05668094798069332,0.1,0.01787574951572113,881.3,7.352774310677408,10,0.2,True,0,,,,,,,,,,,,0,,0.1767544690986027,5.657565577264973,2026-10-08T23:21:15.963886+00:00,retrospective_history_only,experimental
2026020056,2026-10-08,8483489,Fraser Minten,BOS,UTA,1,0,2026-10-08T23:00:00Z,effectif actuel ; participation non confirmée,37,5,1.6,0.8,0.37552826411853885,0.4,0.11761823115925325,0.4,0.11761823115925325,0.0,-3.139202815737979e-17,953.2,6.0428031892572385,5,0.2,10,1.5,0.8,0.49015684672072346,0.4,0.16817758120350967,0.3,0.10778928748621182,0.0,-2.0052288475052677e-17,960.9,5.6197315017171405,10,0.1,True,10,2.0,0.8,0.49015684672072346,0.5,0.2365895936154873,0.4,0.16817758120350967,0.3,0.10778928748621182,970.9,7.415799773406118,10,0.3,True,0,,,,,,,,,,,,0,,0.17276514394268636,5.788204594855911,2026-10-08T23:21:15.963886+00:00,retrospective_history_only,experimental
2026020058,2026-10-08,8480835,Jack Drury,NSH,MTL,0,0,2026-10-08T23:00:00Z,effectif actuel ; participation non confirmée,39,5,1.0,0.6,0.23071993220883702,0.4,0.11761823115925325,0.0,-3.139202815737979e-17,0.0,-3.139202815737979e-17,840.0,4.285714285714286,5,0.0,10,1.2,0.6,0.3126695474501863,0.4,0.16817758120350967,0.2,0.05668094798069332,0.0,-2.0052288475052677e-17,817.5,5.284403669724771,10,0.0,True,10,1.7,0.7,0.3967732199795652,0.4,0.16817758120350967,0.3,0.10778928748621182,0.2,0.05668094798069332,792.8,7.7194752774974775,10,0.1,True,1,0.0,0.0,0.0,0.0,0.0,0.0,0.0,0.0,0.0,860.0,0.0,1,0.0,0.17254759036574088,5.795502550225986,2026-10-08T23:21:15.963886+00:00,retrospective_history_only,experimental
2026020060,2026-10-08,8481624,Ilya Mikheyev,TBL,MIN,1,0,2026-10-08T23:00:00Z,effectif actuel ; participation non confirmée,37,5,1.2,0.6,0.23071993220883702,0.4,0.11761823115925325,0.2,0.036223160969787456,0.0,-3.139202815737979e-17,901.2,4.793608521970706,5,0.2,10,1.4,0.7,0.3967732199795652,0.5,0.2365895936154873,0.2,0.05668094798069332,0.0,-2.0052288475052677e-17,992.2,5.079621044144326,10,0.3,True,10,1.6,0.8,0.49015684672072346,0.5,0.2365895936154873,0.3,0.10778928748621182,0.0,-2.0052288475052677e-17,998.2,5.770386696052896,10,0.2,True,1,3.0,1.0,0.20654329147389294,1.0,0.20654329147389294,1.0,0.20654329147389294,0.0,0.0,972.0,11.11111111111111,1,0.0,0.171327553370427,5.836772780137132,2026-10-08T23:21:15.963886+00:00,retrospective_history_only,experimental
2026020059,2026-10-08,8478569,Noel Acciari,PHI,OTT,0,0,2026-10-08T23:00:00Z,effectif actuel ; participation non confirmée,37,5,0.4,0.4,0.11761823115925325,0.0,-3.139202815737979e-17,0.0,-3.139202815737979e-17,0.0,-3.139202815737979e-17,906.6,1.588352084712111,5,0.0,10,0.7,0.5,0.2365895936154873,0.1,0.01787574951572113,0.1,0.01787574951572113,0.0,-2.0052288475052677e-17,901.4,2.7956512092300865,10,0.2,True,10,1.1,0.5,0.2365895936154873,0.3,0.10778928748621182,0.1,0.01787574951572113,0.1,0.01787574951572113,877.1,4.514878577129176,10,0.2,True,1,1.0,1.0,0.20654329147389294,0.0,0.0,0.0,0.0,0.0,0.0,937.0,3.84204909284952,1,0.0,0.17032052605714232,5.871282946040815,2026-10-08T23:21:15.963886+00:00,retrospective_history_only,experimental
2026020056,2026-10-08,8475314,Anders Lee,UTA,BOS,0,0,2026-10-08T23:00:00Z,effectif actuel ; participation non confirmée,38,5,2.2,1.0,0.565508505247919,0.6,0.23071993220883702,0.4,0.11761823115925325,0.2,0.036223160969787456,794.6,9.96727913415555,5,0.2,10,2.4,1.0,0.7224598312333834,0.7,0.3967732199795652,0.5,0.2365895936154873,0.2,0.05668094798069332,877.9,9.841667615901583,10,0.2,True,10,2.0,0.9,0.5958436145024278,0.6,0.3126695474501863,0.2,0.05668094798069332,0.2,0.05668094798069332,898.8,8.01068090787717,10,0.2,True,0,,,,,,,,,,,,0,,0.17016220826912132,5.876745548685185,2026-10-08T23:21:15.963886+00:00,retrospective_history_only,experimental
2026020061,2026-10-08,8480078,Filip Chytil,VAN,CAR,0,0,2026-10-08T23:00:00Z,effectif actuel ; participation non confirmée,6,5,1.4,1.0,0.565508505247919,0.4,0.11761823115925325,0.0,-3.139202815737979e-17,0.0,-3.139202815737979e-17,813.2,6.197737333989179,5,0.0,6,1.5,1.0,0.6096569663469354,0.5,0.1876128068994087,0.0,0.0,0.0,0.0,862.5,6.260869565217392,6,0.0,True,1,1.0,1.0,0.20654329147389294,0.0,0.0,0.0,0.0,0.0,0.0,456.0,7.894736842105263,1,0.0,True,0,,,,,,,,,,,,0,,0.1659459942696217,6.026056877126207,2026-10-08T23:21:15.963886+00:00,retrospective_history_only,experimental
2026020058,2026-10-08,8481618,Alex Newhook,MTL,NSH,1,0,2026-10-08T23:00:00Z,effectif actuel ; participation non confirmée,28,5,1.0,0.8,0.37552826411853885,0.2,0.036223160969787456,0.0,-3.139202815737979e-17,0.0,-3.139202815737979e-17,929.4,3.8734667527437057,5,0.2,10,1.4,0.8,0.49015684672072346,0.4,0.16817758120350967,0.1,0.01787574951572113,0.1,0.01787574951572113,935.0,5.390374331550802,10,0.1,True,10,1.3,0.8,0.49015684672072346,0.4,0.16817758120350967,0.1,0.01787574951572113,0.0,-2.0052288475052677e-17,883.2,5.298913043478261,10,0.2,True,0,,,,,,,,,,,,0,,0.16573232355621467,6.033825982418031,2026-10-08T23:21:15.963886+00:00,retrospective_history_only,experimental
2026020060,2026-10-08,8478508,Yakov Trenin,MIN,TBL,0,0,2026-10-08T23:00:00Z,effectif actuel ; participation non confirmée,36,5,1.2,0.4,0.11761823115925325,0.4,0.11761823115925325,0.2,0.036223160969787456,0.2,0.036223160969787456,877.6,4.922515952597995,5,0.0,10,1.2,0.6,0.3126695474501863,0.3,0.10778928748621182,0.2,0.05668094798069332,0.1,0.01787574951572113,846.6,5.102763997165131,10,0.0,True,10,1.2,0.7,0.3967732199795652,0.4,0.16817758120350967,0.1,0.01787574951572113,0.0,-2.0052288475052677e-17,805.9,5.360466559126443,10,0.0,True,1,1.0,1.0,0.20654329147389294,0.0,0.0,0.0,0.0,0.0,0.0,703.0,5.120910384068279,1,0.0,0.16527344795885157,6.0505786764306615,2026-10-08T23:21:15.963886+00:00,retrospective_history_only,experimental
2026020061,2026-10-08,8482055,Drew O'Connor,VAN,CAR,0,0,2026-10-08T23:00:00Z,effectif actuel ; participation non confirmée,38,5,1.6,0.6,0.23071993220883702,0.6,0.23071993220883702,0.4,0.11761823115925325,0.0,-3.139202815737979e-17,919.6,6.2635928664636795,5,0.2,10,1.8,0.8,0.49015684672072346,0.6,0.3126695474501863,0.4,0.16817758120350967,0.0,-2.0052288475052677e-17,966.8,6.702523789822093,10,0.1,True,10,2.3,0.9,0.5958436145024278,0.8,0.49015684672072346,0.6,0.3126695474501863,0.0,-2.0052288475052677e-17,936.0,8.846153846153847,10,0.0,True,0,,,,,,,,,,,,0,,0.16402272625717002,6.096716124764976,2026-10-08T23:21:15.963886+00:00,retrospective_history_only,experimental
2026020061,2026-10-08,8481032,Paul Cotter,VAN,CAR,0,0,2026-10-08T23:00:00Z,effectif actuel ; participation non confirmée,38,5,2.2,1.0,0.565508505247919,0.6,0.23071993220883702,0.4,0.11761823115925325,0.2,0.036223160969787456,881.0,8.989784335981838,5,0.6,10,1.2,0.6,0.3126695474501863,0.3,0.10778928748621182,0.2,0.05668094798069332,0.1,0.01787574951572113,736.0,5.869565217391305,10,0.4,True,10,0.9,0.4,0.16817758120350967,0.2,0.05668094798069332,0.2,0.05668094798069332,0.1,0.01787574951572113,544.0,5.955882352941177,10,0.1,True,1,0.0,0.0,0.0,0.0,0.0,0.0,0.0,0.0,0.0,626.0,0.0,1,0.0,0.1629079889616323,6.138434378657252,2026-10-08T23:21:15.963886+00:00,retrospective_history_only,experimental
2026020059,2026-10-08,8480220,Noah Cates,PHI,OTT,0,0,2026-10-08T23:00:00Z,effectif actuel ; participation non confirmée,39,5,1.0,0.6,0.23071993220883702,0.4,0.11761823115925325,0.0,-3.139202815737979e-17,0.0,-3.139202815737979e-17,812.8,4.429133858267717,5,0.0,10,1.9,0.8,0.49015684672072346,0.7,0.3967732199795652,0.3,0.10778928748621182,0.1,0.01787574951572113,838.5,8.15742397137746,10,0.1,True,10,2.0,0.9,0.5958436145024278,0.7,0.3967732199795652,0.3,0.10778928748621182,0.1,0.01787574951572113,933.0,7.717041800643087,10,0.4,True,0,,,,,,,,,,,,0,,0.16097816281543756,6.212022689975075,2026-10-08T23:21:15.963886+00:00,retrospective_history_only,experimental
2026020061,2026-10-08,8483499,Liam Ohgren,VAN,CAR,0,0,2026-10-08T23:00:00Z,effectif actuel ; participation non confirmée,38,5,1.4,0.8,0.37552826411853885,0.4,0.11761823115925325,0.2,0.036223160969787456,0.0,-3.139202815737979e-17,1039.2,4.849884526558891,5,0.2,10,0.9,0.6,0.3126695474501863,0.2,0.05668094798069332,0.1,0.01787574951572113,0.0,-2.0052288475052677e-17,1034.1,3.133159268929504,10,0.1,True,10,1.3,0.7,0.3967732199795652,0.2,0.05668094798069332,0.2,0.05668094798069332,0.2,0.05668094798069332,1027.1,4.556518352643365,10,0.2,True,0,,,,,,,,,,,,0,,0.16051085686243288,6.230108165562022,2026-10-08T23:21:15.963886+00:00,retrospective_history_only,experimental
2026020061,2026-10-08,8484136,Max Sasson,VAN,CAR,0,0,2026-10-08T23:00:00Z,effectif actuel ; participation non confirmée,25,5,1.4,0.6,0.23071993220883702,0.4,0.11761823115925325,0.2,0.036223160969787456,0.2,0.036223160969787456,855.0,5.894736842105263,5,0.2,10,1.3,0.6,0.3126695474501863,0.4,0.16817758120350967,0.2,0.05668094798069332,0.1,0.01787574951572113,815.1,5.741626794258373,10,0.3,True,9,1.3333333333333333,0.5555555555555556,0.26664734574402965,0.5555555555555556,0.26664734574402965,0.2222222222222222,0.0632237623122272,0.0,0.0,826.5555555555555,5.807232154859524,9,0.3333333333333333,True,0,,,,,,,,,,,,0,,0.1594031351993277,6.273402331450615,2026-10-08T23:21:15.963886+00:00,retrospective_history_only,experimental
2026020057,2026-10-08,8480064,Josh Norris,BUF,DAL,1,0,2026-10-08T23:00:00Z,effectif actuel ; participation non confirmée,28,5,1.2,0.8,0.37552826411853885,0.4,0.11761823115925325,0.0,-3.139202815737979e-17,0.0,-3.139202815737979e-17,949.0,4.552160168598525,5,0.4,10,1.6,0.9,0.5958436145024278,0.5,0.2365895936154873,0.1,0.01787574951572113,0.1,0.01787574951572113,945.5,6.092014806980433,10,0.3,True,10,1.4,0.9,0.5958436145024278,0.5,0.2365895936154873,0.0,-2.0052288475052677e-17,0.0,-2.0052288475052677e-17,988.9,5.096571948629791,10,0.2,True,1,2.0,1.0,0.20654329147389294,1.0,0.20654329147389294,0.0,0.0,0.0,0.0,1015.0,7.093596059113301,1,1.0,0.15938288867400544,6.274199246352944,2026-10-08T23:21:15.963886+00:00,retrospective_history_only,experimental
2026020059,2026-10-08,8476461,Sean Couturier,PHI,OTT,0,0,2026-10-08T23:00:00Z,effectif actuel ; participation non confirmée,36,5,0.8,0.6,0.23071993220883702,0.2,0.036223160969787456,0.0,-3.139202815737979e-17,0.0,-3.139202815737979e-17,922.4,3.1222896790980053,5,0.0,10,1.2,0.7,0.3967732199795652,0.3,0.10778928748621182,0.1,0.01787574951572113,0.1,0.01787574951572113,956.3,4.517410854334414,10,0.1,True,10,1.5,0.8,0.49015684672072346,0.4,0.16817758120350967,0.2,0.05668094798069332,0.1,0.01787574951572113,952.4,5.669886602267955,10,0.2,True,0,,,,,,,,,,,,0,,0.15925083297225012,6.2794020058548305,2026-10-08T23:21:15.963886+00:00,retrospective_history_only,experimental
2026020060,2026-10-08,8483525,Danila Yurov,MIN,TBL,0,0,2026-10-08T23:00:00Z,effectif actuel ; participation non confirmée,34,5,2.0,1.0,0.565508505247919,0.6,0.23071993220883702,0.2,0.036223160969787456,0.2,0.036223160969787456,903.6,7.968127490039841,5,0.6,10,1.1,0.6,0.3126695474501863,0.3,0.10778928748621182,0.1,0.01787574951572113,0.1,0.01787574951572113,840.5,4.711481261154075,10,0.3,True,10,1.3,0.6,0.3126695474501863,0.4,0.16817758120350967,0.2,0.05668094798069332,0.1,0.01787574951572113,826.1,5.665173707783561,10,0.2,True,1,1.0,1.0,0.20654329147389294,0.0,0.0,0.0,0.0,0.0,0.0,687.0,5.240174672489083,1,0.0,0.1565243190954454,6.388783581867684,2026-10-08T23:21:15.963886+00:00,retrospective_history_only,experimental
2026020059,2026-10-08,8480188,Fabian Zetterlund,OTT,PHI,1,0,2026-10-08T23:00:00Z,effectif actuel ; participation non confirmée,38,5,1.4,0.8,0.37552826411853885,0.4,0.11761823115925325,0.2,0.036223160969787456,0.0,-3.139202815737979e-17,880.6,5.723370429252782,5,0.2,10,1.4,0.8,0.49015684672072346,0.5,0.2365895936154873,0.1,0.01787574951572113,0.0,-2.0052288475052677e-17,758.8,6.642066420664206,10,0.3,True,10,1.8,0.9,0.5958436145024278,0.6,0.3126695474501863,0.3,0.10778928748621182,0.0,-2.0052288475052677e-17,682.1,9.500073303034746,10,0.3,True,0,,,,,,,,,,,,0,,0.15599877987024335,6.410306547472871,2026-10-08T23:21:15.963886+00:00,retrospective_history_only,experimental
2026020060,2026-10-08,8480995,Pontus Holmberg,TBL,MIN,1,0,2026-10-08T23:00:00Z,effectif actuel ; participation non confirmée,33,5,1.6,0.6,0.23071993220883702,0.6,0.23071993220883702,0.4,0.11761823115925325,0.0,-3.139202815737979e-17,782.0,7.365728900255754,5,0.2,10,1.8,0.7,0.3967732199795652,0.6,0.3126695474501863,0.4,0.16817758120350967,0.1,0.01787574951572113,772.6,8.38726378462335,10,0.1,True,10,1.5,0.6,0.3126695474501863,0.5,0.2365895936154873,0.3,0.10778928748621182,0.1,0.01787574951572113,788.6,6.847577986304844,10,0.2,True,1,0.0,0.0,0.0,0.0,0.0,0.0,0.0,0.0,0.0,837.0,0.0,1,1.0,0.15582738238936766,6.417357364710706,2026-10-08T23:21:15.963886+00:00,retrospective_history_only,experimental
2026020058,2026-10-08,8484241,Matthew Wood,NSH,MTL,0,0,2026-10-08T23:00:00Z,effectif actuel ; participation non confirmée,36,5,1.0,0.6,0.23071993220883702,0.2,0.036223160969787456,0.2,0.036223160969787456,0.0,-3.139202815737979e-17,891.4,4.038590980480143,5,0.0,10,1.5,0.8,0.49015684672072346,0.5,0.2365895936154873,0.2,0.05668094798069332,0.0,-2.0052288475052677e-17,838.7,6.4385358292595685,10,0.1,True,10,1.6,0.8,0.49015684672072346,0.5,0.2365895936154873,0.3,0.10778928748621182,0.0,-2.0052288475052677e-17,870.6,6.6161268090971745,10,0.1,True,0,,,,,,,,,,,,0,,0.15540747648105974,6.434696853995148,2026-10-08T23:21:15.963886+00:00,retrospective_history_only,experimental
2026020058,2026-10-08,8474600,Roman Josi,NSH,MTL,0,1,2026-10-08T23:00:00Z,effectif actuel ; participation non confirmée,35,5,1.8,0.8,0.37552826411853885,0.6,0.23071993220883702,0.4,0.11761823115925325,0.0,-3.139202815737979e-17,1548.4,4.184965125290622,5,0.2,10,2.5,0.9,0.5958436145024278,0.8,0.49015684672072346,0.5,0.2365895936154873,0.3,0.10778928748621182,1528.3,5.88889615913106,10,0.2,True,10,2.4,0.9,0.5958436145024278,0.7,0.3967732199795652,0.4,0.16817758120350967,0.4,0.16817758120350967,1588.6,5.438751101598892,10,0.1,True,0,,,,,,,,,,,,0,,0.15429214290025214,6.481211429194336,2026-10-08T23:21:15.963886+00:00,retrospective_history_only,experimental
2026020060,2026-10-08,8485702,Maxim Shabanov,MIN,TBL,0,0,2026-10-08T23:00:00Z,effectif actuel ; participation non confirmée,12,5,0.8,0.6,0.23071993220883702,0.2,0.036223160969787456,0.0,-3.139202815737979e-17,0.0,-3.139202815737979e-17,888.0,3.2432432432432434,5,0.4,10,1.3,0.7,0.3967732199795652,0.4,0.16817758120350967,0.1,0.01787574951572113,0.1,0.01787574951572113,770.1,6.077132839890924,10,0.2,True,7,1.2857142857142858,0.7142857142857143,0.35892909014821267,0.5714285714285714,0.2504542304090258,0.0,0.0,0.0,0.0,793.4285714285714,5.83363341735686,7,0.2857142857142857,True,0,,,,,,,,,,,,0,,0.15263333372900834,6.5516488146386305,2026-10-08T23:21:15.963886+00:00,retrospective_history_only,experimental
2026020058,2026-10-08,8477021,Alexander Kerfoot,NSH,MTL,0,0,2026-10-08T23:00:00Z,effectif actuel ; participation non confirmée,28,5,1.2,0.8,0.37552826411853885,0.2,0.036223160969787456,0.2,0.036223160969787456,0.0,-3.139202815737979e-17,971.2,4.448105436573312,5,0.2,10,0.7,0.5,0.2365895936154873,0.1,0.01787574951572113,0.1,0.01787574951572113,0.0,-2.0052288475052677e-17,962.4,2.6184538653366585,10,0.2,True,10,0.6,0.5,0.2365895936154873,0.1,0.01787574951572113,0.0,-2.0052288475052677e-17,0.0,-2.0052288475052677e-17,865.3,2.4962440771986594,10,0.2,True,0,,,,,,,,,,,,0,,0.15247879078564916,6.558289155150599,2026-10-08T23:21:15.963886+00:00,retrospective_history_only,experimental
2026020061,2026-10-08,8481024,Linus Karlsson,VAN,CAR,0,0,2026-10-08T23:00:00Z,effectif actuel ; participation non confirmée,38,5,1.8,1.0,0.565508505247919,0.8,0.37552826411853885,0.0,-3.139202815737979e-17,0.0,-3.139202815737979e-17,904.6,7.163387132434225,5,0.0,10,1.4,0.8,0.49015684672072346,0.6,0.3126695474501863,0.0,-2.0052288475052677e-17,0.0,-2.0052288475052677e-17,872.3,5.777828728648401,10,0.0,True,10,1.4,0.8,0.49015684672072346,0.5,0.2365895936154873,0.1,0.01787574951572113,0.0,-2.0052288475052677e-17,940.6,5.358281947692962,10,0.1,True,0,,,,,,,,,,,,0,,0.15115403289676368,6.615767907978926,2026-10-08T23:21:15.963886+00:00,retrospective_history_only,experimental
2026020058,2026-10-08,8476479,Phillip Danault,MTL,NSH,1,0,2026-10-08T23:00:00Z,effectif actuel ; participation non confirmée,35,5,1.2,0.4,0.11761823115925325,0.4,0.11761823115925325,0.4,0.11761823115925325,0.0,-3.139202815737979e-17,855.8,5.047908389810703,5,0.0,10,1.4,0.6,0.3126695474501863,0.5,0.2365895936154873,0.3,0.10778928748621182,0.0,-2.0052288475052677e-17,831.0,6.064981949458484,10,0.1,True,10,1.0,0.6,0.3126695474501863,0.2,0.05668094798069332,0.2,0.05668094798069332,0.0,-2.0052288475052677e-17,811.5,4.436229205175601,10,0.1,True,0,,,,,,,,,,,,0,,0.1511314812061993,6.616755106341013,2026-10-08T23:21:15.963886+00:00,retrospective_history_only,experimental
2026020057,2026-10-08,8484797,Konsta Helenius,BUF,DAL,1,0,2026-10-08T23:00:00Z,effectif actuel ; participation non confirmée,12,5,1.2,0.6,0.23071993220883702,0.4,0.11761823115925325,0.2,0.036223160969787456,0.0,-3.139202815737979e-17,775.6,5.56988138215575,5,0.2,10,1.6,0.8,0.49015684672072346,0.6,0.3126695474501863,0.2,0.05668094798069332,0.0,-2.0052288475052677e-17,747.0,7.710843373493976,10,0.1,True,5,1.6,0.6,0.23071993220883702,0.6,0.23071993220883702,0.4,0.11761823115925325,0.0,-3.139202815737979e-17,704.6,8.174850979279023,5,0.0,True,0,,,,,,,,,,,,0,,0.1508555235831877,6.628859031791172,2026-10-08T23:21:15.963886+00:00,retrospective_history_only,experimental
2026020061,2026-10-08,8479425,Filip Hronek,VAN,CAR,0,1,2026-10-08T23:00:00Z,effectif actuel ; participation non confirmée,38,5,1.2,1.0,0.565508505247919,0.2,0.036223160969787456,0.0,-3.139202815737979e-17,0.0,-3.139202815737979e-17,1574.2,2.744251048151442,5,0.0,10,2.3,1.0,0.7224598312333834,0.5,0.2365895936154873,0.3,0.10778928748621182,0.2,0.05668094798069332,1600.5,5.173383317713214,10,0.0,True,10,2.5,0.9,0.5958436145024278,0.6,0.3126695474501863,0.4,0.16817758120350967,0.3,0.10778928748621182,1646.1,5.467468562055768,10,0.0,True,0,,,,,,,,,,,,0,,0.15038712766272355,6.649505283741582,2026-10-08T23:21:15.963886+00:00,retrospective_history_only,experimental
2026020056,2026-10-08,8479999,Casey Mittelstadt,BOS,UTA,1,0,2026-10-08T23:00:00Z,effectif actuel ; participation non confirmée,36,5,1.4,0.8,0.37552826411853885,0.4,0.11761823115925325,0.2,0.036223160969787456,0.0,-3.139202815737979e-17,876.4,5.7507987220447285,5,0.0,10,1.1,0.8,0.49015684672072346,0.2,0.05668094798069332,0.1,0.01787574951572113,0.0,-2.0052288475052677e-17,910.4,4.349736379613357,10,0.1,True,10,1.3,0.7,0.3967732199795652,0.4,0.16817758120350967,0.2,0.05668094798069332,0.0,-2.0052288475052677e-17,900.5,5.197112715158245,10,0.0,True,0,,,,,,,,,,,,0,,0.148698386781629,6.725022521384512,2026-10-08T23:21:15.963886+00:00,retrospective_history_only,experimental
2026020059,2026-10-08,8478020,Michael Amadio,OTT,PHI,1,0,2026-10-08T23:00:00Z,effectif actuel ; participation non confirmée,37,5,1.0,0.8,0.37552826411853885,0.2,0.036223160969787456,0.0,-3.139202815737979e-17,0.0,-3.139202815737979e-17,1031.8,3.489048265167668,5,0.8,10,1.0,0.7,0.3967732199795652,0.3,0.10778928748621182,0.0,-2.0052288475052677e-17,0.0,-2.0052288475052677e-17,1037.0,3.471552555448409,10,0.4,True,10,1.0,0.6,0.3126695474501863,0.4,0.16817758120350967,0.0,-2.0052288475052677e-17,0.0,-2.0052288475052677e-17,1035.8,3.4755744352191544,10,0.2,True,0,,,,,,,,,,,,0,,0.14568161696319173,6.864284052068577,2026-10-08T23:21:15.963886+00:00,retrospective_history_only,experimental
2026020060,2026-10-08,8481553,Bobby Brink,MIN,TBL,0,0,2026-10-08T23:00:00Z,effectif actuel ; participation non confirmée,30,5,1.8,1.0,0.565508505247919,0.8,0.37552826411853885,0.0,-3.139202815737979e-17,0.0,-3.139202815737979e-17,859.4,7.5401442867116595,5,0.0,10,1.2,0.7,0.3967732199795652,0.5,0.2365895936154873,0.0,-2.0052288475052677e-17,0.0,-2.0052288475052677e-17,820.8,5.2631578947368425,10,0.0,True,10,1.6,0.9,0.5958436145024278,0.6,0.3126695474501863,0.1,0.01787574951572113,0.0,-2.0052288475052677e-17,854.1,6.743940990516333,10,0.0,True,1,3.0,1.0,0.20654329147389294,1.0,0.20654329147389294,1.0,0.20654329147389294,0.0,0.0,744.0,14.516129032258064,1,0.0,0.1439014125795016,6.949202110490245,2026-10-08T23:21:15.963886+00:00,retrospective_history_only,experimental
2026020060,2026-10-08,8482201,Gage Goncalves,TBL,MIN,1,0,2026-10-08T23:00:00Z,effectif actuel ; participation non confirmée,34,5,0.6,0.4,0.11761823115925325,0.2,0.036223160969787456,0.0,-3.139202815737979e-17,0.0,-3.139202815737979e-17,866.8,2.491924319335487,5,0.0,10,0.7,0.5,0.2365895936154873,0.2,0.05668094798069332,0.0,-2.0052288475052677e-17,0.0,-2.0052288475052677e-17,918.0,2.7450980392156863,10,0.0,True,10,1.1,0.7,0.3967732199795652,0.3,0.10778928748621182,0.1,0.01787574951572113,0.0,-2.0052288475052677e-17,952.0,4.159663865546219,10,0.0,True,1,2.0,1.0,0.20654329147389294,1.0,0.20654329147389294,0.0,0.0,0.0,0.0,931.0,7.733619763694952,1,0.0,0.14354902278583387,6.966261285469963,2026-10-08T23:21:15.963886+00:00,retrospective_history_only,experimental
2026020056,2026-10-08,8479619,Michael Carcone,UTA,BOS,0,0,2026-10-08T23:00:00Z,effectif actuel ; participation non confirmée,36,5,2.6,1.0,0.565508505247919,1.0,0.565508505247919,0.6,0.23071993220883702,0.0,-3.139202815737979e-17,805.0,11.627329192546584,5,0.4,10,1.8,0.9,0.5958436145024278,0.6,0.3126695474501863,0.3,0.10778928748621182,0.0,-2.0052288475052677e-17,816.9,7.932427469702534,10,0.2,True,10,2.1,1.0,0.7224598312333834,0.8,0.49015684672072346,0.3,0.10778928748621182,0.0,-2.0052288475052677e-17,775.6,9.747292418772563,10,0.2,True,0,,,,,,,,,,,,0,,0.1425600625388363,7.0145872707342525,2026-10-08T23:21:15.963886+00:00,retrospective_history_only,experimental
2026020057,2026-10-08,8473994,Jamie Benn,DAL,BUF,0,0,2026-10-08T23:00:00Z,effectif actuel ; participation non confirmée,36,5,1.4,0.6,0.23071993220883702,0.4,0.11761823115925325,0.2,0.036223160969787456,0.2,0.036223160969787456,741.0,6.801619433198381,5,0.2,10,0.8,0.4,0.16817758120350967,0.2,0.05668094798069332,0.1,0.01787574951572113,0.1,0.01787574951572113,751.7,3.831315684448583,10,0.1,True,10,1.3,0.8,0.49015684672072346,0.3,0.10778928748621182,0.1,0.01787574951572113,0.1,0.01787574951572113,854.2,5.478810583001639,10,0.2,True,1,0.0,0.0,0.0,0.0,0.0,0.0,0.0,0.0,0.0,826.0,0.0,1,0.0,0.14056630613890067,7.114080375789697,2026-10-08T23:21:15.963886+00:00,retrospective_history_only,experimental
2026020057,2026-10-08,8480839,Rasmus Dahlin,BUF,DAL,1,1,2026-10-08T23:00:00Z,effectif actuel ; participation non confirmée,37,5,2.6,0.8,0.37552826411853885,0.8,0.37552826411853885,0.8,0.37552826411853885,0.2,0.036223160969787456,1456.4,6.426805822576215,5,0.4,10,2.4,0.9,0.5958436145024278,0.8,0.49015684672072346,0.6,0.3126695474501863,0.1,0.01787574951572113,1423.2,6.070826306913997,10,0.3,True,10,2.7,1.0,0.7224598312333834,0.9,0.5958436145024278,0.7,0.3967732199795652,0.1,0.01787574951572113,1456.5,6.673532440782698,10,0.4,True,0,,,,,,,,,,,,0,,0.14006008775480372,7.139792756310782,2026-10-08T23:21:15.963886+00:00,retrospective_history_only,experimental
2026020060,2026-10-08,8476878,Zemgus Girgensons,TBL,MIN,1,0,2026-10-08T23:00:00Z,effectif actuel ; participation non confirmée,37,5,0.2,0.2,0.036223160969787456,0.0,-3.139202815737979e-17,0.0,-3.139202815737979e-17,0.0,-3.139202815737979e-17,841.2,0.8559201141226819,5,0.0,10,0.3,0.3,0.10778928748621182,0.0,-2.0052288475052677e-17,0.0,-2.0052288475052677e-17,0.0,-2.0052288475052677e-17,836.2,1.2915570437694333,10,0.1,True,10,0.7,0.6,0.3126695474501863,0.1,0.01787574951572113,0.0,-2.0052288475052677e-17,0.0,-2.0052288475052677e-17,907.1,2.7780840039686914,10,0.1,True,1,1.0,1.0,0.20654329147389294,0.0,0.0,0.0,0.0,0.0,0.0,769.0,4.681404421326398,1,0.0,0.13892329290439318,7.198216937516725,2026-10-08T23:21:15.963886+00:00,retrospective_history_only,experimental
2026020056,2026-10-08,8476374,Sean Kuraly,BOS,UTA,1,0,2026-10-08T23:00:00Z,effectif actuel ; participation non confirmée,36,5,2.0,1.0,0.565508505247919,0.8,0.37552826411853885,0.2,0.036223160969787456,0.0,-3.139202815737979e-17,833.2,8.641382621219394,5,0.2,10,1.6,0.8,0.49015684672072346,0.7,0.3967732199795652,0.1,0.01787574951572113,0.0,-2.0052288475052677e-17,757.6,7.602956705385427,10,0.1,True,10,1.0,0.6,0.3126695474501863,0.4,0.16817758120350967,0.0,-2.0052288475052677e-17,0.0,-2.0052288475052677e-17,795.3,4.526593738211996,10,0.0,True,0,,,,,,,,,,,,0,,0.13810353870851674,7.240944072480387,2026-10-08T23:21:15.963886+00:00,retrospective_history_only,experimental
2026020057,2026-10-08,8484829,Justin Hryckowian,DAL,BUF,0,0,2026-10-08T23:00:00Z,effectif actuel ; participation non confirmée,36,5,1.0,0.8,0.37552826411853885,0.2,0.036223160969787456,0.0,-3.139202815737979e-17,0.0,-3.139202815737979e-17,939.6,3.8314176245210727,5,0.2,10,1.1,0.7,0.3967732199795652,0.3,0.10778928748621182,0.1,0.01787574951572113,0.0,-2.0052288475052677e-17,968.6,4.088374974189552,10,0.2,True,10,1.1,0.7,0.3967732199795652,0.2,0.05668094798069332,0.1,0.01787574951572113,0.1,0.01787574951572113,918.5,4.311377245508982,10,0.2,True,1,2.0,1.0,0.20654329147389294,1.0,0.20654329147389294,0.0,0.0,0.0,0.0,1038.0,6.936416184971098,1,1.0,0.13728648023017204,7.284038445179875,2026-10-08T23:21:15.963886+00:00,retrospective_history_only,experimental
2026020059,2026-10-08,8477948,Travis Sanheim,PHI,OTT,0,1,2026-10-08T23:00:00Z,effectif actuel ; participation non confirmée,38,5,2.0,1.0,0.565508505247919,0.6,0.23071993220883702,0.4,0.11761823115925325,0.0,-3.139202815737979e-17,1469.8,4.898625663355559,5,0.2,10,1.9,0.9,0.5958436145024278,0.6,0.3126695474501863,0.4,0.16817758120350967,0.0,-2.0052288475052677e-17,1452.6,4.708798017348204,10,0.3,True,10,1.9,0.9,0.5958436145024278,0.5,0.2365895936154873,0.4,0.16817758120350967,0.1,0.01787574951572113,1496.6,4.570359481491381,10,0.6,True,0,,,,,,,,,,,,0,,0.13647995699265444,7.327083199871037,2026-10-08T23:21:15.963886+00:00,retrospective_history_only,experimental
2026020057,2026-10-08,8480802,Ryan McLeod,BUF,DAL,1,0,2026-10-08T23:00:00Z,effectif actuel ; participation non confirmée,37,5,0.6,0.6,0.23071993220883702,0.0,-3.139202815737979e-17,0.0,-3.139202815737979e-17,0.0,-3.139202815737979e-17,899.8,2.400533451878195,5,0.2,10,0.8,0.6,0.3126695474501863,0.2,0.05668094798069332,0.0,-2.0052288475052677e-17,0.0,-2.0052288475052677e-17,995.2,2.8938906752411575,10,0.2,True,10,0.7,0.5,0.2365895936154873,0.2,0.05668094798069332,0.0,-2.0052288475052677e-17,0.0,-2.0052288475052677e-17,996.3,2.5293586269196027,10,0.0,True,0,,,,,,,,,,,,0,,0.13617308968941175,7.343594848885593,2026-10-08T23:21:15.963886+00:00,retrospective_history_only,experimental
2026020057,2026-10-08,8484938,Arttu Hyry,DAL,BUF,0,0,2026-10-08T23:00:00Z,effectif actuel ; participation non confirmée,23,5,0.8,0.8,0.37552826411853885,0.0,-3.139202815737979e-17,0.0,-3.139202815737979e-17,0.0,-3.139202815737979e-17,791.8,3.637282141955039,5,0.2,10,1.1,0.8,0.49015684672072346,0.1,0.01787574951572113,0.1,0.01787574951572113,0.1,0.01787574951572113,782.5,5.060702875399361,10,0.2,True,8,1.5,0.75,0.40926987910258916,0.5,0.2152125268244419,0.25,0.07147768885802765,0.0,0.0,736.0,7.336956521739131,8,0.25,True,0,,,,,,,,,,,,0,,0.13513933602127293,7.399769966626041,2026-10-08T23:21:15.963886+00:00,retrospective_history_only,experimental
2026020057,2026-10-08,8482896,Tyson Kozak,BUF,DAL,1,0,2026-10-08T23:00:00Z,effectif actuel ; participation non confirmée,19,5,0.6,0.4,0.11761823115925325,0.2,0.036223160969787456,0.0,-3.139202815737979e-17,0.0,-3.139202815737979e-17,685.2,3.1523642732049035,5,0.0,10,0.5,0.4,0.16817758120350967,0.1,0.01787574951572113,0.0,-2.0052288475052677e-17,0.0,-2.0052288475052677e-17,651.0,2.7649769585253456,10,0.0,True,7,0.42857142857142855,0.2857142857142857,0.08221716570901548,0.14285714285714285,0.02567895594897479,0.0,0.0,0.0,0.0,589.8571428571429,2.615645434729959,7,0.0,True,1,0.0,0.0,0.0,0.0,0.0,0.0,0.0,0.0,0.0,814.0,0.0,1,0.0,0.13447648381919683,7.436244401991478,2026-10-08T23:21:15.963886+00:00,retrospective_history_only,experimental
2026020056,2026-10-08,8480849,Barrett Hayton,UTA,BOS,0,0,2026-10-08T23:00:00Z,effectif actuel ; participation non confirmée,27,5,1.4,0.6,0.23071993220883702,0.4,0.11761823115925325,0.2,0.036223160969787456,0.2,0.036223160969787456,645.6,7.806691449814126,5,0.0,10,1.6,0.7,0.3967732199795652,0.6,0.3126695474501863,0.2,0.05668094798069332,0.1,0.01787574951572113,792.8,7.265388496468214,10,0.1,True,10,1.5,0.8,0.49015684672072346,0.6,0.3126695474501863,0.1,0.01787574951572113,0.0,-2.0052288475052677e-17,878.8,6.144742831133364,10,0.2,True,0,,,,,,,,,,,,0,,0.13280296462891042,7.529952383173725,2026-10-08T23:21:15.963886+00:00,retrospective_history_only,experimental
2026020060,2026-10-08,8475220,Marcus Foligno,MIN,TBL,0,0,2026-10-08T23:00:00Z,effectif actuel ; participation non confirmée,20,5,1.2,1.0,0.565508505247919,0.2,0.036223160969787456,0.0,-3.139202815737979e-17,0.0,-3.139202815737979e-17,733.4,5.890373602399782,5,0.0,10,1.1,0.8,0.49015684672072346,0.3,0.10778928748621182,0.0,-2.0052288475052677e-17,0.0,-2.0052288475052677e-17,740.1,5.3506282934738545,10,0.1,True,10,1.1,0.8,0.49015684672072346,0.3,0.10778928748621182,0.0,-2.0052288475052677e-17,0.0,-2.0052288475052677e-17,719.0,5.507649513212796,10,0.1,True,0,,,,,,,,,,,,0,,0.1309221213614854,7.638128603484265,2026-10-08T23:21:15.963886+00:00,retrospective_history_only,experimental
2026020056,2026-10-08,8479977,Kailer Yamamoto,UTA,BOS,0,0,2026-10-08T23:00:00Z,effectif actuel ; participation non confirmée,31,5,2.4,1.0,0.565508505247919,0.8,0.37552826411853885,0.4,0.11761823115925325,0.2,0.036223160969787456,733.8,11.774325429272281,5,0.4,10,1.6,0.7,0.3967732199795652,0.6,0.3126695474501863,0.2,0.05668094798069332,0.1,0.01787574951572113,768.2,7.498047383493882,10,0.3,True,10,1.1,0.6,0.3126695474501863,0.4,0.16817758120350967,0.1,0.01787574951572113,0.0,-2.0052288475052677e-17,715.4,5.535364830863853,10,0.2,True,0,,,,,,,,,,,,0,,0.13077311547145032,7.646831662569931,2026-10-08T23:21:15.963886+00:00,retrospective_history_only,experimental
2026020057,2026-10-08,8480840,Oskar Bäck,DAL,BUF,0,0,2026-10-08T23:00:00Z,effectif actuel ; participation non confirmée,36,5,1.2,0.8,0.37552826411853885,0.4,0.11761823115925325,0.0,-3.139202815737979e-17,0.0,-3.139202815737979e-17,738.4,5.850487540628386,5,0.0,10,0.8,0.6,0.3126695474501863,0.2,0.05668094798069332,0.0,-2.0052288475052677e-17,0.0,-2.0052288475052677e-17,799.7,3.601350506439915,10,0.0,True,10,1.1,0.8,0.49015684672072346,0.3,0.10778928748621182,0.0,-2.0052288475052677e-17,0.0,-2.0052288475052677e-17,751.5,5.269461077844311,10,0.0,True,1,1.0,1.0,0.20654329147389294,0.0,0.0,0.0,0.0,0.0,0.0,816.0,4.411764705882353,1,0.0,0.13058064413426754,7.65810282702975,2026-10-08T23:21:15.963886+00:00,retrospective_history_only,experimental
2026020059,2026-10-08,8478469,Thomas Chabot,OTT,PHI,1,1,2026-10-08T23:00:00Z,effectif actuel ; participation non confirmée,28,5,2.2,1.0,0.565508505247919,0.6,0.23071993220883702,0.2,0.036223160969787456,0.2,0.036223160969787456,1475.6,5.367308213608024,5,0.2,10,1.8,0.9,0.5958436145024278,0.5,0.2365895936154873,0.2,0.05668094798069332,0.1,0.01787574951572113,1496.3,4.330682349796164,10,0.1,True,10,1.8,0.9,0.5958436145024278,0.5,0.2365895936154873,0.3,0.10778928748621182,0.1,0.01787574951572113,1481.3,4.374535880645379,10,0.1,True,0,,,,,,,,,,,,0,,0.13005019882157204,7.68933849437626,2026-10-08T23:21:15.963886+00:00,retrospective_history_only,experimental
2026020058,2026-10-08,8478133,Jake Evans,MTL,NSH,1,0,2026-10-08T23:00:00Z,effectif actuel ; participation non confirmée,36,5,1.4,0.8,0.37552826411853885,0.4,0.11761823115925325,0.2,0.036223160969787456,0.0,-3.139202815737979e-17,864.6,5.829285218598196,5,0.2,10,0.9,0.6,0.3126695474501863,0.2,0.05668094798069332,0.1,0.01787574951572113,0.0,-2.0052288475052677e-17,861.7,3.760009283973541,10,0.1,True,10,1.0,0.4,0.16817758120350967,0.3,0.10778928748621182,0.1,0.01787574951572113,0.1,0.01787574951572113,930.3,3.8697194453402126,10,0.1,True,0,,,,,,,,,,,,0,,0.1288351889017576,7.761854571910033,2026-10-08T23:21:15.963886+00:00,retrospective_history_only,experimental
2026020061,2026-10-08,8483476,Jonathan Lekkerimäki,VAN,CAR,0,0,2026-10-08T23:00:00Z,effectif actuel ; participation non confirmée,9,5,0.8,0.8,0.37552826411853885,0.0,-3.139202815737979e-17,0.0,-3.139202815737979e-17,0.0,-3.139202815737979e-17,712.6,4.04153802975021,5,0.4,9,1.1111111111111112,0.6666666666666666,0.35419734749908977,0.2222222222222222,0.0632237623122272,0.1111111111111111,0.019890371327130518,0.1111111111111111,0.019890371327130518,741.1111111111111,5.397301349325337,9,0.3333333333333333,True,3,0.3333333333333333,0.3333333333333333,0.061490315276160515,0.0,0.0,0.0,0.0,0.0,0.0,752.0,1.5957446808510638,3,0.3333333333333333,True,0,,,,,,,,,,,,0,,0.12863933602644104,7.773671964495029,2026-10-08T23:21:15.963886+00:00,retrospective_history_only,experimental
2026020059,2026-10-08,8483676,Stephen Halliday,OTT,PHI,1,0,2026-10-08T23:00:00Z,effectif actuel ; participation non confirmée,15,5,1.6,0.8,0.37552826411853885,0.8,0.37552826411853885,0.0,-3.139202815737979e-17,0.0,-3.139202815737979e-17,678.4,8.49056603773585,5,0.2,10,1.3,0.8,0.49015684672072346,0.5,0.2365895936154873,0.0,-2.0052288475052677e-17,0.0,-2.0052288475052677e-17,581.8,8.04400137504297,10,0.2,True,5,1.0,0.4,0.11761823115925325,0.4,0.11761823115925325,0.2,0.036223160969787456,0.0,-3.139202815737979e-17,547.6,6.574141709276844,5,0.2,True,0,,,,,,,,,,,,0,,0.127960121944028,7.814934721908264,2026-10-08T23:21:15.963886+00:00,retrospective_history_only,experimental
2026020058,2026-10-08,8481726,Adam Edstrom,NSH,MTL,0,0,2026-10-08T23:00:00Z,effectif actuel ; participation non confirmée,14,5,1.6,0.6,0.23071993220883702,0.4,0.11761823115925325,0.4,0.11761823115925325,0.2,0.036223160969787456,615.6,9.35672514619883,5,0.0,10,1.4,0.7,0.3967732199795652,0.4,0.16817758120350967,0.2,0.05668094798069332,0.1,0.01787574951572113,601.2,8.383233532934131,10,0.1,True,6,1.8333333333333333,1.0,0.6096569663469354,0.6666666666666666,0.2999883213415286,0.16666666666666666,0.030052585871730285,0.0,0.0,649.0,10.169491525423728,6,0.16666666666666666,True,0,,,,,,,,,,,,0,,0.12775806953109603,7.827294226268832,2026-10-08T23:21:15.963886+00:00,retrospective_history_only,experimental
2026020057,2026-10-08,8476889,Radek Faksa,DAL,BUF,0,0,2026-10-08T23:00:00Z,effectif actuel ; participation non confirmée,13,5,1.6,1.0,0.565508505247919,0.4,0.11761823115925325,0.2,0.036223160969787456,0.0,-3.139202815737979e-17,721.0,7.988904299583911,5,0.0,10,1.0,0.7,0.3967732199795652,0.2,0.05668094798069332,0.1,0.01787574951572113,0.0,-2.0052288475052677e-17,713.1,5.0483803113167856,10,0.0,True,7,1.1428571428571428,0.7142857142857143,0.35892909014821267,0.2857142857142857,0.08221716570901548,0.14285714285714285,0.02567895594897479,0.0,0.0,685.7142857142857,6.0,7,0.0,True,1,3.0,1.0,0.20654329147389294,1.0,0.20654329147389294,1.0,0.20654329147389294,0.0,0.0,789.0,13.688212927756654,1,0.0,0.12716544130325777,7.8637717114923555,2026-10-08T23:21:15.963886+00:00,retrospective_history_only,experimental
2026020059,2026-10-08,8484142,Denver Barkey,PHI,OTT,0,0,2026-10-08T23:00:00Z,effectif actuel ; participation non confirmée,31,5,0.8,0.4,0.11761823115925325,0.2,0.036223160969787456,0.2,0.036223160969787456,0.0,-3.139202815737979e-17,817.6,3.522504892367906,5,0.0,10,0.7,0.3,0.10778928748621182,0.2,0.05668094798069332,0.2,0.05668094798069332,0.0,-2.0052288475052677e-17,828.8,3.0405405405405403,10,0.1,True,10,0.8,0.5,0.2365895936154873,0.2,0.05668094798069332,0.1,0.01787574951572113,0.0,-2.0052288475052677e-17,748.4,3.8482095136290755,10,0.2,True,0,,,,,,,,,,,,0,,0.12601007543588108,7.935873354102067,2026-10-08T23:21:15.963886+00:00,retrospective_history_only,experimental
2026020058,2026-10-08,8476981,Josh Anderson,MTL,NSH,1,0,2026-10-08T23:00:00Z,effectif actuel ; participation non confirmée,32,5,1.4,0.6,0.23071993220883702,0.4,0.11761823115925325,0.4,0.11761823115925325,0.0,-3.139202815737979e-17,804.2,6.2670977368813725,5,0.4,10,1.2,0.6,0.3126695474501863,0.3,0.10778928748621182,0.3,0.10778928748621182,0.0,-2.0052288475052677e-17,811.9,5.320852321714497,10,0.2,True,10,1.0,0.7,0.3967732199795652,0.2,0.05668094798069332,0.1,0.01787574951572113,0.0,-2.0052288475052677e-17,783.1,4.597114033967565,10,0.2,True,0,,,,,,,,,,,,0,,0.12595959675505977,7.939053678812529,2026-10-08T23:21:15.963886+00:00,retrospective_history_only,experimental
2026020061,2026-10-08,8475848,Brendan Gallagher,VAN,CAR,0,0,2026-10-08T23:00:00Z,effectif actuel ; participation non confirmée,32,5,1.0,0.8,0.37552826411853885,0.2,0.036223160969787456,0.0,-3.139202815737979e-17,0.0,-3.139202815737979e-17,615.6,5.847953216374269,5,0.2,10,1.1,0.6,0.3126695474501863,0.3,0.10778928748621182,0.1,0.01787574951572113,0.1,0.01787574951572113,606.3,6.531420089064819,10,0.1,True,10,1.5,0.8,0.49015684672072346,0.4,0.16817758120350967,0.2,0.05668094798069332,0.1,0.01787574951572113,625.0,8.64,10,0.1,True,1,0.0,0.0,0.0,0.0,0.0,0.0,0.0,0.0,0.0,687.0,0.0,1,0.0,0.12559387933526894,7.9621714473086005,2026-10-08T23:21:15.963886+00:00,retrospective_history_only,experimental
2026020057,2026-10-08,8482671,Owen Power,BUF,DAL,1,1,2026-10-08T23:00:00Z,effectif actuel ; participation non confirmée,38,5,0.8,0.6,0.23071993220883702,0.2,0.036223160969787456,0.0,-3.139202815737979e-17,0.0,-3.139202815737979e-17,1498.8,1.9215372297838271,5,0.2,10,1.3,0.8,0.49015684672072346,0.5,0.2365895936154873,0.0,-2.0052288475052677e-17,0.0,-2.0052288475052677e-17,1349.8,3.4671803230108162,10,0.1,True,10,1.4,1.0,0.7224598312333834,0.4,0.16817758120350967,0.0,-2.0052288475052677e-17,0.0,-2.0052288475052677e-17,1335.8,3.773019913160653,10,0.2,True,1,1.0,1.0,0.20654329147389294,0.0,0.0,0.0,0.0,0.0,0.0,1337.0,2.6925953627524306,1,0.0,0.12553866047871923,7.965673651341179,2026-10-08T23:21:15.963886+00:00,retrospective_history_only,experimental
2026020058,2026-10-08,8479525,Ross Colton,NSH,MTL,0,0,2026-10-08T23:00:00Z,effectif actuel ; participation non confirmée,30,5,1.2,0.6,0.23071993220883702,0.6,0.23071993220883702,0.0,-3.139202815737979e-17,0.0,-3.139202815737979e-17,800.2,5.3986503374156465,5,0.0,10,1.6,0.7,0.3967732199795652,0.6,0.3126695474501863,0.2,0.05668094798069332,0.1,0.01787574951572113,728.5,7.90665751544269,10,0.0,True,10,1.2,0.7,0.3967732199795652,0.5,0.2365895936154873,0.0,-2.0052288475052677e-17,0.0,-2.0052288475052677e-17,706.4,6.115515288788222,10,0.1,True,1,2.0,1.0,0.20654329147389294,1.0,0.20654329147389294,0.0,0.0,0.0,0.0,757.0,9.511228533685602,1,1.0,0.12503896147249716,7.997507242732132,2026-10-08T23:21:15.963886+00:00,retrospective_history_only,experimental
2026020058,2026-10-08,8483457,Lane Hutson,MTL,NSH,1,1,2026-10-08T23:00:00Z,effectif actuel ; participation non confirmée,36,5,1.0,0.4,0.11761823115925325,0.4,0.11761823115925325,0.2,0.036223160969787456,0.0,-3.139202815737979e-17,1578.6,2.280501710376283,5,0.0,10,0.9,0.5,0.2365895936154873,0.3,0.10778928748621182,0.1,0.01787574951572113,0.0,-2.0052288475052677e-17,1606.5,2.0168067226890756,10,0.1,True,10,1.2,0.7,0.3967732199795652,0.4,0.16817758120350967,0.1,0.01787574951572113,0.0,-2.0052288475052677e-17,1460.7,2.957486136783734,10,0.0,True,0,,,,,,,,,,,,0,,0.12425990776247686,8.047648014607436,2026-10-08T23:21:15.963886+00:00,retrospective_history_only,experimental
2026020059,2026-10-08,8478047,Michael Bunting,PHI,OTT,0,0,2026-10-08T23:00:00Z,effectif actuel ; participation non confirmée,26,5,1.2,0.4,0.11761823115925325,0.2,0.036223160969787456,0.2,0.036223160969787456,0.2,0.036223160969787456,636.8,6.78391959798995,5,0.0,10,1.4,0.7,0.3967732199795652,0.3,0.10778928748621182,0.2,0.05668094798069332,0.1,0.01787574951572113,737.2,6.83667932718394,10,0.1,True,10,1.8,0.7,0.3967732199795652,0.5,0.2365895936154873,0.2,0.05668094798069332,0.2,0.05668094798069332,790.1,8.201493481837742,10,0.1,True,0,,,,,,,,,,,,0,,0.12314810633190398,8.120303509213848,2026-10-08T23:21:15.963886+00:00,retrospective_history_only,experimental
2026020059,2026-10-08,8477998,Warren Foegele,OTT,PHI,1,0,2026-10-08T23:00:00Z,effectif actuel ; participation non confirmée,31,5,0.8,0.4,0.11761823115925325,0.4,0.11761823115925325,0.0,-3.139202815737979e-17,0.0,-3.139202815737979e-17,795.4,3.6208197133517728,5,0.2,10,0.9,0.6,0.3126695474501863,0.3,0.10778928748621182,0.0,-2.0052288475052677e-17,0.0,-2.0052288475052677e-17,729.2,4.443225452550741,10,0.1,True,10,1.1,0.8,0.49015684672072346,0.3,0.10778928748621182,0.0,-2.0052288475052677e-17,0.0,-2.0052288475052677e-17,706.7,5.603509268430734,10,0.4,True,0,,,,,,,,,,,,0,,0.1219771804626304,8.198254757219654,2026-10-08T23:21:15.963886+00:00,retrospective_history_only,experimental
2026020056,2026-10-08,8479325,Charlie McAvoy,BOS,UTA,1,1,2026-10-08T23:00:00Z,effectif actuel ; participation non confirmée,32,5,0.6,0.4,0.11761823115925325,0.2,0.036223160969787456,0.0,-3.139202815737979e-17,0.0,-3.139202815737979e-17,1443.2,1.4966740576496673,5,0.0,10,1.5,0.7,0.3967732199795652,0.4,0.16817758120350967,0.2,0.05668094798069332,0.2,0.05668094798069332,1486.4,3.6329386437029063,10,0.1,True,10,1.8,0.8,0.49015684672072346,0.6,0.3126695474501863,0.3,0.10778928748621182,0.1,0.01787574951572113,1433.7,4.519774011299435,10,0.2,True,0,,,,,,,,,,,,0,,0.12189504407675643,8.203778977021472,2026-10-08T23:21:15.963886+00:00,retrospective_history_only,experimental
2026020056,2026-10-08,8480855,Jack McBain,UTA,BOS,0,0,2026-10-08T23:00:00Z,effectif actuel ; participation non confirmée,30,5,0.6,0.4,0.11761823115925325,0.2,0.036223160969787456,0.0,-3.139202815737979e-17,0.0,-3.139202815737979e-17,737.2,2.930005425935974,5,0.0,10,0.8,0.4,0.16817758120350967,0.3,0.10778928748621182,0.1,0.01787574951572113,0.0,-2.0052288475052677e-17,763.5,3.7721021611001966,10,0.1,True,10,1.6,0.8,0.49015684672072346,0.6,0.3126695474501863,0.2,0.05668094798069332,0.0,-2.0052288475052677e-17,770.5,7.475665152498378,10,0.3,True,0,,,,,,,,,,,,0,,0.11983161285315976,8.345043316953333,2026-10-08T23:21:15.963886+00:00,retrospective_history_only,experimental
2026020060,2026-10-08,8473422,Nick Foligno,MIN,TBL,0,0,2026-10-08T23:00:00Z,effectif actuel ; participation non confirmée,31,5,1.0,0.6,0.23071993220883702,0.4,0.11761823115925325,0.0,-3.139202815737979e-17,0.0,-3.139202815737979e-17,755.2,4.766949152542373,5,0.4,10,0.9,0.5,0.2365895936154873,0.3,0.10778928748621182,0.1,0.01787574951572113,0.0,-2.0052288475052677e-17,736.9,4.396797394490433,10,0.2,True,10,1.4,0.6,0.3126695474501863,0.5,0.2365895936154873,0.2,0.05668094798069332,0.1,0.01787574951572113,696.3,7.238259370960793,10,0.2,True,1,2.0,1.0,0.20654329147389294,1.0,0.20654329147389294,0.0,0.0,0.0,0.0,618.0,11.650485436893204,1,0.0,0.11820052685913847,8.460199176537653,2026-10-08T23:21:15.963886+00:00,retrospective_history_only,experimental
2026020059,2026-10-08,8479336,Carl Grundstrom,PHI,OTT,0,0,2026-10-08T23:00:00Z,effectif actuel ; participation non confirmée,30,5,1.0,1.0,0.565508505247919,0.0,-3.139202815737979e-17,0.0,-3.139202815737979e-17,0.0,-3.139202815737979e-17,691.6,5.205320994794679,5,0.0,10,1.2,0.9,0.5958436145024278,0.1,0.01787574951572113,0.1,0.01787574951572113,0.1,0.01787574951572113,677.9,6.372621330579731,10,0.1,True,10,1.4,0.9,0.5958436145024278,0.2,0.05668094798069332,0.1,0.01787574951572113,0.1,0.01787574951572113,640.3,7.87131032328596,10,0.1,True,0,,,,,,,,,,,,0,,0.1172146006856944,8.53136037788888,2026-10-08T23:21:15.963886+00:00,retrospective_history_only,experimental
2026020058,2026-10-08,8480074,Alexandre Texier,MTL,NSH,1,0,2026-10-08T23:00:00Z,effectif actuel ; participation non confirmée,19,5,0.4,0.4,0.11761823115925325,0.0,-3.139202815737979e-17,0.0,-3.139202815737979e-17,0.0,-3.139202815737979e-17,715.6,2.0122973728339857,5,0.0,10,0.8,0.6,0.3126695474501863,0.2,0.05668094798069332,0.0,-2.0052288475052677e-17,0.0,-2.0052288475052677e-17,745.3,3.8642157520461557,10,0.0,True,10,1.1,0.8,0.49015684672072346,0.3,0.10778928748621182,0.0,-2.0052288475052677e-17,0.0,-2.0052288475052677e-17,765.3,5.174441395531164,10,0.0,True,0,,,,,,,,,,,,0,,0.1165493958627594,8.580053054736823,2026-10-08T23:21:15.963886+00:00,retrospective_history_only,experimental
2026020059,2026-10-08,8477444,Andre Burakovsky,OTT,PHI,1,0,2026-10-08T23:00:00Z,effectif actuel ; participation non confirmée,32,5,0.6,0.6,0.23071993220883702,0.0,-3.139202815737979e-17,0.0,-3.139202815737979e-17,0.0,-3.139202815737979e-17,803.2,2.689243027888446,5,0.0,10,0.6,0.5,0.2365895936154873,0.1,0.01787574951572113,0.0,-2.0052288475052677e-17,0.0,-2.0052288475052677e-17,778.9,2.773141609962768,10,0.0,True,10,1.1,0.7,0.3967732199795652,0.2,0.05668094798069332,0.1,0.01787574951572113,0.1,0.01787574951572113,947.7,4.178537511870845,10,0.1,True,0,,,,,,,,,,,,0,,0.11603533672512553,8.61806436059117,2026-10-08T23:21:15.963886+00:00,retrospective_history_only,experimental
2026020057,2026-10-08,8479359,Beck Malenstyn,BUF,DAL,1,0,2026-10-08T23:00:00Z,effectif actuel ; participation non confirmée,38,5,0.6,0.4,0.11761823115925325,0.2,0.036223160969787456,0.0,-3.139202815737979e-17,0.0,-3.139202815737979e-17,620.2,3.4827475008061914,5,0.0,10,0.5,0.4,0.16817758120350967,0.1,0.01787574951572113,0.0,-2.0052288475052677e-17,0.0,-2.0052288475052677e-17,649.9,2.7696568702877364,10,0.1,True,10,0.6,0.4,0.16817758120350967,0.2,0.05668094798069332,0.0,-2.0052288475052677e-17,0.0,-2.0052288475052677e-17,668.1,3.2330489447687474,10,0.0,True,1,0.0,0.0,0.0,0.0,0.0,0.0,0.0,0.0,0.0,899.0,0.0,1,0.0,0.11569331288961682,8.643541921511934,2026-10-08T23:21:15.963886+00:00,retrospective_history_only,experimental
2026020056,2026-10-08,8478831,Kevin Stenlund,UTA,BOS,0,0,2026-10-08T23:00:00Z,effectif actuel ; participation non confirmée,36,5,0.6,0.4,0.11761823115925325,0.2,0.036223160969787456,0.0,-3.139202815737979e-17,0.0,-3.139202815737979e-17,844.8,2.5568181818181817,5,0.0,10,0.7,0.5,0.2365895936154873,0.2,0.05668094798069332,0.0,-2.0052288475052677e-17,0.0,-2.0052288475052677e-17,824.1,3.0578813250819077,10,0.0,True,10,0.8,0.6,0.3126695474501863,0.2,0.05668094798069332,0.0,-2.0052288475052677e-17,0.0,-2.0052288475052677e-17,885.4,3.252767110910323,10,0.0,True,0,,,,,,,,,,,,0,,0.1156294717895992,8.648314175642108,2026-10-08T23:21:15.963886+00:00,retrospective_history_only,experimental
2026020061,2026-10-08,8480817,K'Andre Miller,CAR,VAN,1,1,2026-10-08T23:00:00Z,effectif actuel ; participation non confirmée,35,5,0.8,0.4,0.11761823115925325,0.2,0.036223160969787456,0.2,0.036223160969787456,0.0,-3.139202815737979e-17,1447.0,1.990324809951624,5,0.0,10,1.4,0.6,0.3126695474501863,0.3,0.10778928748621182,0.2,0.05668094798069332,0.1,0.01787574951572113,1332.5,3.782363977485929,10,0.2,True,10,1.6,0.7,0.3967732199795652,0.4,0.16817758120350967,0.2,0.05668094798069332,0.1,0.01787574951572113,1334.7,4.315576534052596,10,0.2,True,0,,,,,,,,,,,,0,,0.11497756506506697,8.697348908320418,2026-10-08T23:21:15.963886+00:00,retrospective_history_only,experimental
2026020058,2026-10-08,8482775,Oliver Kapanen,MTL,NSH,1,0,2026-10-08T23:00:00Z,effectif actuel ; participation non confirmée,33,5,0.6,0.6,0.23071993220883702,0.0,-3.139202815737979e-17,0.0,-3.139202815737979e-17,0.0,-3.139202815737979e-17,718.0,3.0083565459610027,5,0.0,10,1.0,0.7,0.3967732199795652,0.2,0.05668094798069332,0.1,0.01787574951572113,0.0,-2.0052288475052677e-17,779.0,4.621309370988446,10,0.0,True,10,1.1,0.8,0.49015684672072346,0.3,0.10778928748621182,0.0,-2.0052288475052677e-17,0.0,-2.0052288475052677e-17,801.6,4.940119760479042,10,0.1,True,0,,,,,,,,,,,,0,,0.11446085067053426,8.736611637444616,2026-10-08T23:21:15.963886+00:00,retrospective_history_only,experimental
2026020061,2026-10-08,8480762,Eric Robinson,CAR,VAN,1,0,2026-10-08T23:00:00Z,effectif actuel ; participation non confirmée,28,5,1.2,0.6,0.23071993220883702,0.4,0.11761823115925325,0.2,0.036223160969787456,0.0,-3.139202815737979e-17,703.6,6.139852188743604,5,0.2,10,1.1,0.8,0.49015684672072346,0.2,0.05668094798069332,0.1,0.01787574951572113,0.0,-2.0052288475052677e-17,755.7,5.240174672489083,10,0.1,True,10,0.9,0.5,0.2365895936154873,0.2,0.05668094798069332,0.2,0.05668094798069332,0.0,-2.0052288475052677e-17,618.9,5.23509452253999,10,0.1,True,0,,,,,,,,,,,,0,,0.11432416852855963,8.747056837331709,2026-10-08T23:21:15.963886+00:00,retrospective_history_only,experimental
2026020061,2026-10-08,8476873,Mark Jankowski,CAR,VAN,1,0,2026-10-08T23:00:00Z,effectif actuel ; participation non confirmée,35,5,0.6,0.4,0.11761823115925325,0.2,0.036223160969787456,0.0,-3.139202815737979e-17,0.0,-3.139202815737979e-17,816.0,2.6470588235294117,5,0.4,10,0.8,0.5,0.2365895936154873,0.3,0.10778928748621182,0.0,-2.0052288475052677e-17,0.0,-2.0052288475052677e-17,766.8,3.755868544600939,10,0.3,True,10,0.7,0.5,0.2365895936154873,0.1,0.01787574951572113,0.1,0.01787574951572113,0.0,-2.0052288475052677e-17,642.6,3.9215686274509802,10,0.2,True,0,,,,,,,,,,,,0,,0.11422106925356751,8.754952186448444,2026-10-08T23:21:15.963886+00:00,retrospective_history_only,experimental
2026020061,2026-10-08,8482691,Aatu Räty,VAN,CAR,0,0,2026-10-08T23:00:00Z,effectif actuel ; participation non confirmée,28,5,1.6,0.6,0.23071993220883702,0.6,0.23071993220883702,0.4,0.11761823115925325,0.0,-3.139202815737979e-17,667.8,8.625336927223719,5,0.2,10,1.5,0.7,0.3967732199795652,0.5,0.2365895936154873,0.3,0.10778928748621182,0.0,-2.0052288475052677e-17,705.5,7.6541459957476965,10,0.1,True,10,1.2,0.7,0.3967732199795652,0.3,0.10778928748621182,0.2,0.05668094798069332,0.0,-2.0052288475052677e-17,717.4,6.0217451909673825,10,0.0,True,0,,,,,,,,,,,,0,,0.11407461754551133,8.766192002362304,2026-10-08T23:21:15.963886+00:00,retrospective_history_only,experimental
2026020059,2026-10-08,8481606,Jordan Spence,OTT,PHI,1,1,2026-10-08T23:00:00Z,effectif actuel ; participation non confirmée,38,5,2.2,1.0,0.565508505247919,0.6,0.23071993220883702,0.2,0.036223160969787456,0.2,0.036223160969787456,1437.2,5.510715279710548,5,0.0,10,1.6,0.9,0.5958436145024278,0.4,0.16817758120350967,0.1,0.01787574951572113,0.1,0.01787574951572113,1338.9,4.302038987228322,10,0.1,True,10,1.4,0.7,0.3967732199795652,0.4,0.16817758120350967,0.1,0.01787574951572113,0.1,0.01787574951572113,1352.8,3.725606150206978,10,0.1,True,0,,,,,,,,,,,,0,,0.11366397300868267,8.797862449552165,2026-10-08T23:21:15.963886+00:00,retrospective_history_only,experimental
2026020061,2026-10-08,8480829,Jesperi Kotkaniemi,CAR,VAN,1,0,2026-10-08T23:00:00Z,effectif actuel ; participation non confirmée,15,5,0.8,0.8,0.37552826411853885,0.0,-3.139202815737979e-17,0.0,-3.139202815737979e-17,0.0,-3.139202815737979e-17,730.8,3.9408866995073892,5,0.0,10,0.5,0.5,0.2365895936154873,0.0,-2.0052288475052677e-17,0.0,-2.0052288475052677e-17,0.0,-2.0052288475052677e-17,705.2,2.552467385138968,10,0.0,True,4,1.0,0.75,0.30063605244263664,0.25,0.045586062644636216,0.0,0.0,0.0,0.0,553.25,6.507004066877542,4,0.0,True,0,,,,,,,,,,,,0,,0.11319611868191139,8.834225162879184,2026-10-08T23:21:15.963886+00:00,retrospective_history_only,experimental
2026020061,2026-10-08,8476958,Jaccob Slavin,CAR,VAN,1,1,2026-10-08T23:00:00Z,effectif actuel ; participation non confirmée,34,5,1.6,1.0,0.565508505247919,0.2,0.036223160969787456,0.2,0.036223160969787456,0.2,0.036223160969787456,1368.4,4.209295527623502,5,0.0,10,1.9,0.9,0.5958436145024278,0.4,0.16817758120350967,0.3,0.10778928748621182,0.3,0.10778928748621182,1317.6,5.191256830601093,10,0.1,True,10,1.6,0.8,0.49015684672072346,0.4,0.16817758120350967,0.2,0.05668094798069332,0.2,0.05668094798069332,1264.8,4.554079696394687,10,0.1,True,0,,,,,,,,,,,,0,,0.11257007637310042,8.883355437066742,2026-10-08T23:21:15.963886+00:00,retrospective_history_only,experimental
2026020059,2026-10-08,8482105,Jake Sanderson,OTT,PHI,1,1,2026-10-08T23:00:00Z,effectif actuel ; participation non confirmée,21,5,2.2,0.8,0.37552826411853885,0.8,0.37552826411853885,0.2,0.036223160969787456,0.2,0.036223160969787456,1264.8,6.261859582542694,5,0.4,10,2.5,0.9,0.5958436145024278,0.8,0.49015684672072346,0.5,0.2365895936154873,0.2,0.05668094798069332,1295.0,6.94980694980695,10,0.2,True,9,2.5555555555555554,1.0,0.7008472464490406,0.8888888888888888,0.5649937852319398,0.4444444444444444,0.188775429471914,0.1111111111111111,0.019890371327130518,1466.5555555555557,6.273202515342072,9,0.1111111111111111,True,0,,,,,,,,,,,,0,,0.11239496661594695,8.89719557831264,2026-10-08T23:21:15.963886+00:00,retrospective_history_only,experimental
2026020060,2026-10-08,8482122,Brock Faber,MIN,TBL,0,1,2026-10-08T23:00:00Z,effectif actuel ; participation non confirmée,31,5,1.0,1.0,0.565508505247919,0.0,-3.139202815737979e-17,0.0,-3.139202815737979e-17,0.0,-3.139202815737979e-17,1466.2,2.4553266948574546,5,0.0,10,2.2,1.0,0.7224598312333834,0.4,0.16817758120350967,0.4,0.16817758120350967,0.2,0.05668094798069332,1475.4,5.368035786905246,10,0.1,True,10,1.9,0.9,0.5958436145024278,0.3,0.10778928748621182,0.3,0.10778928748621182,0.2,0.05668094798069332,1451.0,4.713990351481737,10,0.1,True,1,3.0,1.0,0.20654329147389294,1.0,0.20654329147389294,1.0,0.20654329147389294,0.0,0.0,1479.0,7.302231237322515,1,1.0,0.11211280541322935,8.919587698427174,2026-10-08T23:21:15.963886+00:00,retrospective_history_only,experimental
2026020056,2026-10-08,8477070,Liam O'Brien,UTA,BOS,0,0,2026-10-08T23:00:00Z,effectif actuel ; participation non confirmée,12,5,1.6,1.0,0.565508505247919,0.6,0.23071993220883702,0.0,-3.139202815737979e-17,0.0,-3.139202815737979e-17,585.4,9.83942603348138,5,0.0,10,1.0,0.7,0.3967732199795652,0.3,0.10778928748621182,0.0,-2.0052288475052677e-17,0.0,-2.0052288475052677e-17,567.5,6.343612334801762,10,0.1,True,5,1.0,0.6,0.23071993220883702,0.4,0.11761823115925325,0.0,-3.139202815737979e-17,0.0,-3.139202815737979e-17,621.8,5.7896429720167255,5,0.2,True,0,,,,,,,,,,,,0,,0.11198296980447396,8.929929271799397,2026-10-08T23:21:15.963886+00:00,retrospective_history_only,experimental
2026020060,2026-10-08,8483447,Conor Geekie,TBL,MIN,1,0,2026-10-08T23:00:00Z,effectif actuel ; participation non confirmée,11,5,1.2,0.8,0.37552826411853885,0.4,0.11761823115925325,0.0,-3.139202815737979e-17,0.0,-3.139202815737979e-17,625.0,6.912,5,0.4,10,0.8,0.6,0.3126695474501863,0.2,0.05668094798069332,0.0,-2.0052288475052677e-17,0.0,-2.0052288475052677e-17,607.0,4.744645799011532,10,0.2,True,4,1.5,1.0,0.5100999795960008,0.5,0.15003570882017145,0.0,0.0,0.0,0.0,589.25,9.164191769198133,4,0.5,True,0,,,,,,,,,,,,0,,0.10876063021355249,9.19450354449483,2026-10-08T23:21:15.963886+00:00,retrospective_history_only,experimental
2026020058,2026-10-08,8481535,Nils Hoglander,NSH,MTL,0,0,2026-10-08T23:00:00Z,effectif actuel ; participation non confirmée,28,5,1.2,0.6,0.23071993220883702,0.6,0.23071993220883702,0.0,-3.139202815737979e-17,0.0,-3.139202815737979e-17,725.2,5.956977385548814,5,0.4,10,1.1,0.7,0.3967732199795652,0.4,0.16817758120350967,0.0,-2.0052288475052677e-17,0.0,-2.0052288475052677e-17,721.2,5.490848585690515,10,0.2,True,10,1.0,0.8,0.49015684672072346,0.2,0.05668094798069332,0.0,-2.0052288475052677e-17,0.0,-2.0052288475052677e-17,668.8,5.382775119617225,10,0.2,True,0,,,,,,,,,,,,0,,0.10875198077658739,9.195234816498022,2026-10-08T23:21:15.963886+00:00,retrospective_history_only,experimental
2026020056,2026-10-08,8479410,Mikhail Sergachev,UTA,BOS,0,1,2026-10-08T23:00:00Z,effectif actuel ; participation non confirmée,33,5,2.6,1.0,0.565508505247919,0.8,0.37552826411853885,0.6,0.23071993220883702,0.2,0.036223160969787456,1251.6,7.478427612655801,5,0.2,10,2.5,0.9,0.5958436145024278,0.7,0.3967732199795652,0.5,0.2365895936154873,0.2,0.05668094798069332,1371.3,6.56311529205863,10,0.1,True,10,2.3,0.9,0.5958436145024278,0.6,0.3126695474501863,0.5,0.2365895936154873,0.3,0.10778928748621182,1312.4,6.309052118256629,10,0.2,True,0,,,,,,,,,,,,0,,0.10854268172132285,9.212965666054235,2026-10-08T23:21:15.963886+00:00,retrospective_history_only,experimental
2026020060,2026-10-08,8474590,John Carlson,TBL,MIN,1,1,2026-10-08T23:00:00Z,effectif actuel ; participation non confirmée,29,5,1.2,0.6,0.23071993220883702,0.2,0.036223160969787456,0.2,0.036223160969787456,0.2,0.036223160969787456,1250.8,3.45378957467221,5,0.0,10,2.0,0.7,0.3967732199795652,0.5,0.2365895936154873,0.4,0.16817758120350967,0.2,0.05668094798069332,1331.4,5.40784136998648,10,0.1,True,10,2.4,0.8,0.49015684672072346,0.7,0.3967732199795652,0.5,0.2365895936154873,0.2,0.05668094798069332,1384.0,6.242774566473988,10,0.2,True,0,,,,,,,,,,,,0,,0.10840184389217178,9.22493533407705,2026-10-08T23:21:15.963886+00:00,retrospective_history_only,experimental
2026020056,2026-10-08,8480355,Mark Kastelic,BOS,UTA,1,0,2026-10-08T23:00:00Z,effectif actuel ; participation non confirmée,37,5,1.4,0.8,0.37552826411853885,0.2,0.036223160969787456,0.2,0.036223160969787456,0.2,0.036223160969787456,689.8,7.306465642215135,5,0.4,10,1.2,0.7,0.3967732199795652,0.3,0.10778928748621182,0.1,0.01787574951572113,0.1,0.01787574951572113,673.8,6.41139804096171,10,0.3,True,10,1.4,0.8,0.49015684672072346,0.4,0.16817758120350967,0.1,0.01787574951572113,0.1,0.01787574951572113,703.3,7.166216408360586,10,0.2,True,0,,,,,,,,,,,,0,,0.10820152858550894,9.242013611755265,2026-10-08T23:21:15.963886+00:00,retrospective_history_only,experimental
2026020058,2026-10-08,8482737,Zachary Bolduc,MTL,NSH,1,0,2026-10-08T23:00:00Z,effectif actuel ; participation non confirmée,32,5,1.4,0.8,0.37552826411853885,0.4,0.11761823115925325,0.2,0.036223160969787456,0.0,-3.139202815737979e-17,766.8,6.572769953051643,5,0.6,10,0.8,0.5,0.2365895936154873,0.2,0.05668094798069332,0.1,0.01787574951572113,0.0,-2.0052288475052677e-17,790.4,3.6437246963562755,10,0.3,True,10,1.6,0.6,0.3126695474501863,0.4,0.16817758120350967,0.3,0.10778928748621182,0.1,0.01787574951572113,851.3,6.766122401033713,10,0.2,True,0,,,,,,,,,,,,0,,0.10774690544565788,9.281009007765423,2026-10-08T23:21:15.963886+00:00,retrospective_history_only,experimental
2026020061,2026-10-08,8480336,Sean Walker,CAR,VAN,1,1,2026-10-08T23:00:00Z,effectif actuel ; participation non confirmée,36,5,1.8,1.0,0.565508505247919,0.4,0.11761823115925325,0.2,0.036223160969787456,0.2,0.036223160969787456,1283.6,5.048301651604861,5,0.0,10,1.9,0.9,0.5958436145024278,0.6,0.3126695474501863,0.3,0.10778928748621182,0.1,0.01787574951572113,1274.6,5.366389455515455,10,0.2,True,10,2.5,0.9,0.5958436145024278,0.7,0.3967732199795652,0.3,0.10778928748621182,0.2,0.05668094798069332,1221.4,7.368593417389881,10,0.1,True,0,,,,,,,,,,,,0,,0.10714518849229834,9.333130251312037,2026-10-08T23:21:15.963886+00:00,retrospective_history_only,experimental
2026020056,2026-10-08,8482177,Marat Khusnutdinov,BOS,UTA,1,0,2026-10-08T23:00:00Z,effectif actuel ; participation non confirmée,37,5,0.2,0.2,0.036223160969787456,0.0,-3.139202815737979e-17,0.0,-3.139202815737979e-17,0.0,-3.139202815737979e-17,827.0,0.8706166868198307,5,0.0,10,0.2,0.2,0.05668094798069332,0.0,-2.0052288475052677e-17,0.0,-2.0052288475052677e-17,0.0,-2.0052288475052677e-17,872.7,0.8250257820556892,10,0.0,True,10,0.3,0.2,0.05668094798069332,0.1,0.01787574951572113,0.0,-2.0052288475052677e-17,0.0,-2.0052288475052677e-17,814.1,1.3266183515538632,10,0.1,True,0,,,,,,,,,,,,0,,0.10674085941466682,9.368483685476061,2026-10-08T23:21:15.963886+00:00,retrospective_history_only,experimental
2026020058,2026-10-08,8476875,Mike Matheson,MTL,NSH,1,1,2026-10-08T23:00:00Z,effectif actuel ; participation non confirmée,35,5,1.8,1.0,0.565508505247919,0.6,0.23071993220883702,0.2,0.036223160969787456,0.0,-3.139202815737979e-17,1400.6,4.626588604883621,5,0.0,10,1.5,0.7,0.3967732199795652,0.5,0.2365895936154873,0.2,0.05668094798069332,0.1,0.01787574951572113,1401.1,3.8541146242238242,10,0.0,True,10,1.8,0.8,0.49015684672072346,0.6,0.3126695474501863,0.3,0.10778928748621182,0.1,0.01787574951572113,1305.3,4.964376005515973,10,0.0,True,0,,,,,,,,,,,,0,,0.1062633739741064,9.410580170771482,2026-10-08T23:21:15.963886+00:00,retrospective_history_only,experimental
2026020061,2026-10-08,8477478,William Carrier,CAR,VAN,1,0,2026-10-08T23:00:00Z,effectif actuel ; participation non confirmée,36,5,1.0,0.8,0.37552826411853885,0.2,0.036223160969787456,0.0,-3.139202815737979e-17,0.0,-3.139202815737979e-17,647.0,5.564142194744977,5,0.0,10,1.1,0.7,0.3967732199795652,0.3,0.10778928748621182,0.1,0.01787574951572113,0.0,-2.0052288475052677e-17,634.6,6.240151276394579,10,0.1,True,10,0.9,0.5,0.2365895936154873,0.2,0.05668094798069332,0.2,0.05668094798069332,0.0,-2.0052288475052677e-17,538.4,6.017830609212481,10,0.1,True,0,,,,,,,,,,,,0,,0.10566147314807325,9.464187562467608,2026-10-08T23:21:15.963886+00:00,retrospective_history_only,experimental
2026020056,2026-10-08,8484388,Daniil But,UTA,BOS,0,0,2026-10-08T23:00:00Z,effectif actuel ; participation non confirmée,11,5,0.2,0.2,0.036223160969787456,0.0,-3.139202815737979e-17,0.0,-3.139202815737979e-17,0.0,-3.139202815737979e-17,645.8,1.1148962527098172,5,0.2,10,0.9,0.5,0.2365895936154873,0.3,0.10778928748621182,0.1,0.01787574951572113,0.0,-2.0052288475052677e-17,683.3,4.741694716815455,10,0.1,True,7,1.0,0.42857142857142855,0.1582169222626268,0.42857142857142855,0.1582169222626268,0.14285714285714285,0.02567895594897479,0.0,0.0,700.0,5.142857142857143,7,0.0,True,0,,,,,,,,,,,,0,,0.10451274927461396,9.56821064358795,2026-10-08T23:21:15.963886+00:00,retrospective_history_only,experimental
2026020058,2026-10-08,8481523,Kirby Dach,MTL,NSH,1,0,2026-10-08T23:00:00Z,effectif actuel ; participation non confirmée,25,5,0.4,0.4,0.11761823115925325,0.0,-3.139202815737979e-17,0.0,-3.139202815737979e-17,0.0,-3.139202815737979e-17,666.4,2.1608643457382954,5,0.0,10,0.7,0.4,0.16817758120350967,0.1,0.01787574951572113,0.1,0.01787574951572113,0.1,0.01787574951572113,674.7,3.734993330369053,10,0.0,True,10,1.0,0.6,0.3126695474501863,0.2,0.05668094798069332,0.1,0.01787574951572113,0.1,0.01787574951572113,735.8,4.892633867898885,10,0.2,True,0,,,,,,,,,,,,0,,0.10428839661508367,9.588794462828723,2026-10-08T23:21:15.963886+00:00,retrospective_history_only,experimental
2026020057,2026-10-08,8475842,Sam Carrick,BUF,DAL,1,0,2026-10-08T23:00:00Z,effectif actuel ; participation non confirmée,26,5,0.8,0.6,0.23071993220883702,0.2,0.036223160969787456,0.0,-3.139202815737979e-17,0.0,-3.139202815737979e-17,473.2,6.086221470836856,5,0.0,10,1.3,0.6,0.3126695474501863,0.4,0.16817758120350967,0.3,0.10778928748621182,0.0,-2.0052288475052677e-17,629.7,7.432110528823249,10,0.2,True,10,1.1,0.7,0.3967732199795652,0.3,0.10778928748621182,0.1,0.01787574951572113,0.0,-2.0052288475052677e-17,552.5,7.167420814479638,10,0.2,True,0,,,,,,,,,,,,0,,0.10419657634473882,9.597244315316631,2026-10-08T23:21:15.963886+00:00,retrospective_history_only,experimental
2026020060,2026-10-08,8477149,Scott Sabourin,TBL,MIN,1,0,2026-10-08T23:00:00Z,effectif actuel ; participation non confirmée,17,5,0.2,0.2,0.036223160969787456,0.0,-3.139202815737979e-17,0.0,-3.139202815737979e-17,0.0,-3.139202815737979e-17,539.8,1.333827343460541,5,0.0,10,0.3,0.3,0.10778928748621182,0.0,-2.0052288475052677e-17,0.0,-2.0052288475052677e-17,0.0,-2.0052288475052677e-17,479.8,2.2509378907878284,10,0.0,True,10,0.5,0.5,0.2365895936154873,0.0,-2.0052288475052677e-17,0.0,-2.0052288475052677e-17,0.0,-2.0052288475052677e-17,489.0,3.6809815950920246,10,0.0,True,1,0.0,0.0,0.0,0.0,0.0,0.0,0.0,0.0,0.0,551.0,0.0,1,0.0,0.10414422581441268,9.602068594585571,2026-10-08T23:21:15.963886+00:00,retrospective_history_only,experimental
2026020060,2026-10-08,8481477,Nico Sturm,MIN,TBL,0,0,2026-10-08T23:00:00Z,effectif actuel ; participation non confirmée,22,5,0.8,0.6,0.23071993220883702,0.2,0.036223160969787456,0.0,-3.139202815737979e-17,0.0,-3.139202815737979e-17,710.2,4.05519571951563,5,0.2,10,0.7,0.6,0.3126695474501863,0.1,0.01787574951572113,0.0,-2.0052288475052677e-17,0.0,-2.0052288475052677e-17,635.1,3.9678790741615493,10,0.2,True,10,0.5,0.4,0.16817758120350967,0.1,0.01787574951572113,0.0,-2.0052288475052677e-17,0.0,-2.0052288475052677e-17,631.5,2.8503562945368173,10,0.1,True,0,,,,,,,,,,,,0,,0.10375082207977006,9.638477844841924,2026-10-08T23:21:15.963886+00:00,retrospective_history_only,experimental
2026020060,2026-10-08,8479705,Jeffrey Viel,TBL,MIN,1,0,2026-10-08T23:00:00Z,effectif actuel ; participation non confirmée,37,5,0.8,0.8,0.37552826411853885,0.0,-3.139202815737979e-17,0.0,-3.139202815737979e-17,0.0,-3.139202815737979e-17,581.2,4.955264969029594,5,0.0,10,1.3,0.8,0.49015684672072346,0.4,0.16817758120350967,0.1,0.01787574951572113,0.0,-2.0052288475052677e-17,613.5,7.628361858190709,10,0.1,True,10,1.7,0.8,0.49015684672072346,0.6,0.3126695474501863,0.2,0.05668094798069332,0.1,0.01787574951572113,647.3,9.454657809361965,10,0.1,True,0,,,,,,,,,,,,0,,0.10315263170772289,9.69437214974256,2026-10-08T23:21:15.963886+00:00,retrospective_history_only,experimental
2026020057,2026-10-08,8481641,Joel Kiviranta,DAL,BUF,0,0,2026-10-08T23:00:00Z,effectif actuel ; participation non confirmée,32,5,2.0,0.8,0.37552826411853885,0.4,0.11761823115925325,0.2,0.036223160969787456,0.2,0.036223160969787456,633.2,11.37081490840177,5,0.2,10,1.3,0.7,0.3967732199795652,0.2,0.05668094798069332,0.1,0.01787574951572113,0.1,0.01787574951572113,611.2,7.657068062827225,10,0.1,True,10,0.9,0.6,0.3126695474501863,0.1,0.01787574951572113,0.1,0.01787574951572113,0.1,0.01787574951572113,657.6,4.927007299270073,10,0.1,True,0,,,,,,,,,,,,0,,0.10147539274257263,9.85460586032759,2026-10-08T23:21:15.963886+00:00,retrospective_history_only,experimental
2026020057,2026-10-08,8476278,Colin Blackwell,DAL,BUF,0,0,2026-10-08T23:00:00Z,effectif actuel ; participation non confirmée,29,5,0.4,0.2,0.036223160969787456,0.2,0.036223160969787456,0.0,-3.139202815737979e-17,0.0,-3.139202815737979e-17,685.4,2.1009629413481177,5,0.2,10,0.7,0.3,0.10778928748621182,0.3,0.10778928748621182,0.1,0.01787574951572113,0.0,-2.0052288475052677e-17,732.6,3.43980343980344,10,0.1,True,10,1.4,0.5,0.2365895936154873,0.5,0.2365895936154873,0.3,0.10778928748621182,0.1,0.01787574951572113,767.9,6.563354603463993,10,0.1,True,0,,,,,,,,,,,,0,,0.09722279078272206,10.285654134685824,2026-10-08T23:21:15.963886+00:00,retrospective_history_only,experimental
2026020059,2026-10-08,8476393,Nick Cousins,OTT,PHI,1,0,2026-10-08T23:00:00Z,effectif actuel ; participation non confirmée,38,5,1.0,0.6,0.23071993220883702,0.2,0.036223160969787456,0.2,0.036223160969787456,0.0,-3.139202815737979e-17,625.4,5.756315957787017,5,0.0,10,0.9,0.5,0.2365895936154873,0.2,0.05668094798069332,0.2,0.05668094798069332,0.0,-2.0052288475052677e-17,702.2,4.614070065508402,10,0.0,True,10,1.3,0.7,0.3967732199795652,0.4,0.16817758120350967,0.2,0.05668094798069332,0.0,-2.0052288475052677e-17,782.9,5.977774939328139,10,0.1,True,0,,,,,,,,,,,,0,,0.09711239885010328,10.297346289875286,2026-10-08T23:21:15.963886+00:00,retrospective_history_only,experimental
2026020057,2026-10-08,8481581,Thomas Harley,DAL,BUF,0,1,2026-10-08T23:00:00Z,effectif actuel ; participation non confirmée,36,5,1.8,0.8,0.37552826411853885,0.6,0.23071993220883702,0.2,0.036223160969787456,0.2,0.036223160969787456,1387.2,4.671280276816609,5,0.0,10,1.7,0.9,0.5958436145024278,0.5,0.2365895936154873,0.2,0.05668094798069332,0.1,0.01787574951572113,1379.0,4.437998549673677,10,0.0,True,10,1.2,0.6,0.3126695474501863,0.4,0.16817758120350967,0.1,0.01787574951572113,0.1,0.01787574951572113,1410.6,3.0625265844321565,10,0.0,True,1,4.0,1.0,0.20654329147389294,1.0,0.20654329147389294,1.0,0.20654329147389294,1.0,0.20654329147389294,1365.0,10.54945054945055,1,0.0,0.09358318564990924,10.685680264625292,2026-10-08T23:21:15.963886+00:00,retrospective_history_only,experimental
2026020059,2026-10-08,8483733,Nikita Grebenkin,PHI,OTT,0,0,2026-10-08T23:00:00Z,effectif actuel ; participation non confirmée,20,5,0.4,0.2,0.036223160969787456,0.2,0.036223160969787456,0.0,-3.139202815737979e-17,0.0,-3.139202815737979e-17,638.2,2.256345973049201,5,0.0,10,0.3,0.2,0.05668094798069332,0.1,0.01787574951572113,0.0,-2.0052288475052677e-17,0.0,-2.0052288475052677e-17,667.6,1.6177351707609346,10,0.0,True,10,0.6,0.2,0.05668094798069332,0.1,0.01787574951572113,0.1,0.01787574951572113,0.1,0.01787574951572113,635.0,3.4015748031496065,10,0.1,True,0,,,,,,,,,,,,0,,0.09025972518686695,11.079138540801837,2026-10-08T23:21:15.963886+00:00,retrospective_history_only,experimental
2026020056,2026-10-08,8479661,Tanner Jeannot,BOS,UTA,1,0,2026-10-08T23:00:00Z,effectif actuel ; participation non confirmée,36,5,0.8,0.6,0.23071993220883702,0.2,0.036223160969787456,0.0,-3.139202815737979e-17,0.0,-3.139202815737979e-17,690.2,4.172703564184294,5,0.2,10,0.5,0.4,0.16817758120350967,0.1,0.01787574951572113,0.0,-2.0052288475052677e-17,0.0,-2.0052288475052677e-17,677.2,2.658003544004725,10,0.1,True,10,0.8,0.5,0.2365895936154873,0.3,0.10778928748621182,0.0,-2.0052288475052677e-17,0.0,-2.0052288475052677e-17,703.5,4.093816631130064,10,0.0,True,0,,,,,,,,,,,,0,,0.08830515710219382,11.324366920526733,2026-10-08T23:21:15.963886+00:00,retrospective_history_only,experimental
2026020061,2026-10-08,8484798,Zeev Buium,VAN,CAR,0,1,2026-10-08T23:00:00Z,effectif actuel ; participation non confirmée,33,5,1.0,0.6,0.23071993220883702,0.2,0.036223160969787456,0.2,0.036223160969787456,0.0,-3.139202815737979e-17,1299.6,2.770083102493075,5,0.0,10,1.2,0.6,0.3126695474501863,0.4,0.16817758120350967,0.2,0.05668094798069332,0.0,-2.0052288475052677e-17,1313.7,3.2884220141584835,10,0.1,True,10,0.9,0.6,0.3126695474501863,0.2,0.05668094798069332,0.1,0.01787574951572113,0.0,-2.0052288475052677e-17,1251.0,2.5899280575539567,10,0.0,True,0,,,,,,,,,,,,0,,0.08465109997319048,11.813195579463304,2026-10-08T23:21:15.963886+00:00,retrospective_history_only,experimental
2026020060,2026-10-08,8480426,Charle-Edouard D'Astous,TBL,MIN,1,1,2026-10-08T23:00:00Z,effectif actuel ; participation non confirmée,33,5,1.6,0.8,0.37552826411853885,0.4,0.11761823115925325,0.4,0.11761823115925325,0.0,-3.139202815737979e-17,974.0,5.9137577002053385,5,0.2,10,1.7,0.8,0.49015684672072346,0.5,0.2365895936154873,0.4,0.16817758120350967,0.0,-2.0052288475052677e-17,1010.2,6.058206295783013,10,0.2,True,10,1.5,0.8,0.49015684672072346,0.4,0.16817758120350967,0.3,0.10778928748621182,0.0,-2.0052288475052677e-17,1046.1,5.162030398623458,10,0.3,True,1,0.0,0.0,0.0,0.0,0.0,0.0,0.0,0.0,0.0,1227.0,0.0,1,0.0,0.08424997572199576,11.869439622151994,2026-10-08T23:21:15.963886+00:00,retrospective_history_only,experimental
2026020060,2026-10-08,8476463,Jonas Brodin,MIN,TBL,0,1,2026-10-08T23:00:00Z,effectif actuel ; participation non confirmée,23,5,0.8,0.6,0.23071993220883702,0.2,0.036223160969787456,0.0,-3.139202815737979e-17,0.0,-3.139202815737979e-17,1180.6,2.439437574114857,5,0.0,10,1.2,0.7,0.3967732199795652,0.5,0.2365895936154873,0.0,-2.0052288475052677e-17,0.0,-2.0052288475052677e-17,1114.4,3.8765254845656854,10,0.1,True,10,1.5,0.8,0.49015684672072346,0.5,0.2365895936154873,0.1,0.01787574951572113,0.1,0.01787574951572113,1100.8,4.905523255813954,10,0.1,True,1,2.0,1.0,0.20654329147389294,1.0,0.20654329147389294,0.0,0.0,0.0,0.0,1093.0,6.587374199451052,1,0.0,0.08406038591766951,11.896209957677577,2026-10-08T23:21:15.963886+00:00,retrospective_history_only,experimental
2026020058,2026-10-08,8480865,Noah Dobson,MTL,NSH,1,1,2026-10-08T23:00:00Z,effectif actuel ; participation non confirmée,34,5,1.2,0.8,0.37552826411853885,0.4,0.11761823115925325,0.0,-3.139202815737979e-17,0.0,-3.139202815737979e-17,1261.8,3.4236804564907275,5,0.0,10,1.1,0.7,0.3967732199795652,0.3,0.10778928748621182,0.1,0.01787574951572113,0.0,-2.0052288475052677e-17,1327.6,2.982826152455559,10,0.0,True,10,1.8,0.9,0.5958436145024278,0.6,0.3126695474501863,0.3,0.10778928748621182,0.0,-2.0052288475052677e-17,1342.5,4.826815642458101,10,0.0,True,0,,,,,,,,,,,,0,,0.08160530053124955,12.254105964808803,2026-10-08T23:21:15.963886+00:00,retrospective_history_only,experimental
2026020061,2026-10-08,8475235,Nicolas Deslauriers,CAR,VAN,1,0,2026-10-08T23:00:00Z,effectif actuel ; participation non confirmée,15,5,0.4,0.4,0.11761823115925325,0.0,-3.139202815737979e-17,0.0,-3.139202815737979e-17,0.0,-3.139202815737979e-17,509.0,2.8290766208251474,5,0.0,10,0.5,0.4,0.16817758120350967,0.1,0.01787574951572113,0.0,-2.0052288475052677e-17,0.0,-2.0052288475052677e-17,544.7,3.3045713236644025,10,0.0,True,7,0.14285714285714285,0.14285714285714285,0.02567895594897479,0.0,0.0,0.0,0.0,0.0,0.0,422.42857142857144,1.217450118363206,7,0.0,True,0,,,,,,,,,,,,0,,0.08123922564647194,12.309324615570459,2026-10-08T23:21:15.963886+00:00,retrospective_history_only,experimental
2026020058,2026-10-08,8483513,Reid Schaefer,NSH,MTL,0,0,2026-10-08T23:00:00Z,effectif actuel ; participation non confirmée,23,5,0.8,0.8,0.37552826411853885,0.0,-3.139202815737979e-17,0.0,-3.139202815737979e-17,0.0,-3.139202815737979e-17,536.0,5.373134328358209,5,0.0,10,0.7,0.6,0.3126695474501863,0.1,0.01787574951572113,0.0,-2.0052288475052677e-17,0.0,-2.0052288475052677e-17,507.9,4.961606615475487,10,0.0,True,10,0.7,0.4,0.16817758120350967,0.2,0.05668094798069332,0.1,0.01787574951572113,0.0,-2.0052288475052677e-17,490.5,5.137614678899083,10,0.0,True,0,,,,,,,,,,,,0,,0.08119231743405814,12.316436229476622,2026-10-08T23:21:15.963886+00:00,retrospective_history_only,experimental
2026020057,2026-10-08,8480036,Miro Heiskanen,DAL,BUF,0,1,2026-10-08T23:00:00Z,effectif actuel ; participation non confirmée,33,5,1.8,0.8,0.37552826411853885,0.4,0.11761823115925325,0.2,0.036223160969787456,0.2,0.036223160969787456,1258.2,5.150214592274678,5,0.4,10,1.3,0.7,0.3967732199795652,0.3,0.10778928748621182,0.1,0.01787574951572113,0.1,0.01787574951572113,1368.4,3.4200526161940954,10,0.2,True,10,2.5,0.8,0.49015684672072346,0.7,0.3967732199795652,0.4,0.16817758120350967,0.4,0.16817758120350967,1457.3,6.175804570095382,10,0.1,True,0,,,,,,,,,,,,0,,0.08045359123013711,12.42952595042656,2026-10-08T23:21:15.963886+00:00,retrospective_history_only,experimental
2026020060,2026-10-08,8476874,Olli Maatta,MIN,TBL,0,1,2026-10-08T23:00:00Z,effectif actuel ; participation non confirmée,27,5,0.8,0.6,0.23071993220883702,0.2,0.036223160969787456,0.0,-3.139202815737979e-17,0.0,-3.139202815737979e-17,1328.6,2.16769531838025,5,0.0,10,0.6,0.5,0.2365895936154873,0.1,0.01787574951572113,0.0,-2.0052288475052677e-17,0.0,-2.0052288475052677e-17,1375.1,1.570794851283543,10,0.0,True,10,0.8,0.6,0.3126695474501863,0.2,0.05668094798069332,0.0,-2.0052288475052677e-17,0.0,-2.0052288475052677e-17,1335.6,2.1563342318059298,10,0.0,True,0,,,,,,,,,,,,0,,0.0794894864040373,12.580280050082317,2026-10-08T23:21:15.963886+00:00,retrospective_history_only,experimental
2026020057,2026-10-08,8480807,Mattias Samuelsson,BUF,DAL,1,1,2026-10-08T23:00:00Z,effectif actuel ; participation non confirmée,36,5,1.2,0.8,0.37552826411853885,0.4,0.11761823115925325,0.0,-3.139202815737979e-17,0.0,-3.139202815737979e-17,1263.0,3.4204275534441804,5,0.2,10,1.2,0.8,0.49015684672072346,0.4,0.16817758120350967,0.0,-2.0052288475052677e-17,0.0,-2.0052288475052677e-17,1272.5,3.3948919449901767,10,0.2,True,10,1.2,0.8,0.49015684672072346,0.3,0.10778928748621182,0.1,0.01787574951572113,0.0,-2.0052288475052677e-17,1353.9,3.190782184799468,10,0.0,True,0,,,,,,,,,,,,0,,0.07844574578811665,12.747663878434118,2026-10-08T23:21:15.963886+00:00,retrospective_history_only,experimental
2026020061,2026-10-08,8478970,Jalen Chatfield,CAR,VAN,1,1,2026-10-08T23:00:00Z,effectif actuel ; participation non confirmée,34,5,1.2,0.6,0.23071993220883702,0.4,0.11761823115925325,0.2,0.036223160969787456,0.0,-3.139202815737979e-17,1257.6,3.435114503816794,5,0.0,10,1.3,0.6,0.3126695474501863,0.4,0.16817758120350967,0.2,0.05668094798069332,0.1,0.01787574951572113,1205.8,3.881240670094543,10,0.0,True,10,1.0,0.5,0.2365895936154873,0.3,0.10778928748621182,0.1,0.01787574951572113,0.1,0.01787574951572113,1136.5,3.1676198856137265,10,0.0,True,0,,,,,,,,,,,,0,,0.0783415781433733,12.764613934249516,2026-10-08T23:21:15.963886+00:00,retrospective_history_only,experimental
2026020060,2026-10-08,8482655,J.J. Moser,TBL,MIN,1,1,2026-10-08T23:00:00Z,effectif actuel ; participation non confirmée,37,5,1.0,0.4,0.11761823115925325,0.4,0.11761823115925325,0.2,0.036223160969787456,0.0,-3.139202815737979e-17,1151.8,3.1255426289286334,5,0.0,10,1.0,0.4,0.16817758120350967,0.4,0.16817758120350967,0.2,0.05668094798069332,0.0,-2.0052288475052677e-17,1187.2,3.032345013477089,10,0.0,True,10,1.1,0.6,0.3126695474501863,0.4,0.16817758120350967,0.1,0.01787574951572113,0.0,-2.0052288475052677e-17,1209.6,3.2738095238095237,10,0.0,True,1,1.0,1.0,0.20654329147389294,0.0,0.0,0.0,0.0,0.0,0.0,1226.0,2.936378466557912,1,0.0,0.07833446639993849,12.765772793989253,2026-10-08T23:21:15.963886+00:00,retrospective_history_only,experimental
2026020058,2026-10-08,8476869,Brady Skjei,NSH,MTL,0,1,2026-10-08T23:00:00Z,effectif actuel ; participation non confirmée,37,5,0.6,0.4,0.11761823115925325,0.2,0.036223160969787456,0.0,-3.139202815737979e-17,0.0,-3.139202815737979e-17,1266.6,1.7053529133112268,5,0.0,10,1.0,0.6,0.3126695474501863,0.3,0.10778928748621182,0.1,0.01787574951572113,0.0,-2.0052288475052677e-17,1342.8,2.680965147453083,10,0.1,True,10,0.9,0.6,0.3126695474501863,0.2,0.05668094798069332,0.1,0.01787574951572113,0.0,-2.0052288475052677e-17,1441.9,2.2470351619391082,10,0.1,True,0,,,,,,,,,,,,0,,0.07777648200304049,12.85735706020886,2026-10-08T23:21:15.963886+00:00,retrospective_history_only,experimental
2026020059,2026-10-08,8482095,Tyler Kleven,OTT,PHI,1,1,2026-10-08T23:00:00Z,effectif actuel ; participation non confirmée,31,5,1.4,0.8,0.37552826411853885,0.4,0.11761823115925325,0.2,0.036223160969787456,0.0,-3.139202815737979e-17,1061.8,4.746656620832549,5,0.0,10,1.8,0.9,0.5958436145024278,0.4,0.16817758120350967,0.2,0.05668094798069332,0.1,0.01787574951572113,1280.7,5.0597329585383,10,0.0,True,10,1.6,0.8,0.49015684672072346,0.5,0.2365895936154873,0.1,0.01787574951572113,0.1,0.01787574951572113,1051.2,5.47945205479452,10,0.1,True,0,,,,,,,,,,,,0,,0.07669888773315943,13.037998718821934,2026-10-08T23:21:15.963886+00:00,retrospective_history_only,experimental
2026020061,2026-10-08,8476906,Shayne Gostisbehere,CAR,VAN,1,1,2026-10-08T23:00:00Z,effectif actuel ; participation non confirmée,24,5,1.2,0.6,0.23071993220883702,0.2,0.036223160969787456,0.2,0.036223160969787456,0.2,0.036223160969787456,1132.8,3.8135593220338984,5,0.2,10,1.6,0.8,0.49015684672072346,0.5,0.2365895936154873,0.2,0.05668094798069332,0.1,0.01787574951572113,1135.9,5.070868914517123,10,0.1,True,10,1.7,0.9,0.5958436145024278,0.6,0.3126695474501863,0.2,0.05668094798069332,0.0,-2.0052288475052677e-17,1127.1,5.429864253393665,10,0.2,True,0,,,,,,,,,,,,0,,0.07623911525990205,13.116626505842333,2026-10-08T23:21:15.963886+00:00,retrospective_history_only,experimental
2026020060,2026-10-08,8475752,Tyler Pitlick,MIN,TBL,0,0,2026-10-08T23:00:00Z,effectif actuel ; participation non confirmée,7,5,0.2,0.2,0.036223160969787456,0.0,-3.139202815737979e-17,0.0,-3.139202815737979e-17,0.0,-3.139202815737979e-17,491.0,1.4663951120162932,5,0.2,7,0.2857142857142857,0.2857142857142857,0.08221716570901548,0.0,0.0,0.0,0.0,0.0,0.0,467.57142857142856,2.1998166819431715,7,0.14285714285714285,True,4,0.5,0.5,0.15003570882017145,0.0,0.0,0.0,0.0,0.0,0.0,478.25,3.7637219027705173,4,0.25,True,0,,,,,,,,,,,,0,,0.07622173142526036,13.119618005273937,2026-10-08T23:21:15.963886+00:00,retrospective_history_only,experimental
2026020060,2026-10-08,8474716,Jared Spurgeon,MIN,TBL,0,1,2026-10-08T23:00:00Z,effectif actuel ; participation non confirmée,33,5,0.8,0.6,0.23071993220883702,0.2,0.036223160969787456,0.0,-3.139202815737979e-17,0.0,-3.139202815737979e-17,1164.2,2.473801752276241,5,0.2,10,0.9,0.6,0.3126695474501863,0.2,0.05668094798069332,0.1,0.01787574951572113,0.0,-2.0052288475052677e-17,1075.8,3.011712214166202,10,0.1,True,10,0.7,0.6,0.3126695474501863,0.1,0.01787574951572113,0.0,-2.0052288475052677e-17,0.0,-2.0052288475052677e-17,1091.8,2.3081150393845027,10,0.0,True,1,0.0,0.0,0.0,0.0,0.0,0.0,0.0,0.0,0.0,1188.0,0.0,1,0.0,0.0762002730684351,13.123312551674253,2026-10-08T23:21:15.963886+00:00,retrospective_history_only,experimental
2026020059,2026-10-08,8481546,Cam York,PHI,OTT,0,1,2026-10-08T23:00:00Z,effectif actuel ; participation non confirmée,38,5,0.8,0.6,0.23071993220883702,0.2,0.036223160969787456,0.0,-3.139202815737979e-17,0.0,-3.139202815737979e-17,1376.8,2.0918070889018012,5,0.0,10,0.6,0.4,0.16817758120350967,0.2,0.05668094798069332,0.0,-2.0052288475052677e-17,0.0,-2.0052288475052677e-17,1342.6,1.608818709965738,10,0.0,True,10,0.5,0.4,0.16817758120350967,0.1,0.01787574951572113,0.0,-2.0052288475052677e-17,0.0,-2.0052288475052677e-17,1311.5,1.3724742661075104,10,0.0,True,0,,,,,,,,,,,,0,,0.07560614432606727,13.226438259928868,2026-10-08T23:21:15.963886+00:00,retrospective_history_only,experimental
2026020060,2026-10-08,8481719,Max Crozier,TBL,MIN,1,1,2026-10-08T23:00:00Z,effectif actuel ; participation non confirmée,7,5,1.6,1.0,0.565508505247919,0.6,0.23071993220883702,0.0,-3.139202815737979e-17,0.0,-3.139202815737979e-17,1009.4,5.706360213988508,5,0.0,7,1.5714285714285714,0.8571428571428571,0.4868654966809702,0.5714285714285714,0.2504542304090258,0.14285714285714285,0.02567895594897479,0.0,0.0,1015.5714285714286,5.5704037136024755,7,0.0,True,6,1.3333333333333333,0.8333333333333334,0.4364905634363539,0.5,0.1876128068994087,0.0,0.0,0.0,0.0,1032.1666666666667,4.650411755207492,6,0.0,True,0,,,,,,,,,,,,0,,0.07228904728702916,13.83335425668876,2026-10-08T23:21:15.963886+00:00,retrospective_history_only,experimental
2026020056,2026-10-08,8477346,MacKenzie Weegar,UTA,BOS,0,1,2026-10-08T23:00:00Z,effectif actuel ; participation non confirmée,35,5,1.4,0.8,0.37552826411853885,0.4,0.11761823115925325,0.2,0.036223160969787456,0.0,-3.139202815737979e-17,1209.2,4.168044988422097,5,0.2,10,1.4,0.8,0.49015684672072346,0.4,0.16817758120350967,0.2,0.05668094798069332,0.0,-2.0052288475052677e-17,1198.0,4.207011686143573,10,0.1,True,10,1.5,0.7,0.3967732199795652,0.6,0.3126695474501863,0.2,0.05668094798069332,0.0,-2.0052288475052677e-17,1231.3,4.385608706245431,10,0.1,True,0,,,,,,,,,,,,0,,0.07173788169182702,13.939636582744656,2026-10-08T23:21:15.963886+00:00,retrospective_history_only,experimental
2026020056,2026-10-08,8476854,Hampus Lindholm,BOS,UTA,1,1,2026-10-08T23:00:00Z,effectif actuel ; participation non confirmée,36,5,1.0,0.6,0.23071993220883702,0.4,0.11761823115925325,0.0,-3.139202815737979e-17,0.0,-3.139202815737979e-17,1206.0,2.985074626865672,5,0.2,10,1.2,0.7,0.3967732199795652,0.4,0.16817758120350967,0.1,0.01787574951572113,0.0,-2.0052288475052677e-17,1220.9,3.538373331149152,10,0.2,True,10,1.1,0.5,0.2365895936154873,0.3,0.10778928748621182,0.2,0.05668094798069332,0.1,0.01787574951572113,1200.7,3.298076122262014,10,0.0,True,0,,,,,,,,,,,,0,,0.07149123015418,13.987729653600473,2026-10-08T23:21:15.963886+00:00,retrospective_history_only,experimental
2026020057,2026-10-08,8479982,Conor Timmins,BUF,DAL,1,1,2026-10-08T23:00:00Z,effectif actuel ; participation non confirmée,6,5,1.8,0.8,0.37552826411853885,0.4,0.11761823115925325,0.4,0.11761823115925325,0.2,0.036223160969787456,977.0,6.632548618219038,5,0.0,6,1.8333333333333333,0.8333333333333334,0.4364905634363539,0.5,0.1876128068994087,0.3333333333333333,0.09676933255921684,0.16666666666666666,0.030052585871730285,969.1666666666666,6.809974204643164,6,0.0,True,4,2.5,1.0,0.5100999795960008,0.75,0.30063605244263664,0.5,0.15003570882017145,0.25,0.045586062644636216,954.5,9.429020429544265,4,0.0,True,1,4.0,1.0,0.20654329147389294,1.0,0.20654329147389294,1.0,0.20654329147389294,1.0,0.20654329147389294,1018.0,14.145383104125736,1,0.0,0.06925666667370722,14.43904317127123,2026-10-08T23:21:15.963886+00:00,retrospective_history_only,experimental
2026020059,2026-10-08,8482142,Jamie Drysdale,PHI,OTT,0,1,2026-10-08T23:00:00Z,effectif actuel ; participation non confirmée,38,5,0.4,0.4,0.11761823115925325,0.0,-3.139202815737979e-17,0.0,-3.139202815737979e-17,0.0,-3.139202815737979e-17,1277.6,1.1271133375078273,5,0.0,10,0.9,0.6,0.3126695474501863,0.1,0.01787574951572113,0.1,0.01787574951572113,0.1,0.01787574951572113,1236.3,2.6207231254549868,10,0.0,True,10,1.1,0.7,0.3967732199795652,0.2,0.05668094798069332,0.1,0.01787574951572113,0.1,0.01787574951572113,1175.0,3.370212765957447,10,0.0,True,0,,,,,,,,,,,,0,,0.0688938894540841,14.515075399632833,2026-10-08T23:21:15.963886+00:00,retrospective_history_only,experimental
2026020056,2026-10-08,8477507,Nikita Zadorov,BOS,UTA,1,1,2026-10-08T23:00:00Z,effectif actuel ; participation non confirmée,36,5,1.4,0.8,0.37552826411853885,0.4,0.11761823115925325,0.2,0.036223160969787456,0.0,-3.139202815737979e-17,1168.4,4.313591235878124,5,0.0,10,1.0,0.7,0.3967732199795652,0.2,0.05668094798069332,0.1,0.01787574951572113,0.0,-2.0052288475052677e-17,1207.2,2.982107355864811,10,0.0,True,10,1.7,0.9,0.5958436145024278,0.4,0.16817758120350967,0.3,0.10778928748621182,0.1,0.01787574951572113,1135.7,5.388747028264507,10,0.0,True,0,,,,,,,,,,,,0,,0.06789413129428228,14.728813535673227,2026-10-08T23:21:15.963886+00:00,retrospective_history_only,experimental
2026020060,2026-10-08,8474151,Ryan McDonagh,TBL,MIN,1,1,2026-10-08T23:00:00Z,effectif actuel ; participation non confirmée,33,5,0.8,0.6,0.23071993220883702,0.2,0.036223160969787456,0.0,-3.139202815737979e-17,0.0,-3.139202815737979e-17,1042.2,2.763385146804836,5,0.0,10,0.6,0.5,0.2365895936154873,0.1,0.01787574951572113,0.0,-2.0052288475052677e-17,0.0,-2.0052288475052677e-17,1077.9,2.0038964653492903,10,0.0,True,10,0.4,0.4,0.16817758120350967,0.0,-2.0052288475052677e-17,0.0,-2.0052288475052677e-17,0.0,-2.0052288475052677e-17,1091.9,1.3188020881033062,10,0.0,True,1,0.0,0.0,0.0,0.0,0.0,0.0,0.0,0.0,0.0,1064.0,0.0,1,0.0,0.06778509623345894,14.752505426206017,2026-10-08T23:21:15.963886+00:00,retrospective_history_only,experimental
2026020059,2026-10-08,8477499,Rasmus Ristolainen,PHI,OTT,0,1,2026-10-08T23:00:00Z,effectif actuel ; participation non confirmée,34,5,1.2,0.4,0.11761823115925325,0.4,0.11761823115925325,0.2,0.036223160969787456,0.2,0.036223160969787456,1197.8,3.6066121222240777,5,0.2,10,1.1,0.5,0.2365895936154873,0.4,0.16817758120350967,0.1,0.01787574951572113,0.1,0.01787574951572113,1259.1,3.1451036454610435,10,0.1,True,10,0.8,0.4,0.16817758120350967,0.2,0.05668094798069332,0.1,0.01787574951572113,0.1,0.01787574951572113,1348.3,2.136023140250686,10,0.1,True,0,,,,,,,,,,,,0,,0.067388693052618,14.839284673753598,2026-10-08T23:21:15.963886+00:00,retrospective_history_only,experimental
2026020056,2026-10-08,8477220,Nate Schmidt,UTA,BOS,0,1,2026-10-08T23:00:00Z,effectif actuel ; participation non confirmée,37,5,1.4,0.6,0.23071993220883702,0.6,0.23071993220883702,0.2,0.036223160969787456,0.0,-3.139202815737979e-17,1236.0,4.077669902912621,5,0.0,10,0.9,0.5,0.2365895936154873,0.3,0.10778928748621182,0.1,0.01787574951572113,0.0,-2.0052288475052677e-17,1153.1,2.8098170150030355,10,0.0,True,10,1.1,0.6,0.3126695474501863,0.4,0.16817758120350967,0.1,0.01787574951572113,0.0,-2.0052288475052677e-17,1235.3,3.205699020480855,10,0.1,True,0,,,,,,,,,,,,0,,0.06708353765523721,14.906786895159069,2026-10-08T23:21:15.963886+00:00,retrospective_history_only,experimental
2026020056,2026-10-08,8482511,Mason Lohrei,BOS,UTA,1,1,2026-10-08T23:00:00Z,effectif actuel ; participation non confirmée,33,5,0.6,0.4,0.11761823115925325,0.2,0.036223160969787456,0.0,-3.139202815737979e-17,0.0,-3.139202815737979e-17,1261.6,1.7121116043119848,5,0.0,10,0.7,0.6,0.3126695474501863,0.1,0.01787574951572113,0.0,-2.0052288475052677e-17,0.0,-2.0052288475052677e-17,1097.4,2.2963367960634224,10,0.0,True,10,1.0,0.7,0.3967732199795652,0.3,0.10778928748621182,0.0,-2.0052288475052677e-17,0.0,-2.0052288475052677e-17,1100.7,3.2706459525756335,10,0.1,True,0,,,,,,,,,,,,0,,0.06707524638006337,14.90862954619318,2026-10-08T23:21:15.963886+00:00,retrospective_history_only,experimental
2026020056,2026-10-08,8477365,Connor Clifton,BOS,UTA,1,1,2026-10-08T23:00:00Z,effectif actuel ; participation non confirmée,35,5,1.2,0.8,0.37552826411853885,0.4,0.11761823115925325,0.0,-3.139202815737979e-17,0.0,-3.139202815737979e-17,1179.0,3.66412213740458,5,0.0,10,1.0,0.7,0.3967732199795652,0.3,0.10778928748621182,0.0,-2.0052288475052677e-17,0.0,-2.0052288475052677e-17,1150.0,3.130434782608696,10,0.0,True,10,0.7,0.5,0.2365895936154873,0.2,0.05668094798069332,0.0,-2.0052288475052677e-17,0.0,-2.0052288475052677e-17,1128.8,2.2324592487597448,10,0.0,True,0,,,,,,,,,,,,0,,0.0652061107524016,15.335985975258755,2026-10-08T23:21:15.963886+00:00,retrospective_history_only,experimental
2026020057,2026-10-08,8480878,Nils Lundkvist,DAL,BUF,0,1,2026-10-08T23:00:00Z,effectif actuel ; participation non confirmée,33,5,1.0,0.6,0.23071993220883702,0.4,0.11761823115925325,0.0,-3.139202815737979e-17,0.0,-3.139202815737979e-17,1034.2,3.4809514600657514,5,0.0,10,0.6,0.4,0.16817758120350967,0.2,0.05668094798069332,0.0,-2.0052288475052677e-17,0.0,-2.0052288475052677e-17,996.9,2.166716822148661,10,0.0,True,10,1.3,0.6,0.3126695474501863,0.5,0.2365895936154873,0.1,0.01787574951572113,0.1,0.01787574951572113,1110.8,4.213179690313288,10,0.0,True,1,0.0,0.0,0.0,0.0,0.0,0.0,0.0,0.0,0.0,1226.0,0.0,1,0.0,0.06455118248125964,15.49158298208275,2026-10-08T23:21:15.963886+00:00,retrospective_history_only,experimental
2026020059,2026-10-08,8484759,Carter Yakemchuk,OTT,PHI,1,1,2026-10-08T23:00:00Z,effectif actuel ; participation non confirmée,7,5,1.0,0.8,0.37552826411853885,0.2,0.036223160969787456,0.0,-3.139202815737979e-17,0.0,-3.139202815737979e-17,931.0,3.866809881847476,5,0.0,7,1.2857142857142858,0.8571428571428571,0.4868654966809702,0.42857142857142855,0.1582169222626268,0.0,0.0,0.0,0.0,926.1428571428571,4.997686256362795,7,0.14285714285714285,True,1,2.0,1.0,0.20654329147389294,1.0,0.20654329147389294,0.0,0.0,0.0,0.0,1062.0,6.779661016949152,1,0.0,True,0,,,,,,,,,,,,0,,0.06389156460562412,15.65151841518644,2026-10-08T23:21:15.963886+00:00,retrospective_history_only,experimental
2026020060,2026-10-08,8478416,Erik Cernak,TBL,MIN,1,1,2026-10-08T23:00:00Z,effectif actuel ; participation non confirmée,36,5,1.8,1.0,0.565508505247919,0.4,0.11761823115925325,0.2,0.036223160969787456,0.2,0.036223160969787456,1132.8,5.720338983050848,5,0.2,10,1.3,0.9,0.5958436145024278,0.2,0.05668094798069332,0.1,0.01787574951572113,0.1,0.01787574951572113,1079.3,4.336143796905402,10,0.1,True,10,1.6,0.8,0.49015684672072346,0.3,0.10778928748621182,0.2,0.05668094798069332,0.2,0.05668094798069332,1037.3,5.552877663163984,10,0.1,True,1,1.0,1.0,0.20654329147389294,0.0,0.0,0.0,0.0,0.0,0.0,928.0,3.8793103448275863,1,1.0,0.06321669702079785,15.81860563944059,2026-10-08T23:21:15.963886+00:00,retrospective_history_only,experimental
2026020060,2026-10-08,8482929,Emil Lilleberg,TBL,MIN,1,1,2026-10-08T23:00:00Z,effectif actuel ; participation non confirmée,19,5,1.0,0.8,0.37552826411853885,0.2,0.036223160969787456,0.0,-3.139202815737979e-17,0.0,-3.139202815737979e-17,1025.0,3.5121951219512195,5,0.2,10,0.7,0.6,0.3126695474501863,0.1,0.01787574951572113,0.0,-2.0052288475052677e-17,0.0,-2.0052288475052677e-17,1090.2,2.3115024766097965,10,0.1,True,10,1.1,0.8,0.49015684672072346,0.2,0.05668094798069332,0.1,0.01787574951572113,0.0,-2.0052288475052677e-17,1052.4,3.7628278221208666,10,0.1,True,1,2.0,1.0,0.20654329147389294,1.0,0.20654329147389294,0.0,0.0,0.0,0.0,1141.0,6.310254163014899,1,0.0,0.061810008010341665,16.178609778414625,2026-10-08T23:21:15.963886+00:00,retrospective_history_only,experimental
2026020059,2026-10-08,8484321,Nikolas Matinpalo,OTT,PHI,1,1,2026-10-08T23:00:00Z,effectif actuel ; participation non confirmée,24,5,0.8,0.6,0.23071993220883702,0.2,0.036223160969787456,0.0,-3.139202815737979e-17,0.0,-3.139202815737979e-17,1138.4,2.52986647926915,5,0.0,10,0.8,0.6,0.3126695474501863,0.2,0.05668094798069332,0.0,-2.0052288475052677e-17,0.0,-2.0052288475052677e-17,1051.6,2.7386839102320275,10,0.0,True,10,0.8,0.6,0.3126695474501863,0.2,0.05668094798069332,0.0,-2.0052288475052677e-17,0.0,-2.0052288475052677e-17,1042.1,2.76365032146627,10,0.0,True,0,,,,,,,,,,,,0,,0.06157766004337445,16.23965573384266,2026-10-08T23:21:15.963886+00:00,retrospective_history_only,experimental
2026020057,2026-10-08,8483425,Lian Bichsel,DAL,BUF,0,1,2026-10-08T23:00:00Z,effectif actuel ; participation non confirmée,27,5,0.2,0.2,0.036223160969787456,0.0,-3.139202815737979e-17,0.0,-3.139202815737979e-17,0.0,-3.139202815737979e-17,1033.0,0.6969990319457889,5,0.0,10,0.5,0.4,0.16817758120350967,0.1,0.01787574951572113,0.0,-2.0052288475052677e-17,0.0,-2.0052288475052677e-17,1007.3,1.7869552268440385,10,0.0,True,10,1.1,0.7,0.3967732199795652,0.4,0.16817758120350967,0.0,-2.0052288475052677e-17,0.0,-2.0052288475052677e-17,945.5,4.188260179799048,10,0.2,True,1,1.0,1.0,0.20654329147389294,0.0,0.0,0.0,0.0,0.0,0.0,1237.0,2.910266774454325,1,0.0,0.06030849855680043,16.581410977395976,2026-10-08T23:21:15.963886+00:00,retrospective_history_only,experimental
2026020059,2026-10-08,8476372,Nick Seeler,PHI,OTT,0,1,2026-10-08T23:00:00Z,effectif actuel ; participation non confirmée,37,5,0.4,0.4,0.11761823115925325,0.0,-3.139202815737979e-17,0.0,-3.139202815737979e-17,0.0,-3.139202815737979e-17,1186.4,1.2137559002022926,5,0.0,10,0.6,0.5,0.2365895936154873,0.1,0.01787574951572113,0.0,-2.0052288475052677e-17,0.0,-2.0052288475052677e-17,1045.2,2.0665901262916186,10,0.2,True,10,0.5,0.4,0.16817758120350967,0.1,0.01787574951572113,0.0,-2.0052288475052677e-17,0.0,-2.0052288475052677e-17,952.2,1.890359168241966,10,0.2,True,0,,,,,,,,,,,,0,,0.06017440155937207,16.618362195315452,2026-10-08T23:21:15.963886+00:00,retrospective_history_only,experimental
2026020061,2026-10-08,8484240,Tom Willander,VAN,CAR,0,1,2026-10-08T23:00:00Z,effectif actuel ; participation non confirmée,37,5,0.2,0.2,0.036223160969787456,0.0,-3.139202815737979e-17,0.0,-3.139202815737979e-17,0.0,-3.139202815737979e-17,1207.6,0.5962239152037099,5,0.0,10,0.6,0.4,0.16817758120350967,0.1,0.01787574951572113,0.1,0.01787574951572113,0.0,-2.0052288475052677e-17,1216.3,1.7758776617610788,10,0.0,True,10,0.7,0.5,0.2365895936154873,0.2,0.05668094798069332,0.0,-2.0052288475052677e-17,0.0,-2.0052288475052677e-17,1204.0,2.0930232558139537,10,0.1,True,0,,,,,,,,,,,,0,,0.060067897190734805,16.64782765450703,2026-10-08T23:21:15.963886+00:00,retrospective_history_only,experimental
2026020056,2026-10-08,8481219,Jonathan Aspirot,BOS,UTA,1,1,2026-10-08T23:00:00Z,effectif actuel ; participation non confirmée,35,5,1.4,0.8,0.37552826411853885,0.4,0.11761823115925325,0.2,0.036223160969787456,0.0,-3.139202815737979e-17,1058.6,4.761005101076894,5,0.0,10,1.3,0.8,0.49015684672072346,0.4,0.16817758120350967,0.1,0.01787574951572113,0.0,-2.0052288475052677e-17,1036.4,4.515631030490158,10,0.0,True,10,1.0,0.6,0.3126695474501863,0.4,0.16817758120350967,0.0,-2.0052288475052677e-17,0.0,-2.0052288475052677e-17,1006.5,3.5767511177347244,10,0.1,True,0,,,,,,,,,,,,0,,0.059660022134184684,16.761643127634855,2026-10-08T23:21:15.963886+00:00,retrospective_history_only,experimental
2026020061,2026-10-08,8476467,Jamie Oleksiak,VAN,CAR,0,1,2026-10-08T23:00:00Z,effectif actuel ; participation non confirmée,37,5,0.6,0.4,0.11761823115925325,0.2,0.036223160969787456,0.0,-3.139202815737979e-17,0.0,-3.139202815737979e-17,1190.0,1.815126050420168,5,0.2,10,1.0,0.6,0.3126695474501863,0.3,0.10778928748621182,0.1,0.01787574951572113,0.0,-2.0052288475052677e-17,1110.1,3.242951085487794,10,0.1,True,10,1.1,0.6,0.3126695474501863,0.4,0.16817758120350967,0.1,0.01787574951572113,0.0,-2.0052288475052677e-17,928.9,4.26310690063516,10,0.1,True,0,,,,,,,,,,,,0,,0.059390200222818795,16.83779472452059,2026-10-08T23:21:15.963886+00:00,retrospective_history_only,experimental
2026020056,2026-10-08,8478507,John Marino,UTA,BOS,0,1,2026-10-08T23:00:00Z,effectif actuel ; participation non confirmée,35,5,0.8,0.6,0.23071993220883702,0.2,0.036223160969787456,0.0,-3.139202815737979e-17,0.0,-3.139202815737979e-17,1216.6,2.3672530001643928,5,0.0,10,0.5,0.4,0.16817758120350967,0.1,0.01787574951572113,0.0,-2.0052288475052677e-17,0.0,-2.0052288475052677e-17,1168.8,1.540041067761807,10,0.0,True,10,0.2,0.2,0.05668094798069332,0.0,-2.0052288475052677e-17,0.0,-2.0052288475052677e-17,0.0,-2.0052288475052677e-17,1163.9,0.6186098462067188,10,0.0,True,0,,,,,,,,,,,,0,,0.05833109784261111,17.143514128573383,2026-10-08T23:21:15.963886+00:00,retrospective_history_only,experimental
2026020058,2026-10-08,8480246,Nick Perbix,NSH,MTL,0,1,2026-10-08T23:00:00Z,effectif actuel ; participation non confirmée,37,5,0.4,0.4,0.11761823115925325,0.0,-3.139202815737979e-17,0.0,-3.139202815737979e-17,0.0,-3.139202815737979e-17,1145.4,1.2572027239392352,5,0.0,10,0.8,0.7,0.3967732199795652,0.1,0.01787574951572113,0.0,-2.0052288475052677e-17,0.0,-2.0052288475052677e-17,1157.2,2.488765986864846,10,0.0,True,10,1.1,1.0,0.7224598312333834,0.1,0.01787574951572113,0.0,-2.0052288475052677e-17,0.0,-2.0052288475052677e-17,1145.4,3.4573074908328967,10,0.0,True,0,,,,,,,,,,,,0,,0.05684490225791791,17.591726967227043,2026-10-08T23:21:15.963886+00:00,retrospective_history_only,experimental
2026020060,2026-10-08,8475167,Victor Hedman,TBL,MIN,1,1,2026-10-08T23:00:00Z,effectif actuel ; participation non confirmée,18,5,1.0,0.8,0.37552826411853885,0.2,0.036223160969787456,0.0,-3.139202815737979e-17,0.0,-3.139202815737979e-17,831.6,4.329004329004329,5,0.0,10,1.5,0.9,0.5958436145024278,0.5,0.2365895936154873,0.1,0.01787574951572113,0.0,-2.0052288475052677e-17,1019.1,5.298793052693553,10,0.0,True,10,1.8,1.0,0.7224598312333834,0.5,0.2365895936154873,0.1,0.01787574951572113,0.1,0.01787574951572113,982.0,6.59877800407332,10,0.1,True,0,,,,,,,,,,,,0,,0.054999376581879825,18.182024272788965,2026-10-08T23:21:15.963886+00:00,retrospective_history_only,experimental
2026020057,2026-10-08,8476902,Esa Lindell,DAL,BUF,0,1,2026-10-08T23:00:00Z,effectif actuel ; participation non confirmée,36,5,1.0,0.6,0.23071993220883702,0.2,0.036223160969787456,0.2,0.036223160969787456,0.0,-3.139202815737979e-17,1204.8,2.9880478087649402,5,0.2,10,1.2,0.6,0.3126695474501863,0.3,0.10778928748621182,0.3,0.10778928748621182,0.0,-2.0052288475052677e-17,1262.6,3.4215111674322825,10,0.1,True,10,0.8,0.4,0.16817758120350967,0.3,0.10778928748621182,0.1,0.01787574951572113,0.0,-2.0052288475052677e-17,1273.9,2.260774001098987,10,0.1,True,1,3.0,1.0,0.20654329147389294,1.0,0.20654329147389294,1.0,0.20654329147389294,0.0,0.0,1334.0,8.095952023988007,1,1.0,0.05487569257095878,18.223004633735016,2026-10-08T23:21:15.963886+00:00,retrospective_history_only,experimental
2026020058,2026-10-08,8482482,Adam Wilsby,NSH,MTL,0,1,2026-10-08T23:00:00Z,effectif actuel ; participation non confirmée,25,5,0.6,0.4,0.11761823115925325,0.2,0.036223160969787456,0.0,-3.139202815737979e-17,0.0,-3.139202815737979e-17,990.4,2.1809369951534734,5,0.0,10,1.0,0.6,0.3126695474501863,0.3,0.10778928748621182,0.1,0.01787574951572113,0.0,-2.0052288475052677e-17,1138.6,3.1617776216406113,10,0.0,True,10,1.4,0.9,0.5958436145024278,0.4,0.16817758120350967,0.1,0.01787574951572113,0.0,-2.0052288475052677e-17,1014.7,4.9669853158569035,10,0.0,True,0,,,,,,,,,,,,0,,0.05483957289567505,18.235007079693457,2026-10-08T23:21:15.963886+00:00,retrospective_history_only,experimental
2026020057,2026-10-08,8481806,Louis Crevier,BUF,DAL,1,1,2026-10-08T23:00:00Z,effectif actuel ; participation non confirmée,36,5,1.4,1.0,0.565508505247919,0.4,0.11761823115925325,0.0,-3.139202815737979e-17,0.0,-3.139202815737979e-17,1026.2,4.911323328785811,5,0.2,10,1.0,0.8,0.49015684672072346,0.2,0.05668094798069332,0.0,-2.0052288475052677e-17,0.0,-2.0052288475052677e-17,1097.2,3.2810791104629966,10,0.1,True,10,1.7,0.9,0.5958436145024278,0.4,0.16817758120350967,0.2,0.05668094798069332,0.2,0.05668094798069332,1077.8,5.678233438485805,10,0.2,True,0,,,,,,,,,,,,0,,0.054627768703580895,18.30570831889843,2026-10-08T23:21:15.963886+00:00,retrospective_history_only,experimental
2026020057,2026-10-08,8474574,Tyler Myers,DAL,BUF,0,1,2026-10-08T23:00:00Z,effectif actuel ; participation non confirmée,28,5,1.2,0.8,0.37552826411853885,0.2,0.036223160969787456,0.2,0.036223160969787456,0.0,-3.139202815737979e-17,1047.0,4.126074498567335,5,0.0,10,0.7,0.5,0.2365895936154873,0.1,0.01787574951572113,0.1,0.01787574951572113,0.0,-2.0052288475052677e-17,1062.9,2.3708721422523285,10,0.0,True,10,0.9,0.7,0.3967732199795652,0.1,0.01787574951572113,0.1,0.01787574951572113,0.0,-2.0052288475052677e-17,1057.1,3.0649891211805884,10,0.0,True,1,3.0,1.0,0.20654329147389294,1.0,0.20654329147389294,1.0,0.20654329147389294,0.0,0.0,1290.0,8.372093023255815,1,0.0,0.05280062169274476,18.939170940432472,2026-10-08T23:21:15.963886+00:00,retrospective_history_only,experimental
2026020060,2026-10-08,8474567,Zach Bogosian,MIN,TBL,0,1,2026-10-08T23:00:00Z,effectif actuel ; participation non confirmée,21,5,0.4,0.4,0.11761823115925325,0.0,-3.139202815737979e-17,0.0,-3.139202815737979e-17,0.0,-3.139202815737979e-17,900.6,1.5989340439706863,5,0.0,10,0.4,0.4,0.16817758120350967,0.0,-2.0052288475052677e-17,0.0,-2.0052288475052677e-17,0.0,-2.0052288475052677e-17,820.3,1.7554553212239425,10,0.0,True,10,0.5,0.4,0.16817758120350967,0.1,0.01787574951572113,0.0,-2.0052288475052677e-17,0.0,-2.0052288475052677e-17,885.5,2.0327498588368154,10,0.1,True,1,0.0,0.0,0.0,0.0,0.0,0.0,0.0,0.0,0.0,712.0,0.0,1,0.0,0.0526541515151223,18.991854796345915,2026-10-08T23:21:15.963886+00:00,retrospective_history_only,experimental
2026020058,2026-10-08,8479980,Nicolas Hague,NSH,MTL,0,1,2026-10-08T23:00:00Z,effectif actuel ; participation non confirmée,26,5,0.4,0.4,0.11761823115925325,0.0,-3.139202815737979e-17,0.0,-3.139202815737979e-17,0.0,-3.139202815737979e-17,931.8,1.54539600772698,5,0.0,10,1.0,0.7,0.3967732199795652,0.2,0.05668094798069332,0.1,0.01787574951572113,0.0,-2.0052288475052677e-17,1081.1,3.3299417260197948,10,0.0,True,10,1.3,0.6,0.3126695474501863,0.4,0.16817758120350967,0.3,0.10778928748621182,0.0,-2.0052288475052677e-17,1154.4,4.054054054054054,10,0.0,True,0,,,,,,,,,,,,0,,0.049283585987136544,20.29073128446881,2026-10-08T23:21:15.963886+00:00,retrospective_history_only,experimental
2026020056,2026-10-08,8479369,Andrew Peeke,UTA,BOS,0,1,2026-10-08T23:00:00Z,effectif actuel ; participation non confirmée,33,5,1.2,0.6,0.23071993220883702,0.4,0.11761823115925325,0.2,0.036223160969787456,0.0,-3.139202815737979e-17,1001.6,4.313099041533547,5,0.2,10,0.8,0.5,0.2365895936154873,0.2,0.05668094798069332,0.1,0.01787574951572113,0.0,-2.0052288475052677e-17,1094.2,2.632059952476695,10,0.1,True,10,1.4,0.6,0.3126695474501863,0.4,0.16817758120350967,0.3,0.10778928748621182,0.1,0.01787574951572113,1070.3,4.708960104643558,10,0.1,True,0,,,,,,,,,,,,0,,0.048707224608646085,20.530835169419376,2026-10-08T23:21:15.963886+00:00,retrospective_history_only,experimental
2026020058,2026-10-08,8478851,Alexandre Carrier,MTL,NSH,1,1,2026-10-08T23:00:00Z,effectif actuel ; participation non confirmée,27,5,0.8,0.4,0.11761823115925325,0.2,0.036223160969787456,0.2,0.036223160969787456,0.0,-3.139202815737979e-17,1043.4,2.7602070155261647,5,0.2,10,0.4,0.2,0.05668094798069332,0.1,0.01787574951572113,0.1,0.01787574951572113,0.0,-2.0052288475052677e-17,1096.4,1.3133892739875959,10,0.1,True,10,0.6,0.4,0.16817758120350967,0.2,0.05668094798069332,0.0,-2.0052288475052677e-17,0.0,-2.0052288475052677e-17,1051.6,2.0540129326740204,10,0.0,True,0,,,,,,,,,,,,0,,0.048396199690079605,20.662779441439962,2026-10-08T23:21:15.963886+00:00,retrospective_history_only,experimental
2026020059,2026-10-08,8483460,David Jiricek,PHI,OTT,0,1,2026-10-08T23:00:00Z,effectif actuel ; participation non confirmée,9,5,1.0,0.8,0.37552826411853885,0.2,0.036223160969787456,0.0,-3.139202815737979e-17,0.0,-3.139202815737979e-17,923.6,3.8977912516240796,5,0.0,9,0.7777777777777778,0.6666666666666666,0.35419734749908977,0.1111111111111111,0.019890371327130518,0.0,0.0,0.0,0.0,772.0,3.626943005181347,9,0.0,True,3,0.3333333333333333,0.3333333333333333,0.061490315276160515,0.0,0.0,0.0,0.0,0.0,0.0,887.3333333333334,1.35236664162284,3,0.0,True,0,,,,,,,,,,,,0,,0.04559418137728018,21.93262319428999,2026-10-08T23:21:15.963886+00:00,retrospective_history_only,experimental
2026020060,2026-10-08,8482094,Daemon Hunt,MIN,TBL,0,1,2026-10-08T23:00:00Z,effectif actuel ; participation non confirmée,18,5,0.8,0.4,0.11761823115925325,0.2,0.036223160969787456,0.2,0.036223160969787456,0.0,-3.139202815737979e-17,933.0,3.0868167202572345,5,0.0,10,0.8,0.5,0.2365895936154873,0.2,0.05668094798069332,0.1,0.01787574951572113,0.0,-2.0052288475052677e-17,839.8,3.4293879495117885,10,0.0,True,10,1.0,0.6,0.3126695474501863,0.3,0.10778928748621182,0.1,0.01787574951572113,0.0,-2.0052288475052677e-17,770.1,4.674717569146864,10,0.0,True,0,,,,,,,,,,,,0,,0.045361774992080516,22.04499273175675,2026-10-08T23:21:15.963886+00:00,retrospective_history_only,experimental
2026020061,2026-10-08,8476422,Mike Reilly,CAR,VAN,1,1,2026-10-08T23:00:00Z,effectif actuel ; participation non confirmée,15,5,1.0,0.8,0.37552826411853885,0.2,0.036223160969787456,0.0,-3.139202815737979e-17,0.0,-3.139202815737979e-17,790.4,4.554655870445344,5,0.0,10,1.3,0.9,0.5958436145024278,0.3,0.10778928748621182,0.1,0.01787574951572113,0.0,-2.0052288475052677e-17,765.9,6.110458284371328,10,0.0,True,3,1.6666666666666667,1.0,0.4384939195509822,0.6666666666666666,0.20765495512648788,0.0,0.0,0.0,0.0,797.6666666666666,7.521938988717092,3,0.0,True,0,,,,,,,,,,,,0,,0.04527338745456473,22.088031318698555,2026-10-08T23:21:15.963886+00:00,retrospective_history_only,experimental
2026020056,2026-10-08,8484386,Dmitri Simashev,UTA,BOS,0,1,2026-10-08T23:00:00Z,effectif actuel ; participation non confirmée,8,5,0.6,0.4,0.11761823115925325,0.2,0.036223160969787456,0.0,-3.139202815737979e-17,0.0,-3.139202815737979e-17,920.0,2.347826086956522,5,0.0,8,0.625,0.375,0.13684175946152105,0.25,0.07147768885802765,0.0,0.0,0.0,0.0,870.125,2.58583536848154,8,0.0,True,5,0.0,0.0,-3.139202815737979e-17,0.0,-3.139202815737979e-17,0.0,-3.139202815737979e-17,0.0,-3.139202815737979e-17,885.6,0.0,5,0.0,True,0,,,,,,,,,,,,0,,0.045255465421192256,22.096778603269417,2026-10-08T23:21:15.963886+00:00,retrospective_history_only,experimental
2026020059,2026-10-08,8481122,Simon Benoit,PHI,OTT,0,1,2026-10-08T23:00:00Z,effectif actuel ; participation non confirmée,35,5,1.0,0.6,0.23071993220883702,0.4,0.11761823115925325,0.0,-3.139202815737979e-17,0.0,-3.139202815737979e-17,968.0,3.71900826446281,5,0.0,10,1.2,0.7,0.3967732199795652,0.5,0.2365895936154873,0.0,-2.0052288475052677e-17,0.0,-2.0052288475052677e-17,1028.0,4.202334630350195,10,0.0,True,10,1.3,0.8,0.49015684672072346,0.5,0.2365895936154873,0.0,-2.0052288475052677e-17,0.0,-2.0052288475052677e-17,984.9,4.751751446847396,10,0.0,True,2,1.5,1.0,0.3423719528896193,0.5,0.09452865480086611,0.0,0.0,0.0,0.0,1067.5,5.058548009367682,2,0.0,0.04479476444679318,22.324037470668944,2026-10-08T23:21:15.963886+00:00,retrospective_history_only,experimental
2026020056,2026-10-08,8478840,Will Borgen,BOS,UTA,1,1,2026-10-08T23:00:00Z,effectif actuel ; participation non confirmée,37,5,0.2,0.2,0.036223160969787456,0.0,-3.139202815737979e-17,0.0,-3.139202815737979e-17,0.0,-3.139202815737979e-17,1071.6,0.671892497200448,5,0.0,10,0.2,0.2,0.05668094798069332,0.0,-2.0052288475052677e-17,0.0,-2.0052288475052677e-17,0.0,-2.0052288475052677e-17,1042.3,0.6907800057565,10,0.0,True,10,0.4,0.4,0.16817758120350967,0.0,-2.0052288475052677e-17,0.0,-2.0052288475052677e-17,0.0,-2.0052288475052677e-17,1038.8,1.386214863303812,10,0.0,True,0,,,,,,,,,,,,0,,0.04442105040088028,22.511849471713152,2026-10-08T23:21:15.963886+00:00,retrospective_history_only,experimental
2026020057,2026-10-08,8484305,Zach Metsa,BUF,DAL,1,1,2026-10-08T23:00:00Z,effectif actuel ; participation non confirmée,28,5,0.0,0.0,-3.139202815737979e-17,0.0,-3.139202815737979e-17,0.0,-3.139202815737979e-17,0.0,-3.139202815737979e-17,795.0,0.0,5,0.0,10,0.3,0.3,0.10778928748621182,0.0,-2.0052288475052677e-17,0.0,-2.0052288475052677e-17,0.0,-2.0052288475052677e-17,827.0,1.305925030229746,10,0.0,True,10,0.4,0.4,0.16817758120350967,0.0,-2.0052288475052677e-17,0.0,-2.0052288475052677e-17,0.0,-2.0052288475052677e-17,751.4,1.9164226776683524,10,0.0,True,1,0.0,0.0,0.0,0.0,0.0,0.0,0.0,0.0,0.0,883.0,0.0,1,0.0,0.04377604037976692,22.843546180165607,2026-10-08T23:21:15.963886+00:00,retrospective_history_only,experimental
2026020058,2026-10-08,8481593,Jayden Struble,MTL,NSH,1,1,2026-10-08T23:00:00Z,effectif actuel ; participation non confirmée,26,5,0.4,0.4,0.11761823115925325,0.0,-3.139202815737979e-17,0.0,-3.139202815737979e-17,0.0,-3.139202815737979e-17,867.2,1.6605166051660516,5,0.0,10,0.7,0.6,0.3126695474501863,0.1,0.01787574951572113,0.0,-2.0052288475052677e-17,0.0,-2.0052288475052677e-17,903.9,2.7879190175904416,10,0.1,True,10,0.7,0.5,0.2365895936154873,0.2,0.05668094798069332,0.0,-2.0052288475052677e-17,0.0,-2.0052288475052677e-17,827.0,3.0471584038694073,10,0.1,True,0,,,,,,,,,,,,0,,0.043120282378422296,23.19094274995767,2026-10-08T23:21:15.963886+00:00,retrospective_history_only,experimental
2026020058,2026-10-08,8480950,Ilya Lyubushkin,NSH,MTL,0,1,2026-10-08T23:00:00Z,effectif actuel ; participation non confirmée,17,5,0.6,0.6,0.23071993220883702,0.0,-3.139202815737979e-17,0.0,-3.139202815737979e-17,0.0,-3.139202815737979e-17,944.8,2.2861981371718882,5,0.0,10,0.5,0.5,0.2365895936154873,0.0,-2.0052288475052677e-17,0.0,-2.0052288475052677e-17,0.0,-2.0052288475052677e-17,839.4,2.144388849177984,10,0.0,True,6,0.6666666666666666,0.5,0.1876128068994087,0.16666666666666666,0.030052585871730285,0.0,0.0,0.0,0.0,957.5,2.506527415143603,6,0.0,True,0,,,,,,,,,,,,0,,0.04260359589425241,23.472197100031845,2026-10-08T23:21:15.963886+00:00,retrospective_history_only,experimental
2026020059,2026-10-08,8480075,Cameron Crotty,OTT,PHI,1,1,2026-10-08T23:00:00Z,effectif actuel ; participation non confirmée,8,5,0.8,0.6,0.23071993220883702,0.2,0.036223160969787456,0.0,-3.139202815737979e-17,0.0,-3.139202815737979e-17,804.4,3.580308304326206,5,0.0,8,0.625,0.5,0.2152125268244419,0.125,0.02241690886329618,0.0,0.0,0.0,0.0,834.75,2.6954177897574123,8,0.0,True,5,0.6,0.6,0.23071993220883702,0.0,-3.139202815737979e-17,0.0,-3.139202815737979e-17,0.0,-3.139202815737979e-17,935.8,2.3081855097243,5,0.0,True,0,,,,,,,,,,,,0,,0.04155846532769883,24.062486237515063,2026-10-08T23:21:15.963886+00:00,retrospective_history_only,experimental
2026020061,2026-10-08,8483768,Victor Mancini,VAN,CAR,0,1,2026-10-08T23:00:00Z,effectif actuel ; participation non confirmée,15,5,1.2,0.8,0.37552826411853885,0.2,0.036223160969787456,0.2,0.036223160969787456,0.0,-3.139202815737979e-17,799.4,5.404053039779835,5,0.0,10,0.8,0.5,0.2365895936154873,0.2,0.05668094798069332,0.1,0.01787574951572113,0.0,-2.0052288475052677e-17,857.1,3.36016800840042,10,0.0,True,5,0.8,0.4,0.11761823115925325,0.2,0.036223160969787456,0.2,0.036223160969787456,0.0,-3.139202815737979e-17,781.2,3.686635944700461,5,0.0,True,0,,,,,,,,,,,,0,,0.040417758487821726,24.741599668405907,2026-10-08T23:21:15.963886+00:00,retrospective_history_only,experimental
2026020061,2026-10-08,8483678,Elias Pettersson,VAN,CAR,0,1,2026-10-08T23:00:00Z,effectif actuel ; participation non confirmée,36,5,0.8,0.6,0.23071993220883702,0.2,0.036223160969787456,0.0,-3.139202815737979e-17,0.0,-3.139202815737979e-17,948.4,3.036693378321383,5,0.2,10,0.7,0.5,0.2365895936154873,0.2,0.05668094798069332,0.0,-2.0052288475052677e-17,0.0,-2.0052288475052677e-17,916.1,2.750791398318961,10,0.2,True,10,0.7,0.5,0.2365895936154873,0.2,0.05668094798069332,0.0,-2.0052288475052677e-17,0.0,-2.0052288475052677e-17,949.3,2.6545875908564205,10,0.0,True,0,,,,,,,,,,,,0,,0.04029397510390815,24.817606042125366,2026-10-08T23:21:15.963886+00:00,retrospective_history_only,experimental
2026020057,2026-10-08,8476891,Matt Grzelcyk,BUF,DAL,1,1,2026-10-08T23:00:00Z,effectif actuel ; participation non confirmée,22,5,0.2,0.2,0.036223160969787456,0.0,-3.139202815737979e-17,0.0,-3.139202815737979e-17,0.0,-3.139202815737979e-17,835.2,0.8620689655172413,5,0.0,10,0.6,0.3,0.10778928748621182,0.2,0.05668094798069332,0.1,0.01787574951572113,0.0,-2.0052288475052677e-17,935.7,2.3084321898044244,10,0.0,True,9,0.4444444444444444,0.2222222222222222,0.0632237623122272,0.2222222222222222,0.0632237623122272,0.0,0.0,0.0,0.0,900.2222222222222,1.7773389286595902,9,0.0,True,0,,,,,,,,,,,,0,,0.03949383834056212,25.320405461146347,2026-10-08T23:21:15.963886+00:00,retrospective_history_only,experimental
2026020056,2026-10-08,8480084,Nick DeSimone,UTA,BOS,0,1,2026-10-08T23:00:00Z,effectif actuel ; participation non confirmée,16,5,0.6,0.4,0.11761823115925325,0.2,0.036223160969787456,0.0,-3.139202815737979e-17,0.0,-3.139202815737979e-17,815.0,2.6503067484662575,5,0.0,10,0.6,0.5,0.2365895936154873,0.1,0.01787574951572113,0.0,-2.0052288475052677e-17,0.0,-2.0052288475052677e-17,874.9,2.468853583266659,10,0.0,True,9,0.3333333333333333,0.3333333333333333,0.12058159868274292,0.0,0.0,0.0,0.0,0.0,0.0,885.5555555555555,1.355081555834379,9,0.0,True,0,,,,,,,,,,,,0,,0.038258472942097416,26.138000894950977,2026-10-08T23:21:15.963886+00:00,retrospective_history_only,experimental
2026020057,2026-10-08,8482803,Olen Zellweger,BUF,DAL,1,1,2026-10-08T23:00:00Z,effectif actuel ; participation non confirmée,31,5,0.6,0.6,0.23071993220883702,0.0,-3.139202815737979e-17,0.0,-3.139202815737979e-17,0.0,-3.139202815737979e-17,834.8,2.5874460948730236,5,0.0,10,0.7,0.6,0.3126695474501863,0.1,0.01787574951572113,0.0,-2.0052288475052677e-17,0.0,-2.0052288475052677e-17,815.0,3.0920245398773005,10,0.0,True,10,1.1,0.7,0.3967732199795652,0.3,0.10778928748621182,0.1,0.01787574951572113,0.0,-2.0052288475052677e-17,870.9,4.547020323802962,10,0.0,True,0,,,,,,,,,,,,0,,0.03688574151614262,27.110746833227182,2026-10-08T23:21:15.963886+00:00,retrospective_history_only,experimental
2026020058,2026-10-08,8482964,Arber Xhekaj,MTL,NSH,1,1,2026-10-08T23:00:00Z,effectif actuel ; participation non confirmée,23,5,0.4,0.2,0.036223160969787456,0.2,0.036223160969787456,0.0,-3.139202815737979e-17,0.0,-3.139202815737979e-17,812.4,1.7725258493353029,5,0.0,10,0.4,0.3,0.10778928748621182,0.1,0.01787574951572113,0.0,-2.0052288475052677e-17,0.0,-2.0052288475052677e-17,778.5,1.8497109826589595,10,0.0,True,10,0.5,0.4,0.16817758120350967,0.1,0.01787574951572113,0.0,-2.0052288475052677e-17,0.0,-2.0052288475052677e-17,697.4,2.581015199311729,10,0.0,True,0,,,,,,,,,,,,0,,0.034355813637682496,29.107155212390886,2026-10-08T23:21:15.963886+00:00,retrospective_history_only,experimental
2026020057,2026-10-08,8478476,Kyle Capobianco,DAL,BUF,0,1,2026-10-08T23:00:00Z,effectif actuel ; participation non confirmée,8,5,0.6,0.6,0.23071993220883702,0.0,-3.139202815737979e-17,0.0,-3.139202815737979e-17,0.0,-3.139202815737979e-17,738.2,2.9260363045245192,5,0.0,8,0.5,0.5,0.2152125268244419,0.0,0.0,0.0,0.0,0.0,0.0,713.25,2.5236593059936907,8,0.0,True,4,0.75,0.75,0.30063605244263664,0.0,0.0,0.0,0.0,0.0,0.0,745.5,3.6217303822937628,4,0.0,True,0,,,,,,,,,,,,0,,0.03419435235490484,29.244595412159047,2026-10-08T23:21:15.963886+00:00,retrospective_history_only,experimental
2026020061,2026-10-08,8474568,Luke Schenn,VAN,CAR,0,1,2026-10-08T23:00:00Z,effectif actuel ; participation non confirmée,21,5,0.6,0.4,0.11761823115925325,0.2,0.036223160969787456,0.0,-3.139202815737979e-17,0.0,-3.139202815737979e-17,747.8,2.888472853704199,5,0.0,10,0.6,0.4,0.16817758120350967,0.2,0.05668094798069332,0.0,-2.0052288475052677e-17,0.0,-2.0052288475052677e-17,773.1,2.7939464493597206,10,0.0,True,9,0.6666666666666666,0.4444444444444444,0.188775429471914,0.2222222222222222,0.0632237623122272,0.0,0.0,0.0,0.0,821.5555555555555,2.9212875304300785,9,0.0,True,0,,,,,,,,,,,,0,,0.03295436018978023,30.344998180547865,2026-10-08T23:21:15.963886+00:00,retrospective_history_only,experimental
2026020058,2026-10-08,8482072,Jack Ahcan,NSH,MTL,0,1,2026-10-08T23:00:00Z,effectif actuel ; participation non confirmée,7,5,1.0,0.6,0.23071993220883702,0.4,0.11761823115925325,0.0,-3.139202815737979e-17,0.0,-3.139202815737979e-17,580.8,6.198347107438017,5,0.0,7,0.8571428571428571,0.5714285714285714,0.2504542304090258,0.2857142857142857,0.08221716570901548,0.0,0.0,0.0,0.0,621.4285714285714,4.9655172413793105,7,0.0,True,4,1.25,0.75,0.30063605244263664,0.5,0.15003570882017145,0.0,0.0,0.0,0.0,638.75,7.045009784735812,4,0.0,True,0,,,,,,,,,,,,0,,0.030962509621292968,32.29712359337624,2026-10-08T23:21:15.963886+00:00,retrospective_history_only,experimental
2026020056,2026-10-08,8483505,Matthew Poitras,BOS,UTA,1,0,2026-10-08T23:00:00Z,effectif actuel ; participation non confirmée,4,4,2.0,0.75,0.30063605244263664,0.5,0.15003570882017145,0.25,0.045586062644636216,0.25,0.045586062644636216,717.25,10.038340885325898,4,0.25,4,2.0,0.75,0.30063605244263664,0.5,0.15003570882017145,0.25,0.045586062644636216,0.25,0.045586062644636216,717.25,10.038340885325898,4,0.25,True,2,2.5,0.5,0.09452865480086611,0.5,0.09452865480086611,0.5,0.09452865480086611,0.5,0.09452865480086611,688.0,13.081395348837209,2,0.0,True,0,,,,,,,,,,,,0,,,,2026-10-08T23:21:15.963886+00:00,retrospective_history_only,historique insuffisant
2026020056,2026-10-08,8483017,Frederic Brunet,BOS,UTA,1,1,2026-10-08T23:00:00Z,effectif actuel ; participation non confirmée,1,1,1.0,1.0,0.20654329147389294,0.0,0.0,0.0,0.0,0.0,0.0,1123.0,3.205699020480855,1,0.0,1,1.0,1.0,0.20654329147389294,0.0,0.0,0.0,0.0,0.0,0.0,1123.0,3.205699020480855,1,0.0,True,1,1.0,1.0,0.20654329147389294,0.0,0.0,0.0,0.0,0.0,0.0,1123.0,3.205699020480855,1,0.0,True,0,,,,,,,,,,,,0,,,,2026-10-08T23:21:15.963886+00:00,retrospective_history_only,historique insuffisant
2026020056,2026-10-08,8483472,Maveric Lamoureux,UTA,BOS,0,1,2026-10-08T23:00:00Z,effectif actuel ; participation non confirmée,0,0,,,,,,,,,,,,0,,0,,,,,,,,,,,,0,,True,0,,,,,,,,,,,,0,,True,0,,,,,,,,,,,,0,,,,2026-10-08T23:21:15.963886+00:00,retrospective_history_only,historique insuffisant
2026020057,2026-10-08,8479941,Justin Danforth,BUF,DAL,1,0,2026-10-08T23:00:00Z,effectif actuel ; participation non confirmée,1,1,0.0,0.0,0.0,0.0,0.0,0.0,0.0,0.0,0.0,497.0,0.0,1,0.0,1,0.0,0.0,0.0,0.0,0.0,0.0,0.0,0.0,0.0,497.0,0.0,1,0.0,True,1,0.0,0.0,0.0,0.0,0.0,0.0,0.0,0.0,0.0,497.0,0.0,1,0.0,True,0,,,,,,,,,,,,0,,,,2026-10-08T23:21:15.963886+00:00,retrospective_history_only,historique insuffisant
2026020057,2026-10-08,8483468,Jiri Kulich,BUF,DAL,1,0,2026-10-08T23:00:00Z,effectif actuel ; participation non confirmée,3,3,1.3333333333333333,1.0,0.4384939195509822,0.3333333333333333,0.061490315276160515,0.0,0.0,0.0,0.0,724.0,6.629834254143646,3,0.3333333333333333,3,1.3333333333333333,1.0,0.4384939195509822,0.3333333333333333,0.061490315276160515,0.0,0.0,0.0,0.0,724.0,6.629834254143646,3,0.3333333333333333,True,2,1.5,1.0,0.3423719528896193,0.5,0.09452865480086611,0.0,0.0,0.0,0.0,823.5,6.557377049180328,2,0.5,True,0,,,,,,,,,,,,0,,,,2026-10-08T23:21:15.963886+00:00,retrospective_history_only,historique insuffisant
2026020057,2026-10-08,8475794,Tyler Seguin,DAL,BUF,0,0,2026-10-08T23:00:00Z,effectif actuel ; participation non confirmée,3,3,3.0,1.0,0.4384939195509822,1.0,0.4384939195509822,0.6666666666666666,0.20765495512648788,0.3333333333333333,0.061490315276160515,879.0,12.286689419795222,3,0.0,3,3.0,1.0,0.4384939195509822,1.0,0.4384939195509822,0.6666666666666666,0.20765495512648788,0.3333333333333333,0.061490315276160515,879.0,12.286689419795222,3,0.0,True,1,3.0,1.0,0.20654329147389294,1.0,0.20654329147389294,1.0,0.20654329147389294,0.0,0.0,754.0,14.323607427055704,1,0.0,True,0,,,,,,,,,,,,0,,,,2026-10-08T23:21:15.963886+00:00,retrospective_history_only,historique insuffisant
2026020057,2026-10-08,8477335,Kyle Burroughs,DAL,BUF,0,1,2026-10-08T23:00:00Z,effectif actuel ; participation non confirmée,0,0,,,,,,,,,,,,0,,0,,,,,,,,,,,,0,,True,0,,,,,,,,,,,,0,,True,0,,,,,,,,,,,,0,,,,2026-10-08T23:21:15.963886+00:00,retrospective_history_only,historique insuffisant
2026020058,2026-10-08,8484403,Florian Xhekaj,MTL,NSH,1,0,2026-10-08T23:00:00Z,effectif actuel ; participation non confirmée,1,1,1.0,1.0,0.20654329147389294,0.0,0.0,0.0,0.0,0.0,0.0,528.0,6.818181818181818,1,0.0,1,1.0,1.0,0.20654329147389294,0.0,0.0,0.0,0.0,0.0,0.0,528.0,6.818181818181818,1,0.0,True,1,1.0,1.0,0.20654329147389294,0.0,0.0,0.0,0.0,0.0,0.0,528.0,6.818181818181818,1,0.0,True,0,,,,,,,,,,,,0,,,,2026-10-08T23:21:15.963886+00:00,retrospective_history_only,historique insuffisant
2026020058,2026-10-08,8483686,Adam Engstrom,MTL,NSH,1,1,2026-10-08T23:00:00Z,effectif actuel ; participation non confirmée,4,4,1.0,1.0,0.5100999795960008,0.0,0.0,0.0,0.0,0.0,0.0,867.75,4.148660328435609,4,0.0,4,1.0,1.0,0.5100999795960008,0.0,0.0,0.0,0.0,0.0,0.0,867.75,4.148660328435609,4,0.0,True,3,1.0,1.0,0.4384939195509822,0.0,0.0,0.0,0.0,0.0,0.0,847.6666666666666,4.246952418403461,3,0.0,True,0,,,,,,,,,,,,0,,,,2026-10-08T23:21:15.963886+00:00,retrospective_history_only,historique insuffisant
2026020058,2026-10-08,8486189,Vitali Pinchuk,NSH,MTL,0,0,2026-10-08T23:00:00Z,effectif actuel ; participation non confirmée,0,0,,,,,,,,,,,,0,,0,,,,,,,,,,,,0,,True,0,,,,,,,,,,,,0,,True,0,,,,,,,,,,,,0,,,,2026-10-08T23:21:15.963886+00:00,retrospective_history_only,historique insuffisant
2026020058,2026-10-08,8482806,William Trudeau,NSH,MTL,0,1,2026-10-08T23:00:00Z,effectif actuel ; participation non confirmée,2,2,1.0,1.0,0.3423719528896193,0.0,0.0,0.0,0.0,0.0,0.0,686.5,5.243991260014567,2,0.0,2,1.0,1.0,0.3423719528896193,0.0,0.0,0.0,0.0,0.0,0.0,686.5,5.243991260014567,2,0.0,True,1,1.0,1.0,0.20654329147389294,0.0,0.0,0.0,0.0,0.0,0.0,638.0,5.6426332288401255,1,0.0,True,0,,,,,,,,,,,,0,,,,2026-10-08T23:21:15.963886+00:00,retrospective_history_only,historique insuffisant
2026020059,2026-10-08,8478173,Hayden Hodgson,OTT,PHI,1,0,2026-10-08T23:00:00Z,effectif actuel ; participation non confirmée,3,3,0.3333333333333333,0.3333333333333333,0.061490315276160515,0.0,0.0,0.0,0.0,0.0,0.0,475.0,2.526315789473684,3,0.0,3,0.3333333333333333,0.3333333333333333,0.061490315276160515,0.0,0.0,0.0,0.0,0.0,0.0,475.0,2.526315789473684,3,0.0,True,1,1.0,1.0,0.20654329147389294,0.0,0.0,0.0,0.0,0.0,0.0,780.0,4.615384615384615,1,0.0,True,0,,,,,,,,,,,,0,,,,2026-10-08T23:21:15.963886+00:00,retrospective_history_only,historique insuffisant
2026020059,2026-10-08,8475253,Garrett Wilson,PHI,OTT,0,0,2026-10-08T23:00:00Z,effectif actuel ; participation non confirmée,3,3,1.0,0.6666666666666666,0.20765495512648788,0.3333333333333333,0.061490315276160515,0.0,0.0,0.0,0.0,520.6666666666666,6.914212548015365,3,0.0,3,1.0,0.6666666666666666,0.20765495512648788,0.3333333333333333,0.061490315276160515,0.0,0.0,0.0,0.0,520.6666666666666,6.914212548015365,3,0.0,True,2,1.0,0.5,0.09452865480086611,0.5,0.09452865480086611,0.0,0.0,0.0,0.0,544.5,6.6115702479338845,2,0.0,True,0,,,,,,,,,,,,0,,,,2026-10-08T23:21:15.963886+00:00,retrospective_history_only,historique insuffisant
2026020060,2026-10-08,8486166,Viking Gustafsson Nyberg,MIN,TBL,0,1,2026-10-08T23:00:00Z,effectif actuel ; participation non confirmée,2,2,0.0,0.0,0.0,0.0,0.0,0.0,0.0,0.0,0.0,1277.5,0.0,2,0.0,2,0.0,0.0,0.0,0.0,0.0,0.0,0.0,0.0,0.0,1277.5,0.0,2,0.0,True,1,0.0,0.0,0.0,0.0,0.0,0.0,0.0,0.0,0.0,1317.0,0.0,1,0.0,True,0,,,,,,,,,,,,0,,,,2026-10-08T23:21:15.963886+00:00,retrospective_history_only,historique insuffisant
2026020060,2026-10-08,8483766,David Spacek,MIN,TBL,0,1,2026-10-08T23:00:00Z,effectif actuel ; participation non confirmée,1,1,0.0,0.0,0.0,0.0,0.0,0.0,0.0,0.0,0.0,571.0,0.0,1,0.0,1,0.0,0.0,0.0,0.0,0.0,0.0,0.0,0.0,0.0,571.0,0.0,1,0.0,True,1,0.0,0.0,0.0,0.0,0.0,0.0,0.0,0.0,0.0,571.0,0.0,1,0.0,True,0,,,,,,,,,,,,0,,,,2026-10-08T23:21:15.963886+00:00,retrospective_history_only,historique insuffisant
2026020061,2026-10-08,8479976,Juuso Välimäki,CAR,VAN,1,1,2026-10-08T23:00:00Z,effectif actuel ; participation non confirmée,0,0,,,,,,,,,,,,0,,0,,,,,,,,,,,,0,,True,0,,,,,,,,,,,,0,,True,0,,,,,,,,,,,,0,,,,2026-10-08T23:21:15.963886+00:00,retrospective_history_only,historique insuffisant
2026020061,2026-10-08,8483395,Arshdeep Bains,VAN,CAR,0,0,2026-10-08T23:00:00Z,effectif actuel ; participation non confirmée,4,4,0.75,0.5,0.15003570882017145,0.25,0.045586062644636216,0.0,0.0,0.0,0.0,712.25,3.790803790803791,4,0.25,4,0.75,0.5,0.15003570882017145,0.25,0.045586062644636216,0.0,0.0,0.0,0.0,712.25,3.790803790803791,4,0.25,True,1,0.0,0.0,0.0,0.0,0.0,0.0,0.0,0.0,0.0,652.0,0.0,1,0.0,True,0,,,,,,,,,,,,0,,,,2026-10-08T23:21:15.963886+00:00,retrospective_history_only,historique insuffisant
2026020061,2026-10-08,8478465,Guillaume Brisebois,VAN,CAR,0,1,2026-10-08T23:00:00Z,effectif actuel ; participation non confirmée,0,0,,,,,,,,,,,,0,,0,,,,,,,,,,,,0,,True,0,,,,,,,,,,,,0,,True,0,,,,,,,,,,,,0,,,,2026-10-08T23:21:15.963886+00:00,retrospective_history_only,historique insuffisant
